timestamp,temperature,humidity,dew_point,feels_like,pressure,surface_pressure,clouds,wind_speed,wind_direction,wind_gust,precipitation,pm10,pm2_5,co,no2,so2,o3
2026-05-19 00:00:00+00:00,30.8,43,16.6,32.7,999.6,975.9,0,2.4,27,8.3,0.0,69.8,53.8,834.0,54.2,15.1,22.0
2026-05-19 01:00:00+00:00,30.5,43,16.5,32.0,1000.4,976.7,0,5.2,112,9.7,0.0,66.6,53.8,889.0,49.8,16.0,39.0
2026-05-19 02:00:00+00:00,32.5,38,16.5,34.0,1001.0,977.4,0,5.0,154,13.0,0.0,63.1,52.6,968.0,43.3,17.2,64.0
2026-05-19 03:00:00+00:00,34.7,30,14.5,35.4,1001.8,978.3,0,5.3,162,16.2,0.0,68.9,47.5,964.0,35.8,17.8,93.0
2026-05-19 04:00:00+00:00,36.7,25,13.2,36.9,1001.9,978.6,0,5.0,178,17.6,0.0,72.4,41.6,792.0,26.5,17.3,130.0
2026-05-19 05:00:00+00:00,38.6,21,12.5,39.4,1002.0,978.8,0,6.4,198,21.2,0.0,59.6,34.2,536.0,16.2,16.1,170.0
2026-05-19 06:00:00+00:00,40.4,17,11.0,40.9,1002.2,979.2,0,9.9,205,25.6,0.0,48.1,27.4,344.0,8.4,14.6,196.0
2026-05-19 07:00:00+00:00,41.5,14,9.0,41.7,1001.6,978.6,0,10.0,200,30.2,0.0,75.9,29.6,283.0,4.9,12.4,196.0
2026-05-19 08:00:00+00:00,42.3,12,6.4,42.0,1000.8,977.9,0,9.6,193,30.2,0.0,101.3,29.8,285.0,4.0,9.9,182.0
2026-05-19 09:00:00+00:00,42.7,10,4.5,41.4,999.9,977.1,0,10.7,185,30.6,0.0,86.4,25.8,300.0,3.9,7.9,168.0
2026-05-19 10:00:00+00:00,42.4,9,3.7,40.0,999.4,976.6,0,12.4,178,34.6,0.0,68.5,22.0,291.0,2.1,6.6,162.0
2026-05-19 11:00:00+00:00,41.9,10,4.3,39.0,999.0,976.1,0,10.6,181,34.2,0.0,53.3,18.9,295.0,1.1,5.9,157.0
2026-05-19 12:00:00+00:00,41.9,10,4.5,39.2,998.6,975.7,3,8.9,212,29.5,0.0,19.9,10.6,364.0,7.3,4.9,135.0
2026-05-19 13:00:00+00:00,40.0,15,8.2,38.1,998.6,975.6,2,9.4,257,23.8,0.0,19.4,14.5,551.0,27.1,7.1,106.0
2026-05-19 14:00:00+00:00,37.5,21,11.8,36.6,998.9,975.7,1,9.9,270,23.4,0.0,30.9,26.9,804.0,54.4,10.1,67.0
2026-05-19 15:00:00+00:00,36.4,23,12.2,35.6,999.2,975.9,0,9.7,254,20.9,0.0,36.4,33.4,1021.0,74.0,12.5,37.0
2026-05-19 16:00:00+00:00,35.0,26,12.7,34.7,999.7,976.3,0,7.1,276,19.1,0.0,37.3,34.0,1176.0,78.6,13.6,28.0
2026-05-19 17:00:00+00:00,33.5,27,12.2,33.4,1000.5,977.0,0,5.3,57,12.6,0.0,40.2,36.1,1295.0,75.6,14.0,28.0
2026-05-19 18:00:00+00:00,34.0,30,13.8,34.5,1000.1,976.6,0,4.6,54,14.8,0.0,47.8,42.6,1360.0,72.3,14.2,28.0
2026-05-19 19:00:00+00:00,33.6,31,14.4,34.6,999.9,976.4,0,2.5,69,8.6,0.0,57.2,50.3,1362.0,71.1,14.2,23.0
2026-05-19 20:00:00+00:00,32.9,31,13.6,33.5,999.5,976.0,0,3.9,56,6.1,0.0,62.4,53.9,1310.0,69.6,14.0,17.0
2026-05-19 21:00:00+00:00,32.0,31,12.6,31.9,999.2,975.6,0,6.0,95,10.1,0.0,66.4,55.2,1208.0,67.6,13.7,12.0
2026-05-19 22:00:00+00:00,30.9,32,12.3,30.7,999.3,975.6,0,6.1,71,11.2,0.0,70.5,56.3,996.0,65.5,13.4,7.0
2026-05-19 23:00:00+00:00,29.8,35,12.6,29.6,999.5,975.7,0,6.4,68,11.9,0.0,74.7,57.7,735.0,62.9,13.0,4.0
2026-05-20 00:00:00+00:00,30.8,36,14.1,31.5,999.4,975.7,0,3.6,99,11.2,0.0,73.1,54.7,605.0,47.3,12.5,20.0
2026-05-20 01:00:00+00:00,30.4,37,14.0,30.8,999.8,976.1,0,5.9,102,11.5,0.0,75.2,54.5,761.0,44.9,13.0,37.0
2026-05-20 02:00:00+00:00,31.9,34,14.3,32.7,1000.3,976.7,0,4.0,126,11.5,0.0,73.6,56.9,1049.0,41.2,13.7,62.0
2026-05-20 03:00:00+00:00,34.2,30,14.4,35.2,1000.7,977.2,0,3.1,149,12.6,0.0,83.4,57.7,1190.0,35.8,14.6,93.0
2026-05-20 04:00:00+00:00,37.7,23,13.1,38.3,1000.7,977.5,0,2.4,189,11.9,0.0,85.0,53.0,1022.0,27.3,16.1,139.0
2026-05-20 05:00:00+00:00,40.4,15,9.1,40.4,1000.5,977.5,0,5.0,193,17.6,0.0,75.7,44.2,706.0,17.1,17.8,191.0
2026-05-20 06:00:00+00:00,41.9,12,7.1,41.5,1000.4,977.5,0,8.6,190,24.8,0.0,82.9,40.9,454.0,9.3,18.2,225.0
2026-05-20 07:00:00+00:00,42.4,13,7.9,42.4,1000.0,977.1,0,9.6,197,29.2,0.0,89.4,35.3,348.0,5.6,16.3,226.0
2026-05-20 08:00:00+00:00,42.7,13,8.3,42.8,999.1,976.3,1,9.7,211,29.5,0.0,80.8,31.5,304.0,4.4,13.1,209.0
2026-05-20 09:00:00+00:00,42.7,14,9.1,42.5,998.2,975.4,5,10.3,221,31.0,0.0,78.7,30.4,285.0,4.1,10.8,192.0
2026-05-20 10:00:00+00:00,42.5,15,10.0,41.8,997.6,974.8,18,10.6,227,31.0,0.0,78.0,29.8,269.0,3.2,10.3,185.0
2026-05-20 11:00:00+00:00,41.8,16,11.0,40.4,997.4,974.6,58,11.3,233,31.3,0.0,76.4,29.3,277.0,3.4,10.7,178.0
2026-05-20 12:00:00+00:00,42.1,15,10.2,40.6,996.5,973.7,19,10.0,219,31.3,0.0,51.2,18.5,334.0,8.2,8.9,143.0
2026-05-20 13:00:00+00:00,40.9,17,11.0,39.8,996.7,973.8,27,9.3,227,26.3,0.0,43.0,21.1,495.0,22.0,10.1,115.0
2026-05-20 14:00:00+00:00,39.2,21,13.0,38.6,997.2,974.2,22,10.6,247,23.4,0.0,44.0,26.8,704.0,40.7,11.6,77.0
2026-05-20 15:00:00+00:00,38.0,23,13.1,37.5,998.1,975.0,6,10.1,259,22.3,0.0,43.9,30.2,822.0,52.8,12.6,51.0
2026-05-20 16:00:00+00:00,36.7,26,13.9,36.8,998.9,975.7,16,8.0,261,20.2,0.0,43.9,31.4,764.0,52.0,12.4,47.0
2026-05-20 17:00:00+00:00,35.6,30,15.3,36.4,999.2,975.9,1,6.0,224,15.5,0.0,44.7,31.8,614.0,44.5,11.7,55.0
2026-05-20 18:00:00+00:00,35.3,33,16.8,36.5,998.6,975.3,0,8.1,223,14.8,0.0,45.1,31.2,488.0,37.4,11.1,62.0
2026-05-20 19:00:00+00:00,33.1,40,17.8,34.6,998.9,975.4,0,9.2,301,20.5,0.0,44.1,29.8,428.0,32.5,10.8,66.0
2026-05-20 20:00:00+00:00,32.8,38,16.6,33.4,998.8,975.3,0,11.5,352,20.9,0.0,43.0,28.8,392.0,28.1,10.7,70.0
2026-05-20 21:00:00+00:00,32.5,30,12.5,31.9,998.6,975.0,0,8.9,351,24.5,0.0,42.7,28.6,365.0,25.8,10.6,70.0
2026-05-20 22:00:00+00:00,31.5,30,11.8,29.8,999.3,975.7,1,14.7,335,29.9,0.0,44.8,29.8,339.0,27.6,10.7,61.0
2026-05-20 23:00:00+00:00,29.9,33,11.9,28.1,1000.2,976.4,31,15.9,355,41.8,0.0,47.6,32.1,323.0,31.5,11.0,48.0
2026-05-21 00:00:00+00:00,31.7,30,12.0,29.8,1000.4,976.7,13,16.6,347,36.0,0.0,37.1,24.9,325.0,19.8,9.4,62.0
2026-05-21 01:00:00+00:00,31.7,28,10.9,29.6,1000.8,977.1,13,16.4,9,36.4,0.2,39.7,25.5,367.0,20.9,9.4,67.0
2026-05-21 02:00:00+00:00,32.6,27,11.0,31.4,1001.4,977.8,9,10.4,330,35.3,0.0,42.8,28.0,427.0,22.1,9.4,75.0
2026-05-21 03:00:00+00:00,33.7,24,10.5,32.2,1002.4,978.8,1,11.3,338,33.1,0.0,48.9,29.0,448.0,21.3,9.2,88.0
2026-05-21 04:00:00+00:00,36.2,22,10.9,34.9,1002.3,978.9,1,10.6,11,28.1,0.0,49.2,26.3,388.0,16.3,8.7,112.0
2026-05-21 05:00:00+00:00,38.7,18,10.5,37.9,1002.0,978.8,2,11.7,21,31.7,0.0,47.5,23.4,288.0,9.2,7.9,141.0
2026-05-21 06:00:00+00:00,39.2,17,10.0,38.2,1002.6,979.5,0,15.7,18,34.6,0.0,53.6,23.9,214.0,4.0,7.1,159.0
2026-05-21 07:00:00+00:00,40.1,17,10.5,39.9,1001.9,978.8,0,14.3,19,40.0,0.0,54.0,23.5,195.0,2.4,6.2,156.0
2026-05-21 08:00:00+00:00,40.9,16,10.1,40.7,1001.5,978.5,8,13.3,13,38.2,0.0,49.5,21.4,201.0,2.8,5.2,142.0
2026-05-21 09:00:00+00:00,41.8,13,7.6,40.4,1000.5,977.6,19,13.9,11,37.4,0.0,44.6,19.2,212.0,3.5,4.5,130.0
2026-05-21 10:00:00+00:00,40.7,15,9.0,38.2,999.8,976.8,14,15.2,10,39.6,0.0,43.5,18.5,217.0,2.2,4.0,127.0
2026-05-21 11:00:00+00:00,40.8,15,9.2,38.9,999.7,976.7,9,11.7,13,38.9,0.0,46.6,18.6,227.0,1.2,3.9,126.0
2026-05-21 12:00:00+00:00,41.6,12,6.3,39.4,998.7,975.8,30,8.6,334,32.0,0.0,47.5,19.0,245.0,6.9,4.9,118.0
2026-05-21 13:00:00+00:00,40.7,13,6.6,38.2,998.8,975.8,12,10.7,325,26.6,0.0,48.1,25.4,282.0,24.5,6.6,92.0
2026-05-21 14:00:00+00:00,39.3,15,7.5,37.2,999.4,976.3,20,9.6,322,26.6,0.0,56.1,34.7,328.0,48.1,8.9,57.0
2026-05-21 15:00:00+00:00,38.0,16,8.1,36.0,1000.2,977.0,18,10.2,318,22.0,0.0,54.7,34.6,357.0,60.4,10.4,37.0
2026-05-21 16:00:00+00:00,36.1,22,11.1,34.7,1001.2,977.9,57,11.9,322,29.5,0.0,49.7,28.2,356.0,50.1,10.2,47.0
2026-05-21 17:00:00+00:00,35.0,24,11.4,33.7,1001.8,978.4,86,11.5,329,26.6,0.0,48.3,25.6,337.0,28.6,9.1,72.0
2026-05-21 18:00:00+00:00,33.6,33,15.2,32.8,1002.5,978.9,95,17.4,310,27.7,0.0,47.1,25.3,316.0,12.2,8.3,91.0
2026-05-21 19:00:00+00:00,31.8,39,16.3,31.0,1003.0,979.3,91,19.6,324,46.8,0.0,46.8,25.4,295.0,8.1,8.1,96.0
2026-05-21 20:00:00+00:00,29.7,41,15.2,28.8,1003.9,980.0,95,18.0,352,48.2,0.0,48.2,25.9,271.0,9.2,8.2,95.0
2026-05-21 21:00:00+00:00,28.0,48,16.1,28.3,1003.6,979.6,100,12.1,360,41.4,0.0,51.7,26.9,252.0,10.7,8.3,92.0
2026-05-21 22:00:00+00:00,28.4,47,16.0,28.3,1003.9,979.9,55,14.4,347,33.8,0.0,56.7,28.3,236.0,11.0,8.4,88.0
2026-05-21 23:00:00+00:00,28.2,46,15.5,28.3,1003.7,979.7,92,11.5,8,34.2,0.0,61.5,29.7,225.0,11.8,8.6,83.0
2026-05-22 00:00:00+00:00,26.9,58,18.0,28.5,1004.6,980.5,88,8.5,331,25.9,0.0,65.7,29.0,232.0,14.2,7.6,73.0
2026-05-22 01:00:00+00:00,28.1,51,17.0,29.3,1004.0,980.0,63,8.0,74,17.6,0.0,54.7,26.7,276.0,15.7,7.6,75.0
2026-05-22 02:00:00+00:00,30.0,43,16.0,31.0,1004.8,980.9,52,7.1,54,18.7,0.0,55.4,26.1,338.0,17.6,7.6,78.0
2026-05-22 03:00:00+00:00,31.4,39,15.9,32.2,1005.6,981.8,2,8.3,56,24.5,0.0,59.6,27.1,372.0,17.6,7.4,86.0
2026-05-22 04:00:00+00:00,34.2,31,14.8,34.6,1005.7,982.1,0,7.8,83,23.0,0.0,68.7,28.2,346.0,13.9,7.0,105.0
2026-05-22 05:00:00+00:00,36.7,24,12.9,37.3,1005.9,982.5,0,7.5,107,24.1,0.0,71.2,28.1,292.0,8.4,6.5,130.0
2026-05-22 06:00:00+00:00,38.0,19,10.3,38.5,1005.8,982.5,0,7.9,74,23.8,0.0,70.5,26.1,258.0,4.2,6.0,148.0
2026-05-22 07:00:00+00:00,39.3,17,10.1,41.0,1005.4,982.2,5,3.1,62,23.8,0.0,81.5,26.6,268.0,2.8,5.6,154.0
2026-05-22 08:00:00+00:00,39.4,18,10.7,40.4,1004.9,981.7,33,6.6,217,23.0,0.0,96.2,28.9,297.0,2.8,5.3,154.0
2026-05-22 09:00:00+00:00,39.2,19,11.5,39.6,1003.7,980.5,28,7.2,233,27.4,0.1,102.0,30.3,320.0,3.3,5.4,153.0
2026-05-22 10:00:00+00:00,39.3,19,11.4,39.2,1003.3,980.1,42,7.0,266,24.5,0.0,104.1,31.2,282.0,2.4,5.9,156.0
2026-05-22 11:00:00+00:00,38.7,20,11.5,37.6,1003.4,980.2,56,9.9,297,30.2,0.0,103.6,31.7,238.0,2.1,6.8,157.0
2026-05-22 12:00:00+00:00,38.5,19,10.6,37.1,1002.7,979.5,2,10.8,272,27.7,0.0,64.3,24.2,322.0,6.5,8.3,149.0
2026-05-22 13:00:00+00:00,37.7,20,11.2,36.4,1002.7,979.4,1,11.4,276,29.2,0.0,69.4,26.3,674.0,18.4,9.4,126.0
2026-05-22 14:00:00+00:00,36.4,23,12.2,35.6,1003.1,979.7,1,10.3,264,29.2,0.0,59.6,30.7,1155.0,34.9,10.8,95.0
2026-05-22 15:00:00+00:00,35.5,25,12.7,35.1,1003.5,980.1,2,7.9,287,23.0,0.0,61.0,36.2,1479.0,48.8,12.0,68.0
2026-05-22 16:00:00+00:00,34.5,28,13.6,34.9,1004.0,980.5,2,5.3,308,16.6,0.0,60.8,39.0,1509.0,58.0,12.7,51.0
2026-05-22 17:00:00+00:00,33.4,31,14.1,34.3,1004.1,980.5,0,3.2,236,11.2,0.0,64.7,43.7,1383.0,64.5,13.1,39.0
2026-05-22 18:00:00+00:00,33.6,31,14.0,33.9,1003.6,980.0,0,6.7,344,10.8,0.0,67.1,46.3,1227.0,66.7,13.0,31.0
2026-05-22 19:00:00+00:00,32.7,32,13.8,32.8,1003.4,979.7,0,7.6,357,15.5,0.0,63.3,43.4,1066.0,61.6,11.9,30.0
2026-05-22 20:00:00+00:00,31.8,34,14.0,32.0,1003.5,979.8,0,7.1,344,16.2,0.0,60.8,40.9,875.0,52.3,10.4,33.0
2026-05-22 21:00:00+00:00,30.9,36,14.2,31.3,1003.4,979.6,0,6.5,346,15.1,0.0,61.0,41.0,705.0,46.4,9.3,33.0
2026-05-22 22:00:00+00:00,30.2,38,14.4,30.8,1003.3,979.5,50,5.7,349,13.3,0.0,63.6,42.7,544.0,49.1,9.4,24.0
2026-05-22 23:00:00+00:00,28.6,44,15.1,28.2,1005.0,981.0,98,14.2,282,32.0,0.0,69.6,46.9,404.0,55.1,10.0,12.0
2026-05-23 00:00:00+00:00,30.2,42,16.0,31.4,1004.1,980.2,43,5.9,301,37.1,1.4,64.7,43.4,367.0,40.3,9.5,29.0
2026-05-23 01:00:00+00:00,29.9,48,17.7,32.4,1004.2,980.3,11,1.7,108,12.6,0.4,71.9,47.7,541.0,36.9,10.5,47.0
2026-05-23 02:00:00+00:00,31.5,42,17.0,33.0,1004.3,980.5,5,6.6,112,16.6,0.0,78.9,50.8,818.0,32.0,11.9,73.0
2026-05-23 03:00:00+00:00,34.0,34,15.8,35.6,1004.7,981.1,4,2.3,148,16.9,0.0,93.1,48.4,960.0,26.3,12.9,100.0
2026-05-23 04:00:00+00:00,36.1,28,14.5,37.0,1005.3,981.9,0,3.7,321,14.4,0.0,98.0,45.9,822.0,19.1,13.1,131.0
2026-05-23 05:00:00+00:00,36.8,28,15.4,38.8,1005.3,981.9,0,4.7,356,20.9,0.0,99.7,41.9,549.0,11.1,12.8,163.0
2026-05-23 06:00:00+00:00,39.0,19,11.1,40.3,1005.1,981.9,19,4.8,259,18.7,0.0,102.4,38.3,336.0,5.2,12.2,184.0
2026-05-23 07:00:00+00:00,39.9,17,10.2,40.4,1004.4,981.3,20,7.9,257,25.9,0.0,96.2,35.2,263.0,2.9,11.2,186.0
2026-05-23 08:00:00+00:00,40.0,17,10.0,39.8,1003.8,980.7,37,10.9,264,31.7,0.0,89.2,32.7,249.0,2.7,10.0,176.0
2026-05-23 09:00:00+00:00,39.8,17,10.2,38.9,1003.1,980.0,27,13.5,272,37.4,0.0,80.3,29.7,250.0,3.1,9.0,167.0
2026-05-23 10:00:00+00:00,39.7,18,10.7,38.5,1002.7,979.6,17,13.9,273,38.2,0.0,72.6,27.5,248.0,3.2,8.5,162.0
2026-05-23 11:00:00+00:00,39.3,18,10.5,37.4,1002.4,979.3,14,13.5,284,38.2,0.0,66.1,25.8,261.0,3.8,8.2,158.0
2026-05-23 12:00:00+00:00,40.0,13,6.7,37.4,1001.7,978.6,16,11.6,286,36.0,0.0,60.8,23.5,295.0,6.1,9.1,154.0
2026-05-23 13:00:00+00:00,38.9,16,8.5,36.8,1002.1,978.9,6,11.2,274,30.2,0.0,49.6,23.7,357.0,14.8,9.6,134.0
2026-05-23 14:00:00+00:00,37.0,21,10.9,36.2,1002.3,979.0,5,7.4,293,28.1,0.0,47.0,27.4,442.0,27.0,10.3,105.0
2026-05-23 15:00:00+00:00,35.9,23,11.3,35.5,1002.3,978.9,2,5.2,20,16.9,0.0,48.2,29.9,536.0,36.8,10.8,81.0
2026-05-23 16:00:00+00:00,34.8,25,11.7,34.6,1002.8,979.3,6,4.5,5,11.9,0.0,47.1,29.6,663.0,42.5,10.9,65.0
2026-05-23 17:00:00+00:00,33.6,27,12.3,33.6,1003.0,979.4,7,4.7,4,10.1,0.0,48.7,31.8,800.0,45.8,10.8,53.0
2026-05-23 18:00:00+00:00,34.6,27,13.0,34.5,1003.0,979.5,16,6.9,327,9.4,0.0,52.5,36.1,868.0,46.3,10.5,45.0
2026-05-23 19:00:00+00:00,33.4,29,13.2,33.3,1002.5,978.9,21,7.4,360,14.4,0.0,52.9,37.3,813.0,42.7,9.8,44.0
2026-05-23 20:00:00+00:00,32.5,32,13.5,32.6,1002.2,978.6,41,6.7,341,14.4,0.0,49.1,35.0,689.0,36.4,8.8,47.0
2026-05-23 21:00:00+00:00,31.1,34,13.6,31.0,1002.2,978.5,22,8.9,18,19.4,0.0,45.5,32.2,584.0,30.9,8.0,50.0
2026-05-23 22:00:00+00:00,31.0,33,12.7,30.5,1001.9,978.2,52,9.0,23,19.4,0.0,43.1,30.5,534.0,27.7,7.4,49.0
2026-05-23 23:00:00+00:00,30.4,33,12.2,29.9,1002.1,978.3,2,7.9,30,27.4,0.0,41.4,29.3,502.0,25.4,6.9,48.0
2026-05-24 00:00:00+00:00,30.7,38,14.7,31.3,1002.5,978.7,3,6.0,46,16.9,0.0,46.2,27.0,468.0,12.9,6.8,89.0
2026-05-24 01:00:00+00:00,30.4,38,14.3,30.5,1002.7,978.9,11,8.6,57,17.3,0.0,45.1,27.2,423.0,14.4,7.3,91.0
2026-05-24 02:00:00+00:00,31.6,34,13.7,31.7,1003.4,979.7,0,7.0,42,18.0,0.0,44.7,29.1,376.0,16.4,7.9,95.0
2026-05-24 03:00:00+00:00,32.5,32,13.7,31.5,1004.5,980.8,20,14.7,33,38.9,0.0,50.4,29.2,331.0,16.4,8.1,102.0
2026-05-24 04:00:00+00:00,36.0,23,11.7,35.6,1003.9,980.5,13,5.9,45,34.6,0.0,53.4,27.6,286.0,12.7,7.4,117.0
2026-05-24 05:00:00+00:00,37.9,18,9.6,37.2,1003.7,980.4,0,9.6,40,29.2,0.0,55.1,24.5,243.0,7.2,6.3,135.0
2026-05-24 06:00:00+00:00,38.7,18,10.1,38.8,1004.3,981.1,49,10.0,52,28.1,0.0,59.1,22.5,214.0,3.0,5.4,149.0
2026-05-24 07:00:00+00:00,39.6,16,9.1,39.5,1003.8,980.7,0,8.3,49,30.2,0.0,59.4,21.7,206.0,1.7,4.9,153.0
2026-05-24 08:00:00+00:00,39.3,18,10.9,39.1,1003.1,979.9,3,14.7,20,39.2,0.0,60.3,21.8,211.0,1.8,4.7,152.0
2026-05-24 09:00:00+00:00,38.9,19,11.0,38.4,1002.2,979.0,5,14.1,31,42.8,0.0,61.2,22.3,221.0,2.3,4.7,151.0
2026-05-24 10:00:00+00:00,39.2,18,10.7,38.7,1001.7,978.6,3,10.1,43,38.9,0.0,62.9,23.2,230.0,0.5,4.8,155.0
2026-05-24 11:00:00+00:00,39.3,18,10.6,38.3,1000.9,977.8,9,8.2,57,29.9,0.0,65.2,24.3,244.0,0.0,5.1,159.0
2026-05-24 12:00:00+00:00,38.1,18,10.0,36.4,1001.1,977.9,6,11.4,28,25.6,0.0,46.9,19.4,269.0,4.8,6.2,139.0
2026-05-24 13:00:00+00:00,37.3,19,10.2,35.7,1001.2,977.9,3,11.6,24,30.6,0.0,42.3,22.2,317.0,13.6,7.2,119.0
2026-05-24 14:00:00+00:00,36.3,21,10.7,34.9,1001.3,978.0,4,11.2,28,29.9,0.0,45.9,28.9,377.0,25.5,8.5,91.0
2026-05-24 15:00:00+00:00,35.2,24,11.4,33.9,1001.6,978.2,1,11.8,28,27.4,0.0,45.9,29.7,423.0,33.7,9.4,69.0
2026-05-24 16:00:00+00:00,34.3,25,11.6,33.4,1002.0,978.5,2,9.4,38,27.0,0.0,46.7,29.6,447.0,34.3,9.4,60.0
2026-05-24 17:00:00+00:00,33.6,26,11.6,32.9,1002.5,978.9,0,7.5,30,21.2,0.0,48.3,31.1,456.0,31.0,8.9,56.0
2026-05-24 18:00:00+00:00,34.1,27,12.2,33.9,1002.2,978.7,0,5.7,35,16.2,0.0,49.7,33.1,446.0,28.4,8.3,53.0
2026-05-24 19:00:00+00:00,32.8,30,12.8,32.8,1001.8,978.2,0,5.2,27,11.2,0.0,49.8,34.2,399.0,27.8,7.7,48.0
2026-05-24 20:00:00+00:00,32.4,31,12.9,32.3,1001.1,977.5,0,6.3,37,10.8,0.0,49.5,34.8,334.0,27.8,6.9,43.0
2026-05-24 21:00:00+00:00,32.4,30,12.4,31.7,1000.3,976.7,0,9.7,35,17.6,0.0,49.6,34.7,299.0,28.3,6.5,39.0
2026-05-24 22:00:00+00:00,31.8,30,12.2,31.5,1000.6,977.0,1,6.5,28,18.4,0.0,51.0,34.8,323.0,29.7,6.5,35.0
2026-05-24 23:00:00+00:00,30.9,32,12.5,31.6,1001.0,977.3,0,0.8,225,11.5,0.0,54.5,36.2,379.0,31.5,6.7,31.0
2026-05-25 00:00:00+00:00,30.4,37,14.0,30.8,1001.7,977.9,0,6.0,314,7.9,0.0,67.5,43.2,429.0,37.0,8.6,34.0
2026-05-25 01:00:00+00:00,30.1,39,14.5,30.4,1002.3,978.5,11,7.5,349,15.8,0.0,65.4,42.6,474.0,34.4,9.3,50.0
2026-05-25 02:00:00+00:00,31.7,35,14.3,31.9,1002.6,978.9,0,7.9,344,20.2,0.0,63.3,42.3,513.0,30.4,10.2,74.0
2026-05-25 03:00:00+00:00,33.7,30,13.8,33.9,1002.7,979.1,5,6.7,3,20.5,0.0,65.7,38.9,515.0,25.4,10.3,97.0
2026-05-25 04:00:00+00:00,35.5,25,12.6,35.4,1002.8,979.4,21,6.5,24,21.6,0.0,63.3,32.5,447.0,18.2,9.0,121.0
2026-05-25 05:00:00+00:00,37.5,21,11.5,37.7,1002.6,979.3,7,6.2,17,21.2,0.0,59.8,27.8,340.0,9.8,6.9,145.0
2026-05-25 06:00:00+00:00,39.2,16,8.6,38.8,1002.8,979.7,2,10.0,345,27.0,0.0,53.7,23.7,260.0,3.8,5.4,162.0
2026-05-25 07:00:00+00:00,39.8,14,7.8,39.5,1002.2,979.1,2,8.2,341,29.5,0.0,47.8,21.0,233.0,2.0,5.0,168.0
2026-05-25 08:00:00+00:00,40.5,14,8.1,40.9,1001.3,978.3,13,7.3,329,26.6,0.0,44.8,19.6,231.0,2.5,5.1,168.0
2026-05-25 09:00:00+00:00,40.7,14,8.4,40.2,1000.5,977.5,41,9.8,306,29.9,0.0,43.3,19.0,237.0,3.5,5.5,167.0
2026-05-25 10:00:00+00:00,40.3,15,8.3,38.3,1000.2,977.2,21,13.9,295,37.4,0.0,42.0,18.6,230.0,3.1,6.2,169.0
2026-05-25 11:00:00+00:00,39.7,15,8.6,37.3,1000.0,977.0,3,14.0,303,38.9,0.0,41.4,18.7,230.0,3.0,7.1,171.0
2026-05-25 12:00:00+00:00,40.4,12,6.1,37.3,999.4,976.4,1,14.8,279,37.1,0.0,35.6,18.0,282.0,6.3,8.0,158.0
2026-05-25 13:00:00+00:00,39.1,16,8.5,36.7,999.7,976.6,0,13.5,279,37.1,0.0,35.2,21.4,434.0,15.6,8.7,138.0
2026-05-25 14:00:00+00:00,37.3,19,9.6,35.5,1000.5,977.3,0,11.1,314,33.5,0.0,38.2,27.3,638.0,28.2,9.7,109.0
2026-05-25 15:00:00+00:00,36.1,20,9.8,34.5,1001.2,977.9,0,10.4,340,25.9,0.0,38.9,28.9,798.0,36.5,10.4,88.0
2026-05-25 16:00:00+00:00,35.0,22,9.8,33.4,1001.5,978.1,0,10.1,1,23.8,0.0,36.6,27.2,888.0,36.3,10.5,81.0
2026-05-25 17:00:00+00:00,33.9,21,8.5,32.1,1001.9,978.4,0,9.6,14,23.0,0.0,35.0,26.0,933.0,31.8,10.2,82.0
2026-05-25 18:00:00+00:00,34.4,23,10.0,33.2,1001.4,977.9,0,8.0,20,20.9,0.0,34.3,25.6,911.0,28.1,9.9,80.0
2026-05-25 19:00:00+00:00,33.0,24,9.8,32.1,1001.4,977.8,0,5.9,27,15.5,0.0,34.0,26.5,773.0,27.0,9.5,72.0
2026-05-25 20:00:00+00:00,32.0,26,10.0,31.2,1001.1,977.5,0,5.4,37,10.8,0.0,34.1,28.1,568.0,26.8,9.1,62.0
2026-05-25 21:00:00+00:00,31.2,26,9.4,30.0,1001.4,977.7,0,6.6,13,13.3,0.0,34.8,29.3,426.0,27.4,8.7,53.0
2026-05-25 22:00:00+00:00,29.9,27,9.2,28.7,1001.5,977.7,0,6.4,8,14.0,0.0,36.4,30.4,406.0,29.5,8.4,43.0
2026-05-25 23:00:00+00:00,28.9,30,9.6,27.8,1001.6,977.7,0,6.5,24,13.7,0.0,38.6,31.9,450.0,32.5,8.2,33.0
2026-05-26 00:00:00+00:00,28.7,33,11.0,28.1,1002.1,978.2,0,6.1,14,15.8,0.0,43.2,36.3,511.0,34.2,8.5,36.0
2026-05-26 01:00:00+00:00,28.6,35,11.5,28.0,1002.4,978.5,0,6.8,37,15.5,0.0,49.1,41.7,605.0,33.0,9.6,56.0
2026-05-26 02:00:00+00:00,30.5,32,12.0,30.2,1002.9,979.1,0,6.1,28,15.8,0.0,51.1,44.2,716.0,31.0,11.1,83.0
2026-05-26 03:00:00+00:00,33.0,27,11.7,32.7,1003.3,979.7,0,5.0,30,15.5,0.0,43.4,33.1,749.0,27.3,11.6,110.0
2026-05-26 04:00:00+00:00,36.0,20,9.7,35.0,1003.5,980.1,0,6.0,16,19.4,0.0,32.5,24.0,629.0,20.0,10.3,134.0
2026-05-26 05:00:00+00:00,38.5,16,8.0,38.1,1003.4,980.2,0,6.3,358,21.6,0.0,24.3,17.2,430.0,11.0,8.2,157.0
2026-05-26 06:00:00+00:00,40.2,12,5.3,39.2,1003.6,980.5,0,9.4,320,28.8,0.0,20.7,11.1,279.0,4.4,6.6,173.0
2026-05-26 07:00:00+00:00,40.8,11,5.1,40.0,1003.4,980.4,0,10.5,308,31.7,0.0,20.7,10.4,230.0,2.4,6.3,180.0
2026-05-26 08:00:00+00:00,41.2,11,5.0,40.3,1002.7,979.7,0,11.0,298,33.1,0.0,19.7,10.5,229.0,2.9,6.6,181.0
2026-05-26 09:00:00+00:00,41.3,11,5.0,39.9,1001.9,978.9,0,11.9,299,34.2,0.0,19.4,11.1,238.0,3.7,6.9,180.0
2026-05-26 10:00:00+00:00,41.1,12,6.1,39.2,1001.2,978.2,0,12.0,302,34.9,0.0,20.6,11.9,215.0,2.1,6.9,180.0
2026-05-26 11:00:00+00:00,40.7,13,7.0,38.4,1000.9,977.9,0,10.2,296,33.8,0.0,22.1,12.7,202.0,0.8,7.0,179.0
2026-05-26 12:00:00+00:00,41.2,12,6.5,38.5,1000.7,977.7,1,11.6,276,29.2,0.0,26.3,15.7,282.0,6.4,6.1,158.0
2026-05-26 13:00:00+00:00,40.1,14,7.8,38.2,1000.9,977.9,2,9.1,277,29.9,0.0,26.7,17.2,545.0,17.0,7.3,137.0
2026-05-26 14:00:00+00:00,38.1,19,10.3,37.2,1001.4,978.2,2,6.8,292,23.4,0.0,31.4,24.4,901.0,31.7,8.9,107.0
2026-05-26 15:00:00+00:00,36.6,22,11.4,36.2,1001.8,978.5,1,5.2,319,15.8,0.0,36.4,29.2,1161.0,43.4,10.4,83.0
2026-05-26 16:00:00+00:00,35.5,23,11.0,35.0,1001.9,978.5,0,5.0,19,11.2,0.0,38.9,31.4,1252.0,49.3,11.6,72.0
2026-05-26 17:00:00+00:00,34.4,24,10.9,33.7,1002.2,978.7,0,6.0,25,12.2,0.0,40.7,33.4,1246.0,52.2,12.7,68.0
2026-05-26 18:00:00+00:00,34.5,26,12.0,34.2,1002.4,978.9,9,5.6,329,11.9,0.0,42.0,34.8,1171.0,54.0,13.3,63.0
2026-05-26 19:00:00+00:00,32.7,28,11.6,31.9,1002.4,978.8,5,8.8,298,15.8,0.0,42.5,35.7,991.0,55.0,13.0,56.0
2026-05-26 20:00:00+00:00,32.2,28,11.5,31.4,1002.1,978.4,6,8.8,298,16.6,0.0,43.7,37.4,742.0,54.9,12.1,48.0
2026-05-26 21:00:00+00:00,31.4,30,11.7,30.9,1001.6,977.9,4,6.8,318,16.2,0.0,43.8,38.2,564.0,54.5,11.4,42.0
2026-05-26 22:00:00+00:00,30.6,32,11.8,30.0,1001.4,977.6,1,8.0,301,15.1,0.0,43.5,38.8,511.0,54.5,10.9,34.0
2026-05-26 23:00:00+00:00,30.1,33,11.9,29.6,1001.5,977.7,2,7.1,311,15.5,0.0,43.5,39.1,528.0,54.1,10.5,27.0
2026-05-27 00:00:00+00:00,30.1,35,13.1,30.2,1001.5,977.7,1,5.4,310,14.8,0.0,41.3,37.3,592.0,51.9,11.2,35.0
2026-05-27 01:00:00+00:00,30.0,37,13.6,30.3,1002.1,978.3,1,5.7,294,11.5,0.0,44.2,40.0,753.0,47.3,12.0,59.0
2026-05-27 02:00:00+00:00,31.9,33,13.7,32.5,1002.3,978.6,0,4.2,260,12.6,0.0,38.8,35.9,961.0,40.7,13.0,93.0
2026-05-27 03:00:00+00:00,34.8,29,13.9,35.3,1002.8,979.3,0,4.6,301,15.1,0.0,31.0,28.2,1038.0,33.0,13.6,124.0
2026-05-27 04:00:00+00:00,38.0,21,12.2,37.8,1002.9,979.7,0,6.0,327,19.1,0.0,25.1,21.0,853.0,23.4,13.5,151.0
2026-05-27 05:00:00+00:00,40.6,16,10.0,40.4,1002.3,979.3,0,7.5,339,23.8,0.0,24.5,16.4,538.0,12.8,12.9,176.0
2026-05-27 06:00:00+00:00,41.8,14,8.6,41.5,1002.7,979.7,0,10.2,294,27.7,0.0,29.9,14.4,304.0,5.1,12.0,191.0
2026-05-27 07:00:00+00:00,42.4,14,9.0,42.3,1002.2,979.3,1,11.7,288,33.5,0.0,38.8,16.4,252.0,2.4,10.6,190.0
2026-05-27 08:00:00+00:00,42.6,14,9.7,42.7,1001.3,978.4,0,11.3,279,34.2,0.0,42.4,17.6,281.0,2.7,9.0,180.0
2026-05-27 09:00:00+00:00,42.9,14,9.2,42.5,1000.5,977.7,7,11.2,268,33.1,0.0,38.6,16.5,309.0,3.5,7.8,172.0
2026-05-27 10:00:00+00:00,42.7,13,8.6,41.2,1000.0,977.2,6,11.4,258,32.8,0.0,36.0,16.0,266.0,2.4,7.4,174.0
2026-05-27 11:00:00+00:00,42.2,14,8.8,40.2,999.6,976.7,1,10.7,261,32.8,0.0,35.4,16.1,222.0,1.8,7.5,179.0
2026-05-27 12:00:00+00:00,42.1,13,8.5,39.7,999.4,976.5,2,13.6,281,29.9,0.0,42.4,18.7,295.0,6.9,7.4,165.0
2026-05-27 13:00:00+00:00,41.2,14,8.0,38.7,999.9,977.0,3,13.2,296,34.2,0.0,38.0,20.2,586.0,22.3,8.8,139.0
2026-05-27 14:00:00+00:00,40.1,15,8.2,38.4,999.8,976.8,4,8.0,316,31.3,0.0,44.4,29.2,994.0,44.0,10.9,103.0
2026-05-27 15:00:00+00:00,39.0,17,9.1,37.7,1000.3,977.2,5,7.0,305,16.9,0.0,55.2,39.0,1342.0,64.0,13.1,71.0
2026-05-27 16:00:00+00:00,37.6,20,10.6,37.1,1000.5,977.3,2,4.5,299,12.2,0.0,65.7,47.6,1574.0,81.8,15.7,48.0
2026-05-27 17:00:00+00:00,36.4,22,11.3,36.2,1000.5,977.2,3,3.8,349,7.6,0.0,78.0,58.4,1745.0,97.9,18.4,30.0
2026-05-27 18:00:00+00:00,36.2,23,12.1,36.1,1000.5,977.2,5,4.8,285,7.6,0.0,88.9,68.2,1840.0,105.9,19.8,19.0
2026-05-27 19:00:00+00:00,33.9,28,12.9,33.9,1000.4,976.9,2,6.3,273,10.8,0.0,89.6,68.5,1855.0,100.3,19.0,19.0
2026-05-27 20:00:00+00:00,33.3,30,13.6,33.6,1000.1,976.6,2,6.0,279,11.2,0.0,82.9,62.6,1793.0,86.6,17.0,27.0
2026-05-27 21:00:00+00:00,32.5,33,14.2,33.0,999.9,976.3,5,5.6,274,10.8,0.0,78.2,59.1,1650.0,75.5,15.3,31.0
2026-05-27 22:00:00+00:00,31.9,36,15.1,33.1,999.5,975.9,25,3.6,279,9.7,0.0,75.7,59.0,1349.0,71.7,14.3,23.0
2026-05-27 23:00:00+00:00,31.5,37,15.0,32.6,999.7,976.0,84,4.1,285,7.6,0.0,73.6,59.0,967.0,70.3,13.7,13.0
2026-05-28 00:00:00+00:00,31.2,35,14.1,31.5,999.8,976.1,39,6.9,28,16.9,0.0,97.1,75.4,728.0,98.6,19.7,8.0
2026-05-28 01:00:00+00:00,30.4,38,14.4,30.6,1001.2,977.4,74,7.7,11,15.8,0.0,92.4,71.2,796.0,85.0,20.3,39.0
2026-05-28 02:00:00+00:00,30.9,39,15.3,31.9,1001.9,978.2,45,5.2,65,19.8,0.1,82.7,67.3,1009.0,65.6,21.0,83.0
2026-05-28 03:00:00+00:00,34.3,29,13.8,34.8,1002.1,978.6,12,4.7,62,14.0,0.0,69.4,52.2,1100.0,47.3,20.4,121.0
2026-05-28 04:00:00+00:00,38.1,20,10.9,37.5,1002.0,978.8,16,5.6,88,18.7,0.0,56.9,39.1,921.0,31.0,17.2,150.0
2026-05-28 05:00:00+00:00,40.1,17,10.2,40.0,1001.9,978.8,13,7.3,132,23.0,0.0,50.1,31.5,620.0,15.8,12.6,174.0
2026-05-28 06:00:00+00:00,40.6,17,10.7,40.3,1001.8,978.8,0,12.9,109,28.8,0.0,48.0,21.9,385.0,5.0,8.9,188.0
2026-05-28 07:00:00+00:00,42.2,12,7.4,41.7,1001.4,978.5,66,11.5,89,35.3,0.0,45.4,19.4,287.0,1.3,7.0,188.0
2026-05-28 08:00:00+00:00,40.2,16,9.6,38.4,1001.5,978.5,53,15.2,37,40.7,0.0,46.7,19.4,254.0,2.0,6.0,179.0
2026-05-28 09:00:00+00:00,40.9,12,6.3,38.8,1000.6,977.6,5,12.8,85,40.7,0.1,49.0,20.0,252.0,3.4,5.3,169.0
2026-05-28 10:00:00+00:00,39.6,16,9.3,37.3,1000.9,977.8,45,14.4,46,37.8,0.0,51.1,20.4,278.0,2.3,4.7,166.0
2026-05-28 11:00:00+00:00,39.9,15,8.0,37.4,1000.6,977.6,7,13.1,67,39.6,0.0,51.6,20.3,334.0,1.7,4.5,162.0
2026-05-28 12:00:00+00:00,41.9,8,0.6,38.3,999.3,976.4,8,10.4,64,34.2,0.0,48.8,16.5,398.0,6.8,4.1,146.0
2026-05-28 13:00:00+00:00,39.7,11,3.3,35.7,999.5,976.5,1,16.2,50,38.5,0.0,39.5,18.1,463.0,14.5,5.0,126.0
2026-05-28 14:00:00+00:00,37.6,14,5.7,34.5,999.7,976.5,0,13.9,38,39.2,0.0,37.8,23.0,534.0,25.3,6.2,98.0
2026-05-28 15:00:00+00:00,36.5,16,6.2,34.0,1000.4,977.1,4,10.1,39,31.3,0.0,37.7,25.7,605.0,34.2,7.3,76.0
2026-05-28 16:00:00+00:00,35.2,19,7.9,33.9,1001.0,977.6,1,5.1,42,20.5,0.0,37.4,27.0,689.0,39.9,8.1,64.0
2026-05-28 17:00:00+00:00,34.6,21,8.8,33.8,1001.2,977.7,0,3.0,73,9.0,0.0,40.9,30.9,773.0,43.7,8.8,58.0
2026-05-28 18:00:00+00:00,35.2,21,9.7,34.4,1000.8,977.4,6,4.7,198,7.2,0.0,46.4,36.0,808.0,44.7,9.1,55.0
2026-05-28 19:00:00+00:00,33.7,30,13.8,34.3,1000.1,976.6,1,4.2,185,10.1,0.0,48.2,38.4,758.0,41.4,8.8,54.0
2026-05-28 20:00:00+00:00,33.1,26,11.3,33.4,999.6,976.1,0,0.6,18,6.1,0.0,49.4,38.0,661.0,35.2,8.2,56.0
2026-05-28 21:00:00+00:00,31.6,26,10.0,30.5,999.6,976.0,0,7.7,198,13.3,0.0,107.1,48.7,578.0,29.6,8.2,60.0
2026-05-28 22:00:00+00:00,30.4,29,10.3,28.9,999.5,975.8,0,11.0,190,23.4,0.0,201.6,71.2,527.0,25.7,9.4,67.0
2026-05-28 23:00:00+00:00,30.5,29,10.6,29.2,999.9,976.2,0,9.4,176,22.7,0.0,262.6,89.6,491.0,22.4,11.2,76.0
2026-05-29 00:00:00+00:00,30.1,31,11.2,29.2,1000.3,976.5,0,8.7,186,18.0,0.0,353.0,94.1,484.0,31.4,11.0,63.0
2026-05-29 01:00:00+00:00,29.1,37,12.8,28.1,1001.5,977.6,0,12.3,146,28.8,0.0,372.5,106.2,532.0,27.6,12.9,76.0
2026-05-29 02:00:00+00:00,29.7,42,15.3,29.5,1002.0,978.2,0,13.7,148,32.8,0.0,444.2,120.6,609.0,22.2,15.4,96.0
2026-05-29 03:00:00+00:00,31.3,43,17.4,32.2,1002.7,979.0,0,11.5,141,32.4,0.0,506.6,143.9,644.0,17.0,17.2,118.0
2026-05-29 04:00:00+00:00,33.1,41,18.0,34.3,1003.0,979.4,0,11.5,119,31.3,0.0,521.5,152.7,596.0,12.3,17.5,146.0
2026-05-29 05:00:00+00:00,34.9,37,18.2,36.7,1003.0,979.5,0,13.4,123,36.0,0.0,478.7,143.9,507.0,7.8,17.1,176.0
2026-05-29 06:00:00+00:00,36.3,32,16.9,38.1,1003.2,979.8,0,14.0,126,38.2,0.0,432.1,131.3,434.0,4.7,16.4,198.0
2026-05-29 07:00:00+00:00,37.7,27,15.7,39.5,1002.6,979.3,0,13.1,133,38.5,0.0,419.1,123.4,392.0,3.6,15.5,204.0
2026-05-29 08:00:00+00:00,39.1,24,14.5,40.7,1001.7,978.6,18,11.2,145,36.4,0.0,425.6,117.6,365.0,3.9,14.4,201.0
2026-05-29 09:00:00+00:00,39.8,21,13.4,41.0,1000.6,977.5,30,8.5,152,32.0,0.0,412.6,109.2,365.0,4.6,13.6,198.0
2026-05-29 10:00:00+00:00,40.0,19,12.4,40.4,999.9,976.9,68,6.5,152,26.6,0.0,377.2,101.0,394.0,2.9,13.1,201.0
2026-05-29 11:00:00+00:00,38.2,21,11.7,36.8,1000.7,977.5,84,13.0,76,30.2,0.0,342.7,94.8,450.0,1.6,12.8,204.0
2026-05-29 12:00:00+00:00,40.0,14,7.6,38.5,999.6,976.6,98,5.8,200,52.9,0.0,417.2,105.0,535.0,9.3,14.4,189.0
2026-05-29 13:00:00+00:00,38.1,16,8.0,37.0,1000.5,977.3,91,3.6,342,18.0,0.0,355.8,98.7,692.0,17.9,14.8,164.0
2026-05-29 14:00:00+00:00,36.3,23,11.6,35.2,1001.3,978.0,82,11.0,66,25.2,0.0,324.1,101.0,877.0,29.5,15.3,131.0
2026-05-29 15:00:00+00:00,34.8,28,13.5,33.9,1002.0,978.5,1,13.3,81,30.6,0.0,330.6,106.4,966.0,35.8,15.4,108.0
2026-05-29 16:00:00+00:00,33.7,29,13.0,32.4,1002.7,979.1,0,15.0,96,31.7,0.0,352.0,107.1,873.0,31.7,14.9,108.0
2026-05-29 17:00:00+00:00,32.6,32,14.0,31.8,1003.0,979.4,0,14.4,122,38.5,0.0,363.2,106.2,682.0,22.4,14.0,119.0
2026-05-29 18:00:00+00:00,29.8,42,15.7,29.9,1002.4,978.6,5,12.3,101,33.1,0.0,383.7,109.4,524.0,15.1,13.4,127.0
2026-05-29 19:00:00+00:00,28.3,49,16.5,28.7,1002.2,978.2,0,12.3,98,32.0,0.0,399.5,112.9,445.0,13.0,13.4,126.0
2026-05-29 20:00:00+00:00,28.4,51,17.4,29.2,1002.2,978.2,0,12.7,113,26.3,0.0,388.4,111.3,398.0,12.9,13.8,122.0
2026-05-29 21:00:00+00:00,29.2,53,18.6,30.7,1002.5,978.6,0,10.9,121,24.1,0.0,357.6,103.8,368.0,12.6,14.1,118.0
2026-05-29 22:00:00+00:00,29.4,55,19.5,31.5,1002.8,978.9,0,10.3,117,23.0,0.0,332.5,96.6,330.0,11.1,14.3,116.0
2026-05-29 23:00:00+00:00,29.0,57,19.5,31.2,1003.5,979.6,60,9.4,103,24.5,0.0,391.2,106.9,309.0,9.4,14.5,114.0
2026-05-30 00:00:00+00:00,23.1,73,18.1,22.2,1005.2,980.8,100,26.3,67,22.7,0.0,571.8,154.1,361.0,9.0,15.6,112.0
2026-05-30 01:00:00+00:00,22.6,90,20.8,25.3,1007.6,983.1,100,10.4,37,52.9,4.1,713.4,186.3,575.0,9.5,15.5,112.0
2026-05-30 02:00:00+00:00,23.3,92,21.9,27.0,1009.1,984.6,84,8.0,95,20.9,3.1,709.7,187.7,861.0,10.1,15.4,112.0
2026-05-30 03:00:00+00:00,23.4,93,22.2,26.1,1007.9,983.4,95,15.5,119,29.2,2.7,454.5,134.6,1007.0,10.1,14.7,117.0
2026-05-30 04:00:00+00:00,25.1,83,22.0,27.6,1006.9,982.6,95,16.4,137,37.1,0.6,145.3,57.2,875.0,9.1,13.0,129.0
2026-05-30 05:00:00+00:00,27.6,68,21.3,29.9,1007.4,983.3,74,15.0,111,38.9,0.0,41.2,23.3,604.0,7.4,10.9,145.0
2026-05-30 06:00:00+00:00,24.4,75,19.6,26.3,1010.4,985.9,100,19.2,96,38.5,0.0,55.8,22.9,392.0,6.0,9.2,158.0
2026-05-30 07:00:00+00:00,25.3,67,18.9,26.4,1008.7,984.3,96,15.0,117,43.2,0.0,96.9,31.0,320.0,4.9,8.5,166.0
2026-05-30 08:00:00+00:00,27.7,55,17.9,29.3,1007.3,983.2,98,12.2,126,36.0,0.0,112.0,34.5,308.0,4.0,8.3,172.0
2026-05-30 09:00:00+00:00,28.1,49,16.5,28.6,1006.7,982.6,63,16.2,107,39.6,0.0,112.2,34.9,317.0,3.7,8.2,175.0
2026-05-30 10:00:00+00:00,27.8,48,15.8,28.3,1006.6,982.5,40,14.4,90,40.7,0.0,119.0,36.4,294.0,3.7,8.1,177.0
2026-05-30 11:00:00+00:00,28.0,46,15.3,27.8,1005.9,981.8,5,12.9,78,35.3,0.0,136.4,39.2,292.0,4.4,8.1,176.0
2026-05-30 12:00:00+00:00,28.7,59,19.9,30.5,1005.0,981.0,67,13.5,82,31.3,0.0,9.8,9.8,437.0,7.5,4.2,163.0
2026-05-30 13:00:00+00:00,27.3,64,20.0,29.6,1004.6,980.5,2,10.8,80,33.1,0.0,14.0,11.1,907.0,13.3,4.8,147.0
2026-05-30 14:00:00+00:00,26.9,65,19.7,29.2,1004.6,980.5,5,9.3,80,25.9,0.0,17.9,14.8,1523.0,21.3,5.5,124.0
2026-05-30 15:00:00+00:00,26.4,67,19.7,29.0,1005.3,981.1,2,6.9,75,22.0,0.0,20.8,17.9,1873.0,26.9,6.3,106.0
2026-05-30 16:00:00+00:00,26.0,68,19.7,28.7,1006.3,982.1,0,6.7,92,14.8,0.0,21.7,18.9,1698.0,27.9,6.9,99.0
2026-05-30 17:00:00+00:00,25.6,70,19.8,28.5,1007.1,982.8,0,5.6,132,14.4,0.0,21.8,19.6,1257.0,26.6,7.6,97.0
2026-05-30 18:00:00+00:00,24.6,71,19.1,26.7,1006.2,981.9,0,9.2,132,11.9,0.0,21.7,20.0,919.0,25.3,8.1,94.0
2026-05-30 19:00:00+00:00,23.7,76,19.3,26.1,1006.0,981.6,0,7.4,119,20.5,0.0,20.8,19.7,844.0,24.7,8.5,89.0
2026-05-30 20:00:00+00:00,23.3,80,19.8,26.3,1006.3,981.8,0,4.7,72,14.8,0.0,20.2,19.0,872.0,24.0,8.9,84.0
2026-05-30 21:00:00+00:00,23.1,81,19.7,26.0,1006.9,982.4,1,5.1,48,11.5,0.0,21.4,19.8,893.0,23.7,9.2,79.0
2026-05-30 22:00:00+00:00,22.7,83,19.7,25.3,1006.8,982.3,0,7.7,72,16.6,0.0,24.2,22.1,876.0,24.3,9.4,73.0
2026-05-30 23:00:00+00:00,22.4,85,19.8,25.0,1007.0,982.5,7,7.6,82,16.9,0.0,26.5,23.2,851.0,25.3,9.6,67.0
2026-05-31 00:00:00+00:00,23.4,83,20.3,26.3,1007.4,982.9,4,7.2,63,16.2,0.0,47.6,20.1,801.0,14.9,13.2,95.0
2026-05-31 01:00:00+00:00,23.2,82,19.9,25.7,1007.7,983.2,0,8.4,83,19.8,0.0,59.4,21.8,706.0,13.9,13.8,101.0
2026-05-31 02:00:00+00:00,24.2,76,19.8,26.6,1008.2,983.8,0,8.6,89,21.6,0.0,99.2,28.9,585.0,12.4,14.6,111.0
2026-05-31 03:00:00+00:00,26.0,68,19.6,28.0,1008.9,984.6,0,11.2,91,27.7,0.0,157.9,39.8,480.0,10.6,15.0,123.0
2026-05-31 04:00:00+00:00,28.0,58,18.9,29.4,1008.9,984.8,2,12.5,96,32.0,0.0,201.2,49.0,404.0,8.1,14.7,142.0
2026-05-31 05:00:00+00:00,29.7,52,18.8,31.8,1008.9,984.9,0,12.6,99,32.8,0.0,236.1,55.9,344.0,5.2,14.0,164.0
2026-05-31 06:00:00+00:00,31.3,44,17.5,33.1,1008.9,985.0,0,14.5,113,34.9,0.0,244.9,57.9,304.0,3.1,13.1,179.0
2026-05-31 07:00:00+00:00,32.2,40,16.9,34.4,1008.5,984.7,0,12.7,119,37.4,0.0,239.3,56.8,288.0,2.3,11.8,182.0
2026-05-31 08:00:00+00:00,33.1,37,16.6,35.5,1007.9,984.2,4,10.6,122,33.1,0.0,239.3,56.2,292.0,2.3,10.3,178.0
2026-05-31 09:00:00+00:00,33.6,35,16.2,35.8,1007.3,983.6,8,8.7,114,28.8,0.0,245.9,56.5,301.0,2.7,9.1,173.0
2026-05-31 10:00:00+00:00,33.8,35,16.2,35.3,1006.4,982.8,7,8.4,109,25.2,0.0,251.5,56.9,304.0,2.6,8.5,171.0
2026-05-31 11:00:00+00:00,33.6,35,16.0,34.3,1005.9,982.3,12,9.1,98,24.1,0.0,257.0,57.5,313.0,2.8,8.2,168.0
2026-05-31 12:00:00+00:00,33.0,35,15.4,33.6,1006.0,982.3,13,8.4,79,25.9,0.0,191.9,43.5,351.0,5.3,7.5,163.0
2026-05-31 13:00:00+00:00,32.0,39,16.1,32.7,1006.0,982.2,3,9.2,64,21.6,0.0,169.5,44.4,452.0,13.3,8.3,141.0
2026-05-31 14:00:00+00:00,30.4,43,16.4,31.0,1006.5,982.6,2,10.7,60,20.9,0.0,139.7,47.0,582.0,24.1,9.4,111.0
2026-05-31 15:00:00+00:00,29.6,46,16.8,30.4,1006.9,982.9,1,10.5,94,20.5,0.0,129.0,47.7,659.0,31.1,10.1,89.0
2026-05-31 16:00:00+00:00,28.8,51,17.6,30.0,1007.1,983.1,0,10.0,111,20.5,0.0,127.1,46.9,635.0,30.5,10.1,83.0
2026-05-31 17:00:00+00:00,28.3,53,17.8,29.6,1007.6,983.5,0,9.9,112,18.7,0.0,128.5,46.9,559.0,26.0,9.7,85.0
2026-05-31 18:00:00+00:00,28.4,57,19.0,30.6,1007.9,983.8,0,7.8,94,18.4,0.0,139.7,49.2,496.0,22.4,9.3,85.0
2026-05-31 19:00:00+00:00,27.6,62,19.5,30.2,1007.4,983.3,0,6.9,104,14.4,0.0,158.3,52.9,470.0,21.2,9.0,81.0
2026-05-31 20:00:00+00:00,27.1,64,19.7,29.8,1007.1,982.9,0,6.8,112,11.9,0.0,177.4,57.6,456.0,20.8,8.6,75.0
2026-05-31 21:00:00+00:00,26.6,65,19.6,29.2,1006.8,982.6,0,7.5,105,13.7,0.0,192.3,61.9,446.0,21.2,8.4,68.0
2026-05-31 22:00:00+00:00,26.1,67,19.4,28.4,1006.6,982.4,0,8.5,117,16.2,0.0,213.3,66.6,425.0,23.2,8.2,57.0
2026-05-31 23:00:00+00:00,25.8,67,19.1,27.9,1006.6,982.3,0,8.6,123,16.6,0.0,229.6,70.5,409.0,26.1,8.2,46.0
2026-06-01 00:00:00+00:00,25.8,62,18.0,27.5,1007.0,982.7,0,8.0,128,16.2,0.0,98.0,41.6,435.0,21.3,9.1,64.0
2026-06-01 01:00:00+00:00,25.9,62,18.1,27.6,1007.3,983.0,0,8.0,130,15.8,0.0,95.9,43.5,561.0,21.1,10.4,76.0
2026-06-01 02:00:00+00:00,27.2,59,18.5,29.4,1008.0,983.8,2,6.6,143,16.2,0.0,135.0,48.8,729.0,20.6,12.0,95.0
2026-06-01 03:00:00+00:00,29.2,54,18.9,31.5,1008.1,984.1,0,6.4,137,18.0,0.0,248.7,61.5,805.0,18.8,12.8,114.0
2026-06-01 04:00:00+00:00,31.3,46,18.2,33.0,1008.3,984.4,0,9.0,127,24.8,0.0,239.3,58.8,697.0,14.2,11.8,136.0
2026-06-01 05:00:00+00:00,33.0,40,17.6,35.2,1008.6,984.8,2,8.3,129,25.9,0.0,164.4,48.1,497.0,8.2,10.0,160.0
2026-06-01 06:00:00+00:00,34.0,34,16.0,36.8,1008.4,984.7,21,4.5,124,24.1,0.2,123.4,39.8,349.0,3.9,8.4,177.0
2026-06-01 07:00:00+00:00,34.8,32,15.7,37.6,1007.9,984.3,9,2.6,124,15.8,0.0,105.0,36.4,318.0,2.6,7.5,182.0
2026-06-01 08:00:00+00:00,35.8,30,15.6,39.1,1007.2,983.7,21,1.6,84,14.4,0.1,94.8,34.7,339.0,2.9,7.0,180.0
2026-06-01 09:00:00+00:00,36.0,30,15.7,38.9,1006.4,982.9,49,3.0,65,15.5,0.1,85.0,32.6,362.0,3.8,6.7,178.0
2026-06-01 10:00:00+00:00,35.6,30,15.4,37.1,1005.7,982.2,55,3.6,53,16.6,0.1,79.2,31.3,349.0,1.6,6.6,182.0
2026-06-01 11:00:00+00:00,35.6,30,15.3,36.7,1005.3,981.8,13,4.2,47,16.6,0.0,77.8,31.4,337.0,0.0,6.7,186.0
2026-06-01 12:00:00+00:00,35.7,28,14.5,35.8,1004.5,981.0,3,8.6,36,18.0,0.0,39.2,27.2,389.0,7.2,5.8,161.0
2026-06-01 13:00:00+00:00,35.2,29,14.5,35.5,1004.5,981.0,1,7.8,42,24.1,0.0,42.6,31.4,546.0,30.6,8.4,127.0
2026-06-01 14:00:00+00:00,34.7,31,15.1,35.5,1004.7,981.2,1,6.0,57,20.2,0.0,53.6,44.2,767.0,62.6,12.1,80.0
2026-06-01 15:00:00+00:00,33.8,35,16.1,35.3,1004.9,981.3,0,3.6,70,13.3,0.0,70.1,59.3,992.0,84.8,15.0,45.0
2026-06-01 16:00:00+00:00,33.0,39,17.1,35.2,1005.7,982.0,0,1.5,330,7.6,0.0,82.4,69.8,1257.0,87.7,16.6,33.0
2026-06-01 17:00:00+00:00,31.9,40,16.5,33.4,1006.4,982.6,0,4.9,306,10.1,0.0,87.1,73.1,1526.0,80.7,17.3,33.0
2026-06-01 18:00:00+00:00,32.6,40,17.4,34.6,1006.6,982.9,0,4.2,265,10.4,0.0,87.8,73.8,1628.0,73.8,17.3,34.0
2026-06-01 19:00:00+00:00,31.4,43,17.3,33.4,1006.4,982.6,0,3.8,107,7.6,0.0,85.0,72.6,1429.0,70.6,16.0,31.0
2026-06-01 20:00:00+00:00,30.8,45,17.5,32.3,1006.2,982.3,0,7.5,120,15.5,0.0,78.5,67.3,1064.0,67.4,13.9,28.0
2026-06-01 21:00:00+00:00,30.1,45,16.9,31.1,1006.1,982.2,0,9.3,127,20.2,0.0,88.7,61.2,767.0,63.1,12.2,27.0
2026-06-01 22:00:00+00:00,29.1,47,16.5,30.0,1006.4,982.4,0,9.2,145,20.2,0.0,139.2,63.8,618.0,56.5,11.3,28.0
2026-06-01 23:00:00+00:00,28.8,47,16.3,29.6,1006.4,982.4,0,8.8,149,19.4,0.0,215.6,75.7,536.0,48.8,11.0,32.0
2026-06-02 00:00:00+00:00,28.8,52,17.9,30.6,1006.5,982.5,0,7.4,133,17.6,0.0,347.4,106.4,513.0,22.4,12.0,76.0
2026-06-02 01:00:00+00:00,28.6,53,18.1,30.6,1007.0,982.9,0,5.9,113,15.1,0.0,312.9,105.2,591.0,21.6,13.9,83.0
2026-06-02 02:00:00+00:00,29.7,49,18.0,31.8,1007.8,983.8,0,5.6,140,15.5,0.0,339.0,106.9,727.0,20.3,16.4,93.0
2026-06-02 03:00:00+00:00,31.5,44,17.9,33.3,1008.3,984.4,2,6.6,147,18.7,0.0,338.1,102.4,793.0,18.0,17.9,109.0
2026-06-02 04:00:00+00:00,33.5,38,17.4,35.0,1008.0,984.3,0,7.5,153,23.4,0.0,280.3,88.9,706.0,13.9,17.7,136.0
2026-06-02 05:00:00+00:00,35.2,33,16.5,37.4,1007.8,984.2,0,5.6,155,22.7,0.0,272.9,75.9,548.0,8.8,16.6,169.0
2026-06-02 06:00:00+00:00,36.4,28,15.2,38.7,1007.7,984.2,0,6.0,136,20.9,0.0,300.8,72.9,431.0,5.0,15.1,192.0
2026-06-02 07:00:00+00:00,37.3,27,14.9,40.2,1006.4,983.0,6,4.0,153,20.2,0.0,252.4,61.0,407.0,3.5,13.0,196.0
2026-06-02 08:00:00+00:00,37.8,26,14.8,40.7,1005.8,982.5,17,2.9,184,18.0,0.1,211.4,53.9,425.0,3.3,10.5,191.0
2026-06-02 09:00:00+00:00,38.0,26,14.9,40.6,1004.7,981.4,45,3.3,186,16.6,0.1,182.1,49.7,444.0,3.8,8.9,186.0
2026-06-02 10:00:00+00:00,38.1,25,14.8,40.0,1004.0,980.7,72,1.1,198,16.6,0.1,168.1,48.0,441.0,2.1,8.6,190.0
2026-06-02 11:00:00+00:00,37.6,26,14.9,38.9,1003.6,980.3,46,2.2,256,13.0,0.0,163.9,48.4,439.0,1.0,9.1,196.0
2026-06-02 12:00:00+00:00,38.3,23,13.4,38.1,1002.1,978.9,14,9.0,258,14.0,0.0,207.2,58.0,466.0,8.5,10.3,190.0
2026-06-02 13:00:00+00:00,37.3,25,13.9,37.1,1002.4,979.1,20,9.7,270,28.1,0.0,203.5,59.3,549.0,40.4,13.2,150.0
2026-06-02 14:00:00+00:00,36.5,26,14.1,36.9,1003.0,979.6,12,6.1,294,24.8,0.0,209.1,76.6,660.0,84.1,17.3,94.0
2026-06-02 15:00:00+00:00,35.5,36,18.3,38.5,1003.3,979.9,5,0.0,270,15.5,0.0,231.4,96.9,744.0,115.4,21.1,51.0
2026-06-02 16:00:00+00:00,35.0,31,15.5,36.2,1003.4,979.9,11,4.3,112,11.2,0.0,241.2,111.3,777.0,122.2,24.3,34.0
2026-06-02 17:00:00+00:00,34.1,32,15.3,34.8,1003.6,980.1,62,7.6,348,15.5,0.0,242.1,121.1,783.0,116.6,27.1,29.0
2026-06-02 18:00:00+00:00,32.1,39,16.4,33.0,1004.5,980.8,2,8.9,9,17.6,0.0,239.3,126.7,777.0,110.6,28.6,25.0
2026-06-02 19:00:00+00:00,30.7,43,16.9,32.1,1004.5,980.7,26,6.7,358,21.2,0.0,229.1,125.3,760.0,108.0,27.9,18.0
2026-06-02 20:00:00+00:00,30.1,46,17.3,31.6,1004.1,980.2,94,7.6,22,17.3,0.0,220.7,122.9,731.0,105.0,25.9,11.0
2026-06-02 21:00:00+00:00,29.6,49,17.7,31.3,1003.7,979.8,97,7.3,42,17.3,0.0,206.8,120.1,702.0,101.6,23.9,7.0
2026-06-02 22:00:00+00:00,29.2,50,17.8,31.0,1003.5,979.6,99,6.9,67,16.6,0.0,189.5,114.1,675.0,98.5,22.2,3.0
2026-06-02 23:00:00+00:00,29.0,51,17.8,30.7,1003.7,979.8,66,7.3,73,15.5,0.0,164.4,103.4,648.0,95.1,20.6,1.0
2026-06-03 00:00:00+00:00,28.5,56,19.0,31.2,1004.1,980.1,93,4.3,62,17.6,0.0,107.3,64.5,633.0,46.6,12.1,43.0
2026-06-03 01:00:00+00:00,28.3,57,19.1,31.0,1004.8,980.8,91,5.1,45,14.0,0.0,94.5,60.5,648.0,40.4,12.0,61.0
2026-06-03 02:00:00+00:00,28.2,59,19.3,29.9,1005.5,981.5,77,12.1,44,28.8,0.0,92.4,58.4,675.0,31.6,11.8,87.0
2026-06-03 03:00:00+00:00,29.2,55,19.3,31.8,1005.2,981.2,63,5.9,45,31.3,0.1,97.3,52.6,671.0,23.3,11.7,114.0
2026-06-03 04:00:00+00:00,31.6,46,18.7,33.6,1005.0,981.2,22,8.3,74,24.8,0.0,115.3,50.8,602.0,16.0,11.7,145.0
2026-06-03 05:00:00+00:00,33.8,38,17.5,36.1,1004.9,981.3,47,6.7,66,24.5,0.0,136.0,53.3,501.0,9.1,11.8,178.0
2026-06-03 06:00:00+00:00,33.2,39,17.3,36.0,1005.1,981.5,27,6.7,76,22.7,0.0,128.5,50.4,425.0,4.3,11.7,201.0
2026-06-03 07:00:00+00:00,35.4,33,16.6,39.0,1004.2,980.7,11,3.1,87,21.2,0.0,122.0,48.5,399.0,2.6,11.3,209.0
2026-06-03 08:00:00+00:00,36.5,30,16.2,40.2,1003.0,979.6,8,1.8,336,16.2,0.0,112.5,47.1,397.0,3.0,10.8,208.0
2026-06-03 09:00:00+00:00,37.1,30,16.4,39.8,1001.6,978.3,3,5.4,323,23.4,0.0,104.3,46.1,398.0,3.9,10.6,205.0
2026-06-03 10:00:00+00:00,37.5,29,16.4,39.2,1000.7,977.5,5,8.3,319,26.6,0.0,98.5,45.6,382.0,3.8,10.7,203.0
2026-06-03 11:00:00+00:00,37.4,29,16.4,38.2,999.9,976.7,2,9.4,330,28.1,0.0,93.4,45.2,369.0,4.1,11.1,199.0
2026-06-03 12:00:00+00:00,37.9,27,15.7,38.6,999.1,975.9,5,8.5,314,27.7,0.0,68.5,34.9,392.0,7.2,10.4,176.0
2026-06-03 13:00:00+00:00,37.0,29,16.0,37.8,999.1,975.9,2,8.7,315,24.5,0.0,63.8,34.3,446.0,25.7,12.0,145.0
2026-06-03 14:00:00+00:00,36.3,31,16.3,37.5,999.3,976.0,1,6.2,330,23.0,0.0,69.4,44.8,536.0,51.5,14.2,101.0
2026-06-03 15:00:00+00:00,35.5,37,18.6,38.3,999.5,976.2,0,1.9,248,14.8,0.0,80.1,56.1,711.0,73.8,16.3,64.0
2026-06-03 16:00:00+00:00,34.4,37,17.4,36.3,999.9,976.5,0,4.7,212,10.1,0.0,86.1,62.2,1063.0,89.1,18.3,41.0
2026-06-03 17:00:00+00:00,33.6,42,18.9,36.3,1000.0,976.5,0,4.2,220,10.1,0.0,94.8,69.4,1499.0,100.8,20.3,25.0
2026-06-03 18:00:00+00:00,33.6,41,18.7,36.2,1000.2,976.7,0,4.1,255,8.6,0.0,106.2,79.4,1789.0,108.3,21.5,13.0
2026-06-03 19:00:00+00:00,32.8,49,20.7,36.7,999.6,976.1,0,2.2,275,8.3,0.0,112.2,84.8,1836.0,111.7,21.4,4.0
2026-06-03 20:00:00+00:00,32.3,47,19.6,35.4,999.4,975.8,16,3.5,201,6.8,0.0,116.2,88.9,1737.0,111.0,20.6,0.0
2026-06-03 21:00:00+00:00,31.6,48,19.2,34.3,999.3,975.7,0,4.6,169,8.6,0.0,116.9,92.4,1557.0,105.5,19.6,0.0
2026-06-03 22:00:00+00:00,30.9,50,19.3,33.7,999.2,975.5,0,4.3,123,9.0,0.0,109.7,88.5,1245.0,92.3,18.5,5.0
2026-06-03 23:00:00+00:00,30.6,50,18.9,33.2,999.1,975.4,0,4.9,96,9.4,0.0,97.1,79.9,852.0,74.4,17.3,15.0
2026-06-04 00:00:00+00:00,30.5,52,19.4,32.9,999.7,976.0,5,7.3,169,12.2,0.0,106.6,86.4,596.0,76.1,18.0,14.0
2026-06-04 01:00:00+00:00,30.4,51,19.2,32.7,1000.0,976.3,5,7.6,149,16.6,0.0,103.6,86.1,611.0,65.8,19.4,40.0
2026-06-04 02:00:00+00:00,31.6,48,19.1,34.0,1000.2,976.5,0,6.6,139,16.9,0.0,95.0,76.6,763.0,51.1,21.3,76.0
2026-06-04 03:00:00+00:00,34.0,40,18.7,36.0,1000.1,976.6,78,7.6,144,20.9,0.0,87.8,61.5,873.0,37.3,22.4,114.0
2026-06-04 04:00:00+00:00,35.8,35,18.1,37.7,1000.9,977.5,65,7.1,236,21.2,0.0,85.9,55.8,869.0,25.1,22.2,154.0
2026-06-04 05:00:00+00:00,26.3,79,22.5,30.7,1003.8,979.6,100,5.4,323,61.2,4.9,83.8,53.2,822.0,13.7,21.2,194.0
2026-06-04 06:00:00+00:00,29.7,58,20.6,32.3,1000.7,976.9,30,10.4,126,23.0,2.3,86.1,49.1,775.0,5.6,19.8,221.0
2026-06-04 07:00:00+00:00,35.1,41,19.8,40.2,1000.2,976.8,28,3.7,67,23.8,0.2,92.4,46.1,736.0,2.5,17.8,226.0
2026-06-04 08:00:00+00:00,34.2,40,18.8,37.7,1000.8,977.3,72,6.4,313,23.8,0.2,114.1,54.0,697.0,2.7,15.5,218.0
2026-06-04 09:00:00+00:00,34.7,37,17.9,37.2,999.8,976.4,25,5.2,76,19.1,0.2,97.1,46.4,665.0,4.0,13.9,208.0
2026-06-04 10:00:00+00:00,35.8,34,17.5,38.2,999.2,975.9,35,5.7,35,19.4,0.0,97.8,47.1,569.0,5.8,13.7,200.0
2026-06-04 11:00:00+00:00,35.8,33,17.1,37.7,999.0,975.7,3,3.9,24,16.9,0.0,88.7,46.7,482.0,8.6,14.2,189.0
2026-06-04 12:00:00+00:00,30.9,46,17.8,30.9,999.6,975.9,2,19.2,353,12.2,0.0,99.9,56.2,630.0,11.5,13.8,180.0
2026-06-04 13:00:00+00:00,29.0,52,18.1,30.0,999.9,976.0,0,13.2,15,44.6,0.0,93.1,54.0,1244.0,14.9,12.8,162.0
2026-06-04 14:00:00+00:00,28.0,54,18.0,29.3,1000.3,976.4,0,10.6,34,31.7,0.0,83.8,52.4,2092.0,19.8,11.4,136.0
2026-06-04 15:00:00+00:00,27.6,56,18.1,29.1,1000.7,976.7,0,9.9,57,24.1,0.0,77.5,52.3,2711.0,23.8,10.3,113.0
2026-06-04 16:00:00+00:00,27.4,57,18.1,29.2,1001.2,977.2,0,7.9,101,20.9,0.0,75.2,51.8,2903.0,26.2,9.9,97.0
2026-06-04 17:00:00+00:00,27.1,59,18.3,29.3,1001.4,977.4,0,6.0,127,15.5,0.0,73.1,52.0,2865.0,27.9,9.8,84.0
2026-06-04 18:00:00+00:00,26.3,57,17.0,27.8,1000.7,976.6,3,6.2,123,11.9,0.0,71.0,51.8,2721.0,29.2,9.8,74.0
2026-06-04 19:00:00+00:00,25.4,58,16.6,26.7,1001.0,976.8,76,6.9,141,12.6,0.0,68.5,51.0,2467.0,29.9,9.8,68.0
2026-06-04 20:00:00+00:00,25.8,53,15.6,25.9,1000.3,976.2,2,11.9,157,23.4,0.0,66.8,50.4,2107.0,30.2,10.0,64.0
2026-06-04 21:00:00+00:00,25.3,54,15.5,26.4,1000.5,976.3,0,5.3,262,23.8,0.0,66.6,51.1,1781.0,31.5,10.2,60.0
2026-06-04 22:00:00+00:00,24.5,60,16.2,25.8,1000.9,976.7,36,6.0,299,13.7,0.0,70.1,54.1,1539.0,35.6,10.3,50.0
2026-06-04 23:00:00+00:00,24.1,64,16.8,25.5,1001.3,977.0,1,6.4,335,13.0,0.0,73.6,57.2,1331.0,40.7,10.6,39.0
2026-06-05 00:00:00+00:00,24.5,68,18.2,26.6,1002.1,977.8,1,6.3,5,18.7,0.0,59.1,48.4,1149.0,28.2,10.2,52.0
2026-06-05 01:00:00+00:00,24.2,71,18.6,26.4,1002.7,978.4,0,6.4,36,15.5,0.0,61.2,48.8,993.0,25.5,11.5,65.0
2026-06-05 02:00:00+00:00,25.5,66,18.7,27.9,1003.4,979.2,0,6.0,65,15.8,0.0,72.6,48.7,863.0,21.6,13.2,85.0
2026-06-05 03:00:00+00:00,27.6,56,18.0,29.5,1003.8,979.7,0,7.1,75,19.8,0.0,75.4,46.3,752.0,17.5,14.3,109.0
2026-06-05 04:00:00+00:00,29.5,50,17.9,31.2,1003.9,980.0,0,7.8,81,23.0,0.0,75.2,44.8,657.0,13.0,14.4,140.0
2026-06-05 05:00:00+00:00,31.1,47,18.4,33.9,1003.7,979.9,0,7.3,83,23.8,0.0,75.2,44.0,580.0,8.4,13.9,176.0
2026-06-05 06:00:00+00:00,32.8,41,17.8,36.3,1003.9,980.2,0,5.5,77,23.0,0.0,76.4,43.9,525.0,5.0,13.2,201.0
2026-06-05 07:00:00+00:00,34.3,37,17.5,38.4,1003.3,979.8,0,4.0,63,19.4,0.0,77.8,43.7,493.0,3.6,12.1,209.0
2026-06-05 08:00:00+00:00,35.3,34,16.9,39.2,1002.2,978.8,0,3.7,55,18.0,0.0,77.8,43.0,482.0,3.5,10.8,208.0
2026-06-05 09:00:00+00:00,36.0,31,16.2,39.3,1001.5,978.1,0,3.1,36,17.3,0.0,75.0,41.4,486.0,3.9,9.9,205.0
2026-06-05 10:00:00+00:00,36.3,29,15.5,38.7,1000.8,977.5,0,2.2,9,16.2,0.0,72.4,40.6,475.0,2.9,9.6,207.0
2026-06-05 11:00:00+00:00,36.4,28,15.0,37.7,1000.2,976.9,0,2.3,337,14.0,0.0,69.4,39.6,479.0,2.4,9.7,207.0
2026-06-05 12:00:00+00:00,36.4,27,14.7,37.3,999.8,976.5,0,3.9,16,13.7,0.0,32.8,24.7,576.0,8.1,13.1,222.0
2026-06-05 13:00:00+00:00,35.9,28,14.7,36.6,999.8,976.5,1,5.3,8,15.5,0.0,33.9,25.4,842.0,18.5,14.7,202.0
2026-06-05 14:00:00+00:00,34.6,38,18.1,37.0,1000.0,976.6,1,3.1,28,14.8,0.0,39.0,30.5,1202.0,33.6,17.1,172.0
2026-06-05 15:00:00+00:00,33.6,44,19.5,36.9,1000.4,976.9,2,1.8,84,6.8,0.0,50.2,41.9,1509.0,49.4,19.3,141.0
2026-06-05 16:00:00+00:00,32.9,45,19.2,36.0,1000.8,977.2,2,2.4,343,5.4,0.0,61.7,53.8,1744.0,67.9,21.6,107.0
2026-06-05 17:00:00+00:00,32.1,47,19.4,35.4,1001.3,977.7,1,1.4,270,5.0,0.0,73.6,65.9,1927.0,87.2,23.7,72.0
2026-06-05 18:00:00+00:00,31.8,45,18.3,34.1,1001.5,977.8,0,5.2,6,7.9,0.0,84.5,76.8,1966.0,98.0,24.5,46.0
2026-06-05 19:00:00+00:00,31.0,48,18.6,33.3,1001.4,977.7,0,5.5,19,11.2,0.0,86.8,79.2,1763.0,93.8,22.8,36.0
2026-06-05 20:00:00+00:00,30.2,48,18.1,32.3,1001.1,977.3,0,5.8,36,11.5,0.0,85.2,77.3,1417.0,81.1,19.8,37.0
2026-06-05 21:00:00+00:00,29.7,47,17.2,31.2,1000.8,977.0,0,6.8,35,12.6,0.0,82.4,74.0,1131.0,70.0,17.3,37.0
2026-06-05 22:00:00+00:00,29.3,45,16.1,30.4,1000.6,976.8,0,7.0,50,13.0,0.0,79.9,71.2,974.0,64.5,15.9,32.0
2026-06-05 23:00:00+00:00,28.9,46,16.0,30.0,1000.9,977.0,0,5.9,55,13.0,0.0,77.8,70.1,877.0,60.6,15.1,27.0
2026-06-06 00:00:00+00:00,29.2,51,18.1,31.3,1001.3,977.4,1,5.8,39,10.1,0.0,109.7,100.4,844.0,100.3,22.3,8.0
2026-06-06 01:00:00+00:00,28.9,52,18.2,31.0,1001.8,977.9,0,5.5,77,11.2,0.0,104.8,97.3,932.0,80.5,21.6,40.0
2026-06-06 02:00:00+00:00,30.4,48,18.2,33.0,1002.4,978.6,0,2.6,115,11.5,0.0,78.0,71.9,1084.0,52.9,20.7,86.0
2026-06-06 03:00:00+00:00,32.8,40,17.5,34.8,1002.9,979.3,0,4.2,83,14.0,0.0,48.1,41.3,1129.0,30.3,19.8,128.0
2026-06-06 04:00:00+00:00,35.2,32,16.1,36.5,1002.8,979.4,0,5.1,72,17.6,0.0,43.5,35.5,951.0,17.6,19.2,165.0
2026-06-06 05:00:00+00:00,36.9,27,14.7,38.8,1002.7,979.4,0,3.7,55,17.6,0.0,43.4,33.3,667.0,9.9,18.7,198.0
2026-06-06 06:00:00+00:00,37.6,23,12.7,40.0,1002.8,979.5,4,1.1,81,16.9,0.0,41.2,31.0,449.0,4.9,17.8,221.0
2026-06-06 07:00:00+00:00,39.0,20,12.1,41.5,1002.4,979.2,3,1.5,36,14.0,0.0,39.3,29.2,374.0,2.6,16.0,227.0
2026-06-06 08:00:00+00:00,39.8,19,11.5,42.2,1001.5,978.4,31,1.4,310,14.0,0.0,40.3,28.6,365.0,3.0,13.8,223.0
2026-06-06 09:00:00+00:00,40.0,18,11.5,41.5,1000.7,977.7,23,4.0,267,18.0,0.0,41.8,28.5,372.0,3.9,12.3,218.0
2026-06-06 10:00:00+00:00,39.7,19,11.9,39.5,1000.0,976.9,3,9.6,250,28.4,0.0,44.0,28.5,343.0,2.1,11.7,220.0
2026-06-06 11:00:00+00:00,38.8,21,12.4,37.6,999.8,976.7,7,13.0,251,34.2,0.5,46.1,28.8,329.0,0.9,11.8,222.0
2026-06-06 12:00:00+00:00,39.3,21,12.9,38.9,998.9,975.8,8,8.1,265,36.0,0.1,44.8,31.8,432.0,7.8,13.1,217.0
2026-06-06 13:00:00+00:00,37.5,26,14.6,37.6,999.2,976.0,0,9.3,246,23.8,0.0,44.6,32.2,770.0,23.0,14.4,186.0
2026-06-06 14:00:00+00:00,35.9,31,16.2,36.8,999.9,976.6,0,7.8,255,23.0,0.0,53.3,42.6,1225.0,44.3,16.2,142.0
2026-06-06 15:00:00+00:00,34.6,36,17.2,36.4,1000.6,977.2,4,5.0,330,16.2,0.0,61.0,50.4,1541.0,63.1,17.7,103.0
2026-06-06 16:00:00+00:00,33.9,34,15.6,34.6,1001.0,977.5,77,7.6,28,13.7,0.0,65.2,55.1,1602.0,76.6,18.6,73.0
2026-06-06 17:00:00+00:00,33.6,32,14.8,34.3,1001.0,977.5,1,5.9,20,14.4,0.0,71.5,61.5,1524.0,87.6,19.2,47.0
2026-06-06 18:00:00+00:00,33.4,34,15.4,34.5,1000.9,977.4,0,4.5,317,9.7,0.0,77.1,67.5,1395.0,95.5,19.4,27.0
2026-06-06 19:00:00+00:00,31.9,36,14.9,32.1,1001.0,977.3,0,9.1,309,16.2,0.0,79.6,70.3,1215.0,99.8,19.0,15.0
2026-06-06 20:00:00+00:00,31.0,39,15.4,31.6,1001.1,977.4,0,8.0,324,17.3,0.0,82.9,73.8,984.0,101.1,18.1,9.0
2026-06-06 21:00:00+00:00,30.4,42,15.9,31.4,1001.1,977.3,0,6.7,2,14.4,0.0,85.9,77.1,789.0,100.0,17.2,5.0
2026-06-06 22:00:00+00:00,29.9,42,15.7,30.8,1001.3,977.5,0,6.8,3,13.3,0.0,89.9,81.3,655.0,97.4,16.4,0.0
2026-06-06 23:00:00+00:00,29.1,45,16.0,30.3,1001.5,977.6,0,5.6,40,13.3,0.0,93.1,85.0,557.0,92.5,15.5,0.0
2026-06-07 00:00:00+00:00,29.2,46,16.4,30.7,1002.1,978.2,0,4.5,23,10.1,0.0,61.9,55.2,508.0,51.6,10.3,32.0
2026-06-07 01:00:00+00:00,29.6,45,16.5,31.4,1002.5,978.6,0,2.9,47,8.3,0.0,68.9,62.4,543.0,44.1,11.5,56.0
2026-06-07 02:00:00+00:00,31.2,39,15.6,32.8,1003.0,979.2,0,1.6,96,6.8,0.0,56.2,49.2,626.0,33.6,13.1,89.0
2026-06-07 03:00:00+00:00,33.7,32,14.5,34.9,1003.2,979.6,0,1.8,84,9.0,0.0,48.2,40.0,662.0,23.9,14.2,123.0
2026-06-07 04:00:00+00:00,36.2,25,13.2,36.9,1003.1,979.7,0,2.3,108,11.5,0.0,41.3,32.9,596.0,15.9,14.5,156.0
2026-06-07 05:00:00+00:00,38.0,21,12.0,39.3,1002.9,979.7,0,1.8,217,11.9,0.0,37.6,28.2,482.0,8.6,14.4,188.0
2026-06-07 06:00:00+00:00,38.9,20,11.9,40.8,1002.9,979.7,0,2.9,277,18.4,0.0,45.3,30.6,389.0,3.6,14.1,212.0
2026-06-07 07:00:00+00:00,40.0,19,11.7,41.8,1002.3,979.2,2,4.9,280,19.8,0.0,47.3,31.2,341.0,1.9,13.5,222.0
2026-06-07 08:00:00+00:00,40.5,18,11.7,41.7,1001.4,978.4,1,7.8,289,25.9,0.0,46.3,30.6,314.0,2.3,12.6,222.0
2026-06-07 09:00:00+00:00,40.7,18,11.8,41.2,1000.4,977.4,0,10.0,291,30.6,0.0,45.2,29.9,300.0,3.1,12.0,220.0
2026-06-07 10:00:00+00:00,40.5,18,11.7,40.0,999.9,976.9,1,11.7,293,33.5,0.1,43.3,28.8,293.0,2.8,11.7,219.0
2026-06-07 11:00:00+00:00,40.1,18,11.6,38.6,999.7,976.7,1,13.2,299,36.0,0.0,41.7,27.8,301.0,2.8,11.6,215.0
2026-06-07 12:00:00+00:00,39.9,19,11.7,38.5,999.1,976.1,1,13.3,306,35.6,0.0,49.0,30.3,335.0,5.1,10.7,193.0
2026-06-07 13:00:00+00:00,38.9,21,12.4,37.7,999.0,975.9,2,13.4,302,33.8,0.0,45.2,29.6,420.0,11.3,11.1,169.0
2026-06-07 14:00:00+00:00,38.0,23,13.3,37.4,999.5,976.3,2,10.9,297,32.0,0.0,45.6,34.0,533.0,20.0,11.6,135.0
2026-06-07 15:00:00+00:00,36.6,26,14.0,36.6,1000.2,976.9,0,8.6,323,24.8,0.0,46.3,36.7,615.0,27.4,11.8,106.0
2026-06-07 16:00:00+00:00,35.0,28,13.8,35.3,1000.5,977.1,0,6.4,317,18.7,0.0,46.1,38.0,639.0,31.6,11.5,87.0
2026-06-07 17:00:00+00:00,33.9,31,14.5,34.6,1000.5,977.0,0,5.5,319,13.7,0.0,46.9,39.9,633.0,34.5,10.9,72.0
2026-06-07 18:00:00+00:00,34.2,35,16.8,36.0,1000.0,976.5,0,4.0,333,10.8,0.0,49.2,42.7,622.0,38.7,10.6,58.0
2026-06-07 19:00:00+00:00,33.5,36,16.5,35.1,999.4,975.9,0,4.2,350,7.2,0.0,52.4,46.0,617.0,45.9,10.7,44.0
2026-06-07 20:00:00+00:00,32.5,35,15.0,33.2,999.2,975.6,0,5.9,308,10.8,0.0,56.1,49.6,607.0,54.4,11.1,32.0
2026-06-07 21:00:00+00:00,31.2,39,15.5,32.1,998.9,975.2,0,6.0,286,11.9,0.0,59.8,53.2,585.0,61.3,11.4,22.0
2026-06-07 22:00:00+00:00,30.6,42,16.2,32.0,999.0,975.3,0,5.2,290,11.2,0.0,63.6,56.8,526.0,66.8,11.6,11.0
2026-06-07 23:00:00+00:00,30.1,42,15.8,31.4,999.4,975.6,0,4.9,2,9.0,0.0,68.0,61.2,456.0,70.8,11.7,3.0
2026-06-08 00:00:00+00:00,30.5,44,16.9,32.2,999.6,975.9,0,4.5,323,9.7,0.0,63.6,56.7,444.0,62.9,11.5,14.0
2026-06-08 01:00:00+00:00,30.6,45,17.3,32.7,1000.1,976.4,0,3.1,301,8.3,0.0,71.9,64.7,567.0,53.6,13.3,46.0
2026-06-08 02:00:00+00:00,32.4,39,16.8,34.6,1000.6,977.0,0,1.1,288,7.9,0.0,59.6,53.6,748.0,40.4,15.8,92.0
2026-06-08 03:00:00+00:00,35.2,32,15.9,37.0,1000.9,977.5,0,1.0,329,8.6,0.0,46.9,38.4,834.0,28.5,17.1,133.0
2026-06-08 04:00:00+00:00,37.6,27,15.3,39.1,1000.9,977.7,0,1.7,319,11.5,0.0,42.8,32.8,726.0,19.1,16.5,167.0
2026-06-08 05:00:00+00:00,39.3,23,14.5,41.3,1000.6,977.5,0,2.8,305,14.8,0.0,41.0,30.0,521.0,11.0,14.7,196.0
2026-06-08 06:00:00+00:00,40.3,19,12.5,41.7,1000.3,977.3,14,6.3,301,17.6,0.0,37.0,25.1,359.0,5.2,12.9,213.0
2026-06-08 07:00:00+00:00,41.2,16,10.6,41.8,999.9,977.0,30,8.6,300,27.4,0.0,32.6,20.4,295.0,2.8,11.1,211.0
2026-06-08 08:00:00+00:00,41.4,16,10.6,41.2,999.1,976.2,17,10.7,295,31.3,0.0,31.0,18.3,273.0,2.8,9.2,198.0
2026-06-08 09:00:00+00:00,41.4,16,10.5,40.9,998.3,975.4,6,11.4,286,32.8,0.0,29.9,17.3,265.0,3.3,7.9,185.0
2026-06-08 10:00:00+00:00,41.4,16,10.7,40.5,998.0,975.1,2,12.5,277,34.9,0.0,28.9,16.6,255.0,2.6,7.3,181.0
2026-06-08 11:00:00+00:00,41.0,17,11.4,39.4,997.7,974.8,3,13.2,276,35.6,0.0,28.3,16.3,260.0,2.5,7.2,177.0
2026-06-08 12:00:00+00:00,41.3,16,10.3,39.5,997.2,974.3,8,12.6,290,35.3,0.0,37.1,21.8,302.0,6.2,7.3,170.0
2026-06-08 13:00:00+00:00,40.4,17,10.6,38.8,997.1,974.2,5,11.9,288,32.0,0.0,37.6,23.3,396.0,15.0,8.3,149.0
2026-06-08 14:00:00+00:00,39.0,20,12.1,38.0,997.3,974.3,2,10.6,284,29.2,0.0,41.1,29.7,527.0,27.2,9.7,120.0
2026-06-08 15:00:00+00:00,37.6,23,13.0,37.2,997.5,974.4,2,8.7,291,23.8,0.0,46.9,35.6,673.0,36.1,10.8,97.0
2026-06-08 16:00:00+00:00,36.5,25,13.6,36.7,997.6,974.4,1,6.0,311,18.7,0.0,51.8,39.2,876.0,38.9,11.2,87.0
2026-06-08 17:00:00+00:00,35.7,28,14.3,36.3,997.9,974.6,0,5.4,323,13.0,0.0,56.3,42.3,1096.0,38.5,11.2,84.0
2026-06-08 18:00:00+00:00,36.0,30,15.6,37.2,997.6,974.3,0,4.4,291,10.8,0.0,60.8,44.9,1185.0,37.2,11.1,84.0
2026-06-08 19:00:00+00:00,34.3,34,16.3,35.7,997.3,973.9,0,5.3,246,10.4,0.0,64.3,46.0,1029.0,34.3,11.0,88.0
2026-06-08 20:00:00+00:00,33.2,37,16.6,34.4,997.1,973.6,0,7.1,263,14.4,0.0,67.3,46.3,743.0,30.5,10.9,95.0
2026-06-08 21:00:00+00:00,32.5,39,16.6,33.7,997.0,973.5,0,7.6,269,14.8,0.0,71.0,47.0,530.0,30.6,10.9,94.0
2026-06-08 22:00:00+00:00,32.2,39,16.6,33.4,997.1,973.6,0,7.6,265,15.5,0.0,75.0,51.0,465.0,39.4,11.0,74.0
2026-06-08 23:00:00+00:00,31.8,41,16.9,33.1,997.1,973.5,0,7.4,241,14.4,0.0,78.0,56.7,472.0,52.0,11.4,46.0
2026-06-09 00:00:00+00:00,31.9,41,17.2,33.5,996.9,973.3,0,6.2,244,14.4,0.0,77.8,56.9,533.0,55.3,12.1,46.0
2026-06-09 01:00:00+00:00,32.1,46,18.9,34.8,997.3,973.7,0,4.1,241,11.2,0.0,77.8,61.2,698.0,48.5,13.9,68.0
2026-06-09 02:00:00+00:00,34.0,38,17.7,36.2,997.7,974.3,0,3.6,72,10.1,0.0,67.1,53.0,917.0,38.9,16.3,100.0
2026-06-09 03:00:00+00:00,36.7,31,16.6,38.4,997.8,974.6,0,4.3,73,14.4,0.0,67.3,47.3,1015.0,29.5,17.9,133.0
2026-06-09 04:00:00+00:00,39.1,25,15.8,40.6,998.0,975.0,0,3.1,211,14.4,0.0,68.9,43.7,876.0,20.7,17.9,168.0
2026-06-09 05:00:00+00:00,40.4,23,15.0,41.5,998.1,975.1,0,9.4,220,27.7,0.0,69.4,41.4,617.0,12.1,16.9,204.0
2026-06-09 06:00:00+00:00,41.3,17,11.5,42.0,998.0,975.1,5,8.6,210,29.2,0.0,66.1,38.1,411.0,5.9,15.7,228.0
2026-06-09 07:00:00+00:00,42.3,17,11.9,43.3,997.6,974.8,2,8.2,216,26.3,0.0,61.5,35.4,329.0,3.4,14.2,231.0
2026-06-09 08:00:00+00:00,42.8,16,11.7,43.6,996.7,974.0,22,10.3,223,30.6,0.0,58.4,33.3,300.0,3.4,12.4,222.0
2026-06-09 09:00:00+00:00,42.8,16,11.5,42.6,996.0,973.3,37,13.1,232,36.0,0.0,56.9,31.1,289.0,3.9,11.0,210.0
2026-06-09 10:00:00+00:00,42.5,16,11.5,41.9,995.8,973.1,30,12.2,232,37.1,0.0,58.0,29.3,258.0,3.6,10.0,197.0
2026-06-09 11:00:00+00:00,42.2,16,10.7,40.9,995.7,972.9,16,9.8,234,33.5,0.0,63.3,29.2,244.0,3.9,9.3,181.0
2026-06-09 12:00:00+00:00,42.9,14,10.1,41.5,994.3,971.6,17,9.7,236,27.4,0.1,82.2,34.9,326.0,6.7,8.7,171.0
2026-06-09 13:00:00+00:00,41.7,16,11.2,40.5,994.6,971.8,2,9.9,243,26.6,0.0,81.0,36.4,580.0,11.6,9.2,150.0
2026-06-09 14:00:00+00:00,40.0,21,13.5,40.3,995.0,972.1,1,5.2,209,24.1,0.0,80.6,38.4,929.0,18.6,9.9,121.0
2026-06-09 15:00:00+00:00,39.0,23,14.0,39.5,995.3,972.3,0,5.6,201,10.8,0.0,85.4,41.1,1227.0,26.2,10.8,95.0
2026-06-09 16:00:00+00:00,38.1,27,15.6,39.3,995.6,972.5,0,4.5,214,11.2,0.0,96.9,45.4,1438.0,34.5,11.9,78.0
2026-06-09 17:00:00+00:00,36.8,30,16.4,38.2,996.2,973.0,0,4.9,216,9.0,0.0,108.5,51.3,1597.0,43.3,13.2,65.0
2026-06-09 18:00:00+00:00,36.5,33,17.8,38.4,996.2,973.0,0,6.3,217,13.3,0.0,114.8,54.1,1663.0,50.7,14.3,54.0
2026-06-09 19:00:00+00:00,35.1,38,18.7,37.3,996.0,972.7,0,7.1,207,14.4,0.0,119.2,54.4,1590.0,56.0,15.0,47.0
2026-06-09 20:00:00+00:00,34.6,42,19.6,37.5,995.7,972.4,0,4.9,219,14.4,0.0,125.3,57.6,1424.0,59.9,15.5,42.0
2026-06-09 21:00:00+00:00,33.9,42,19.1,36.6,995.6,972.2,0,4.3,33,9.0,0.0,129.9,62.9,1259.0,62.9,15.7,37.0
2026-06-09 22:00:00+00:00,33.4,44,19.5,36.5,995.7,972.3,0,3.4,43,9.7,0.0,127.6,68.2,1105.0,66.1,15.3,25.0
2026-06-09 23:00:00+00:00,32.8,44,18.8,35.5,996.2,972.7,0,3.5,75,6.5,0.0,116.6,68.5,954.0,68.4,14.6,12.0
2026-06-10 00:00:00+00:00,33.1,48,20.6,36.5,996.7,973.2,0,5.1,86,14.8,0.0,71.2,54.4,871.0,55.9,13.6,21.0
2026-06-10 01:00:00+00:00,32.9,49,20.8,36.3,997.0,973.5,0,5.5,103,13.3,0.0,63.1,50.5,936.0,47.7,13.9,47.0
2026-06-10 02:00:00+00:00,34.4,46,20.9,37.9,997.3,973.9,0,5.3,125,14.4,0.0,57.6,47.1,1070.0,36.2,14.3,85.0
2026-06-10 03:00:00+00:00,36.1,41,20.7,39.2,997.7,974.4,0,7.1,174,20.2,0.0,59.1,42.6,1105.0,25.7,14.6,121.0
2026-06-10 04:00:00+00:00,37.8,36,20.1,40.5,997.9,974.8,0,8.5,175,24.8,0.0,65.2,41.1,932.0,17.5,14.9,156.0
2026-06-10 05:00:00+00:00,39.9,30,19.0,43.0,997.7,974.7,0,7.4,167,25.9,0.0,73.3,40.3,661.0,10.4,15.0,189.0
2026-06-10 06:00:00+00:00,41.4,24,16.7,44.5,997.5,974.6,0,5.8,178,24.8,0.0,74.3,38.1,450.0,5.4,14.7,212.0
2026-06-10 07:00:00+00:00,42.5,21,15.6,45.2,997.1,974.3,20,7.3,196,24.5,0.0,64.7,33.1,370.0,3.4,13.4,218.0
2026-06-10 08:00:00+00:00,42.7,21,16.0,44.9,996.0,973.3,18,9.0,210,27.4,0.0,57.6,29.4,350.0,3.5,11.6,214.0
2026-06-10 09:00:00+00:00,43.0,20,15.6,44.3,995.4,972.7,32,10.9,225,31.7,0.0,53.2,27.2,340.0,4.2,10.4,208.0
2026-06-10 10:00:00+00:00,42.7,20,15.2,42.6,994.9,972.2,40,11.8,241,32.8,0.0,51.3,26.4,305.0,3.9,10.1,207.0
2026-06-10 11:00:00+00:00,41.6,23,16.3,41.8,994.9,972.1,13,13.6,250,35.6,0.0,51.6,26.5,280.0,4.2,10.4,205.0
2026-06-10 12:00:00+00:00,41.5,19,13.4,40.4,994.6,971.8,30,14.8,241,34.9,0.0,58.8,29.0,317.0,7.4,10.9,188.0
2026-06-10 13:00:00+00:00,41.0,16,10.2,39.4,994.4,971.6,5,10.9,257,35.3,0.0,58.7,32.1,444.0,17.2,11.8,160.0
2026-06-10 14:00:00+00:00,39.7,18,11.2,39.1,994.6,971.7,2,6.3,257,26.6,0.0,64.0,41.1,633.0,30.9,13.0,121.0
2026-06-10 15:00:00+00:00,38.3,23,13.2,38.5,994.9,971.9,1,5.7,257,13.3,0.0,71.9,47.4,847.0,41.9,14.0,89.0
2026-06-10 16:00:00+00:00,37.3,27,15.2,38.3,995.3,972.2,0,4.7,261,11.2,0.0,78.9,51.6,1100.0,46.9,14.7,73.0
2026-06-10 17:00:00+00:00,36.8,31,16.8,38.9,995.5,972.3,0,1.6,186,9.0,0.0,88.7,56.6,1378.0,49.3,15.3,63.0
2026-06-10 18:00:00+00:00,36.1,30,15.9,37.6,995.7,972.5,0,2.9,133,6.1,0.0,100.8,62.9,1606.0,52.4,15.7,54.0
2026-06-10 19:00:00+00:00,35.8,29,14.9,36.7,995.2,972.0,0,4.4,71,7.6,0.0,106.4,69.4,1794.0,59.4,16.0,40.0
2026-06-10 20:00:00+00:00,35.0,28,14.0,35.6,995.1,971.8,0,5.0,120,11.5,0.0,102.2,71.0,1932.0,67.2,16.0,27.0
2026-06-10 21:00:00+00:00,34.1,29,13.6,34.5,995.1,971.8,0,5.0,139,10.1,0.0,88.2,65.9,1916.0,69.7,15.7,20.0
2026-06-10 22:00:00+00:00,33.3,30,13.1,33.3,994.9,971.5,0,6.4,115,10.4,0.0,72.9,58.7,1617.0,62.8,14.6,23.0
2026-06-10 23:00:00+00:00,32.5,31,13.1,31.9,995.3,971.8,0,10.3,84,17.6,0.0,57.4,50.4,1165.0,50.7,13.1,32.0
2026-06-11 00:00:00+00:00,33.2,39,17.5,34.2,995.2,971.8,0,10.8,100,23.0,0.0,58.3,47.0,844.0,32.9,11.6,52.0
2026-06-11 01:00:00+00:00,32.8,40,17.6,34.0,995.6,972.1,9,10.1,102,23.4,0.0,49.4,42.6,815.0,30.5,12.1,74.0
2026-06-11 02:00:00+00:00,33.8,41,18.6,35.7,995.8,972.4,59,8.4,115,20.9,0.0,51.3,41.4,916.0,27.0,12.7,105.0
2026-06-11 03:00:00+00:00,35.6,40,19.7,38.1,996.3,973.0,43,8.0,153,23.0,0.0,98.7,51.8,952.0,22.7,13.1,136.0
2026-06-11 04:00:00+00:00,37.3,36,20.0,40.1,996.9,973.7,13,6.9,160,22.7,0.0,182.5,71.9,821.0,16.7,13.2,167.0
2026-06-11 05:00:00+00:00,39.2,32,19.4,42.0,996.7,973.7,7,9.2,164,27.0,0.0,239.3,85.4,624.0,9.9,13.0,196.0
2026-06-11 06:00:00+00:00,41.2,22,15.5,43.2,996.4,973.5,0,8.6,164,29.9,0.0,258.0,87.3,467.0,4.9,12.6,214.0
2026-06-11 07:00:00+00:00,42.3,20,14.6,44.3,996.1,973.3,74,9.3,190,28.4,0.0,279.4,87.5,392.0,3.0,11.6,211.0
2026-06-11 08:00:00+00:00,41.1,20,13.6,41.1,995.8,972.9,34,12.5,219,37.8,0.1,321.3,92.4,357.0,2.9,10.3,195.0
2026-06-11 09:00:00+00:00,41.5,19,13.6,41.6,995.3,972.5,29,11.1,197,34.2,0.3,362.3,98.3,342.0,3.5,9.3,181.0
2026-06-11 10:00:00+00:00,41.8,15,10.1,40.5,995.3,972.5,24,11.3,187,32.4,0.1,398.6,103.6,343.0,4.4,9.1,174.0
2026-06-11 11:00:00+00:00,41.7,16,10.6,40.6,995.3,972.5,66,8.5,180,31.0,0.0,417.2,105.9,364.0,5.9,9.3,169.0
2026-06-11 12:00:00+00:00,41.7,17,11.6,40.6,994.1,971.3,25,10.8,95,24.5,0.0,369.7,109.4,399.0,16.3,7.2,140.0
2026-06-11 13:00:00+00:00,40.0,19,11.7,37.9,994.9,972.0,13,17.5,91,40.0,0.0,434.0,114.6,461.0,16.4,8.5,138.0
2026-06-11 14:00:00+00:00,37.1,31,17.0,36.2,996.3,973.1,2,22.7,94,51.1,0.0,516.0,129.9,538.0,16.5,10.2,136.0
2026-06-11 15:00:00+00:00,34.2,41,19.1,34.4,997.8,974.4,0,22.2,102,53.3,0.0,596.0,151.8,585.0,16.3,11.3,134.0
2026-06-11 16:00:00+00:00,31.2,53,20.6,32.7,999.3,975.6,0,17.8,104,50.4,0.0,590.5,154.1,578.0,15.4,11.1,133.0
2026-06-11 17:00:00+00:00,30.9,57,21.4,33.6,999.5,975.8,0,12.2,104,41.8,0.0,501.1,138.3,542.0,14.1,10.3,132.0
2026-06-11 18:00:00+00:00,27.7,67,20.9,30.3,998.9,975.0,0,11.2,120,32.8,0.0,370.7,113.6,500.0,13.0,9.6,129.0
2026-06-11 19:00:00+00:00,27.5,65,20.4,29.3,999.0,975.1,0,15.6,119,35.3,0.0,256.1,88.7,456.0,12.3,9.1,122.0
2026-06-11 20:00:00+00:00,27.0,67,20.3,29.0,999.6,975.6,0,13.6,127,37.4,0.0,183.5,68.9,406.0,11.8,8.6,114.0
2026-06-11 21:00:00+00:00,26.2,70,20.3,28.2,999.8,975.7,1,14.0,128,36.4,0.0,152.7,57.2,368.0,11.4,8.4,106.0
2026-06-11 22:00:00+00:00,26.1,70,20.1,28.3,1000.4,976.3,1,11.2,116,32.8,0.0,170.0,56.0,344.0,11.1,8.7,100.0
2026-06-11 23:00:00+00:00,26.1,68,19.9,28.3,1000.9,976.8,0,10.8,120,26.6,0.0,250.5,69.6,332.0,10.9,9.3,95.0
2026-06-12 00:00:00+00:00,26.2,68,19.9,27.9,1001.7,977.6,33,14.4,122,25.6,0.0,344.6,87.5,338.0,9.6,5.4,92.0
2026-06-12 01:00:00+00:00,25.9,72,20.5,28.3,1002.7,978.5,1,11.5,113,32.4,0.0,348.3,90.6,383.0,10.5,5.9,94.0
2026-06-12 02:00:00+00:00,26.8,70,20.8,29.2,1003.4,979.3,0,12.2,109,30.2,0.0,400.5,97.3,447.0,11.7,6.5,98.0
2026-06-12 03:00:00+00:00,28.1,66,21.2,30.6,1003.9,979.9,1,12.9,108,32.4,0.0,421.0,102.2,478.0,11.7,7.0,106.0
2026-06-12 04:00:00+00:00,29.8,61,21.4,32.1,1004.5,980.6,2,15.7,110,39.2,0.0,390.2,99.2,438.0,9.5,7.1,122.0
2026-06-12 05:00:00+00:00,31.8,53,20.9,33.9,1003.9,980.2,11,18.3,131,46.8,0.0,366.9,96.2,366.0,6.3,7.0,142.0
2026-06-12 06:00:00+00:00,33.1,47,20.2,35.9,1005.0,981.3,14,15.9,112,45.7,0.0,391.2,97.3,326.0,3.8,6.7,155.0
2026-06-12 07:00:00+00:00,33.7,45,20.0,37.1,1005.7,982.1,52,12.8,88,41.8,0.1,423.8,100.1,357.0,2.9,6.2,157.0
2026-06-12 08:00:00+00:00,33.3,44,19.3,34.5,1004.5,980.9,14,19.2,96,46.1,0.3,466.6,106.2,420.0,2.8,5.6,153.0
2026-06-12 09:00:00+00:00,31.8,47,19.2,34.2,1004.2,980.5,41,14.7,104,61.2,0.2,517.8,112.7,460.0,3.2,5.2,148.0
2026-06-12 10:00:00+00:00,33.1,44,19.4,35.3,1004.0,980.4,4,12.4,103,35.6,0.0,571.8,119.2,436.0,2.9,5.0,146.0
2026-06-12 11:00:00+00:00,32.8,45,19.2,33.9,1003.7,980.1,2,16.1,121,40.3,0.0,597.9,121.5,389.0,3.1,5.0,144.0
2026-06-12 12:00:00+00:00,33.8,44,20.0,35.5,1002.1,978.6,24,14.0,103,41.0,0.0,627.7,88.9,385.0,8.0,4.6,122.0
2026-06-12 13:00:00+00:00,33.0,48,20.4,35.3,1002.0,978.4,16,11.4,96,33.5,0.0,610.9,91.3,471.0,13.0,5.3,109.0
2026-06-12 14:00:00+00:00,31.7,53,21.1,34.6,1002.7,979.0,36,10.5,61,26.6,0.0,497.3,84.1,601.0,20.1,6.4,90.0
2026-06-12 15:00:00+00:00,31.1,56,21.2,34.1,1003.2,979.4,67,10.4,58,23.0,0.0,367.9,76.4,702.0,26.7,7.3,73.0
2026-06-12 16:00:00+00:00,30.6,57,21.2,33.5,1003.9,980.1,97,10.8,58,22.3,0.0,302.7,71.7,753.0,32.9,7.9,59.0
2026-06-12 17:00:00+00:00,30.1,59,21.1,32.8,1004.5,980.6,100,11.1,70,22.7,0.0,244.0,68.9,774.0,38.7,8.4,46.0
2026-06-12 18:00:00+00:00,25.4,73,20.3,27.6,1006.7,982.4,100,12.2,54,26.3,0.0,197.0,65.0,756.0,41.0,8.7,39.0
2026-06-12 19:00:00+00:00,24.9,78,20.9,27.3,1003.5,979.2,100,13.1,89,29.2,0.0,156.5,57.4,669.0,37.2,8.7,43.0
2026-06-12 20:00:00+00:00,25.0,79,21.2,29.1,1003.1,978.9,100,2.0,260,28.1,0.0,133.2,51.7,543.0,30.0,8.4,53.0
2026-06-12 21:00:00+00:00,25.3,77,21.0,28.5,1004.9,980.6,100,7.6,25,17.6,0.0,143.9,52.0,450.0,24.7,8.5,60.0
2026-06-12 22:00:00+00:00,21.6,89,19.8,23.3,1005.9,981.3,100,14.3,50,31.7,0.8,172.8,55.3,426.0,24.1,9.0,57.0
2026-06-12 23:00:00+00:00,21.6,98,21.2,25.3,1006.7,982.1,100,4.9,352,32.8,5.1,197.9,59.8,436.0,25.4,9.8,51.0
2026-06-13 00:00:00+00:00,22.3,87,20.0,23.6,1004.9,980.4,16,17.5,64,14.4,6.1,143.4,39.6,448.0,11.1,6.0,92.0
2026-06-13 01:00:00+00:00,21.7,91,20.2,24.0,1005.3,980.7,97,11.6,136,40.3,3.1,109.7,33.2,458.0,11.6,5.9,95.0
2026-06-13 02:00:00+00:00,23.0,91,21.5,26.1,1005.5,981.0,41,10.8,95,30.2,0.7,96.6,29.8,470.0,12.2,5.7,99.0
2026-06-13 03:00:00+00:00,23.7,87,21.5,26.3,1006.2,981.8,27,13.8,110,33.1,0.2,67.1,24.2,469.0,11.9,5.7,107.0
2026-06-13 04:00:00+00:00,26.0,81,22.4,29.4,1006.1,981.9,13,11.7,127,32.4,0.1,66.6,22.5,446.0,9.8,6.0,122.0
2026-06-13 05:00:00+00:00,27.3,75,22.6,32.1,1006.4,982.3,0,6.9,113,29.9,0.0,130.9,33.5,410.0,6.8,6.4,139.0
2026-06-13 06:00:00+00:00,29.1,63,21.3,33.8,1007.3,983.3,33,7.8,113,23.0,0.0,142.0,35.5,376.0,4.5,6.6,153.0
2026-06-13 07:00:00+00:00,29.3,62,21.2,33.4,1007.2,983.2,25,10.3,102,27.7,0.2,152.7,37.5,344.0,3.5,6.2,158.0
2026-06-13 08:00:00+00:00,29.7,60,21.2,34.0,1006.7,982.7,37,10.4,88,30.2,0.0,153.2,38.0,313.0,3.1,5.6,160.0
2026-06-13 09:00:00+00:00,29.8,58,20.7,33.3,1006.0,982.1,33,10.7,67,28.4,0.2,153.2,38.3,299.0,3.4,5.2,159.0
2026-06-13 10:00:00+00:00,30.2,58,21.1,33.1,1005.3,981.4,14,11.2,71,29.5,0.2,147.6,37.6,296.0,2.8,5.2,160.0
2026-06-13 11:00:00+00:00,30.4,57,20.8,32.9,1004.6,980.7,23,11.5,82,28.8,0.0,142.5,37.1,310.0,2.8,5.4,160.0
2026-06-13 12:00:00+00:00,30.6,54,20.2,32.6,1004.6,980.8,9,13.4,76,27.7,0.0,36.9,19.3,373.0,8.1,4.9,137.0
2026-06-13 13:00:00+00:00,29.0,61,20.9,31.7,1004.4,980.4,2,10.8,87,31.3,0.0,35.0,18.1,531.0,15.4,5.6,120.0
2026-06-13 14:00:00+00:00,27.4,70,21.5,30.8,1004.7,980.6,0,8.6,100,22.3,0.0,33.5,21.1,739.0,25.7,6.5,96.0
2026-06-13 15:00:00+00:00,26.4,76,21.9,30.3,1004.6,980.4,0,6.3,70,16.2,0.0,37.8,27.1,889.0,35.7,7.4,74.0
2026-06-13 16:00:00+00:00,26.0,79,22.1,30.0,1004.6,980.4,0,5.9,92,11.2,0.0,41.4,31.4,937.0,44.5,8.3,56.0
2026-06-13 17:00:00+00:00,25.7,81,22.1,30.2,1004.4,980.2,0,3.5,69,9.7,0.0,44.9,35.2,927.0,52.9,9.2,40.0
2026-06-13 18:00:00+00:00,26.2,77,21.7,30.0,1004.2,980.0,0,6.2,57,6.8,0.0,51.3,40.4,886.0,59.9,9.8,27.0
2026-06-13 19:00:00+00:00,25.5,78,21.3,29.3,1004.3,980.1,1,4.8,42,11.9,0.0,59.6,47.1,807.0,65.3,9.9,17.0
2026-06-13 20:00:00+00:00,25.2,80,21.5,29.3,1004.1,979.8,1,3.4,25,7.9,0.0,65.0,51.6,696.0,69.4,9.8,9.0
2026-06-13 21:00:00+00:00,24.8,83,21.6,28.8,1003.6,979.3,0,4.2,36,7.2,0.0,65.2,51.6,602.0,71.5,9.8,4.0
2026-06-13 22:00:00+00:00,24.5,83,21.4,28.4,1003.4,979.1,0,4.6,51,7.9,0.0,67.5,52.6,535.0,72.2,9.9,0.0
2026-06-13 23:00:00+00:00,24.2,83,21.2,28.0,1003.4,979.1,0,4.8,61,8.6,0.0,71.2,54.0,485.0,71.0,10.0,0.0
2026-06-14 00:00:00+00:00,24.9,85,22.1,29.5,1003.6,979.3,0,2.2,346,7.6,0.0,63.6,44.4,464.0,51.5,8.4,15.0
2026-06-14 01:00:00+00:00,25.3,80,21.6,29.6,1003.9,979.7,0,3.1,21,6.5,0.0,59.1,42.3,499.0,41.9,9.2,40.0
2026-06-14 02:00:00+00:00,26.7,76,22.1,31.4,1003.9,979.8,0,1.7,77,6.8,0.0,64.7,36.7,564.0,28.4,10.2,76.0
2026-06-14 03:00:00+00:00,28.8,59,19.9,32.0,1004.1,980.1,0,4.0,72,12.2,0.0,65.0,32.1,588.0,17.3,10.7,109.0
2026-06-14 04:00:00+00:00,30.3,50,18.8,32.7,1004.0,980.2,0,5.9,79,16.9,0.0,57.7,27.7,527.0,10.8,10.1,134.0
2026-06-14 05:00:00+00:00,31.3,47,18.7,34.7,1003.9,980.1,0,4.3,88,16.9,0.0,53.0,24.6,426.0,6.6,8.8,156.0
2026-06-14 06:00:00+00:00,32.3,43,18.2,36.4,1003.7,980.0,0,3.4,93,14.8,0.0,46.1,21.3,352.0,3.8,7.9,173.0
2026-06-14 07:00:00+00:00,33.1,42,18.4,37.9,1003.4,979.8,0,2.3,122,13.7,0.0,40.0,18.9,331.0,2.5,7.6,183.0
2026-06-14 08:00:00+00:00,33.7,41,18.4,38.6,1002.4,978.8,0,1.7,139,11.9,0.0,38.5,18.7,338.0,2.6,7.5,187.0
2026-06-14 09:00:00+00:00,34.1,38,17.9,38.4,1001.6,978.1,0,1.6,117,10.8,0.0,38.3,19.1,364.0,3.1,7.6,189.0
2026-06-14 10:00:00+00:00,34.4,35,17.0,37.3,1001.0,977.5,0,3.1,118,11.5,0.0,39.7,20.0,391.0,0.7,7.7,193.0
2026-06-14 11:00:00+00:00,34.3,36,17.0,36.2,1000.4,976.9,1,3.7,129,12.6,0.0,40.4,20.7,438.0,0.0,8.0,195.0
2026-06-14 12:00:00+00:00,34.4,31,14.6,35.6,999.8,976.4,1,1.7,72,11.5,0.0,36.8,18.5,545.0,5.8,8.2,175.0
2026-06-14 13:00:00+00:00,33.3,37,16.7,35.2,999.8,976.3,2,2.8,35,7.2,0.0,36.6,19.8,762.0,32.5,11.0,138.0
2026-06-14 14:00:00+00:00,31.2,56,21.4,35.6,999.6,975.9,2,0.8,135,6.1,0.0,49.8,37.0,1039.0,69.4,14.9,88.0
2026-06-14 15:00:00+00:00,30.0,62,22.0,34.1,999.7,975.9,2,5.5,169,8.6,0.0,67.5,53.8,1276.0,98.7,18.3,47.0
2026-06-14 16:00:00+00:00,30.1,57,20.6,33.7,1000.3,976.5,0,3.2,146,9.7,0.0,84.8,70.5,1467.0,112.9,20.8,27.0
2026-06-14 17:00:00+00:00,30.1,52,19.2,33.0,1000.7,976.9,0,3.5,156,5.4,0.0,92.9,78.7,1618.0,119.4,22.9,18.0
2026-06-14 18:00:00+00:00,30.2,58,20.9,33.8,1000.5,976.7,0,4.2,185,6.5,0.0,92.2,77.5,1640.0,122.3,23.9,12.0
2026-06-14 19:00:00+00:00,29.6,57,20.2,32.8,1000.2,976.4,0,4.9,178,8.6,0.0,90.6,75.7,1437.0,123.2,23.5,6.0
2026-06-14 20:00:00+00:00,28.4,64,21.0,32.1,1000.0,976.1,0,4.1,195,10.1,0.0,91.0,75.9,1106.0,120.4,22.2,3.0
2026-06-14 21:00:00+00:00,28.4,63,20.8,32.4,1000.2,976.3,0,1.5,166,6.5,0.0,93.8,79.2,852.0,113.6,20.4,3.0
2026-06-14 22:00:00+00:00,28.0,65,20.7,31.9,1000.3,976.4,0,1.5,166,2.2,0.0,91.0,78.7,759.0,100.8,18.2,3.0
2026-06-14 23:00:00+00:00,27.5,63,19.9,30.8,1000.5,976.5,0,3.2,106,5.0,0.0,80.6,70.5,743.0,83.9,15.6,6.0
2026-06-15 00:00:00+00:00,27.3,69,21.0,30.6,1000.9,976.9,0,7.7,147,12.6,0.0,61.7,51.8,753.0,50.1,17.2,51.0
2026-06-15 01:00:00+00:00,27.4,67,20.8,30.5,1001.3,977.3,0,7.8,157,15.8,0.0,60.1,52.6,800.0,44.6,18.8,70.0
2026-06-15 02:00:00+00:00,29.0,64,21.6,33.0,1001.9,978.0,9,4.8,101,14.4,0.0,56.6,49.4,873.0,36.8,21.0,98.0
2026-06-15 03:00:00+00:00,30.1,59,21.3,33.2,1003.2,979.4,50,9.9,90,22.7,0.0,45.4,37.5,885.0,28.7,21.7,126.0
2026-06-15 04:00:00+00:00,29.6,59,20.7,32.4,1004.3,980.4,37,9.5,100,28.1,0.0,35.7,30.4,772.0,20.0,19.7,156.0
2026-06-15 05:00:00+00:00,31.2,53,20.6,34.4,1004.7,980.9,54,10.0,113,27.0,0.0,32.1,26.7,599.0,11.1,16.2,187.0
2026-06-15 06:00:00+00:00,33.0,51,21.4,37.5,1003.5,979.9,20,4.7,118,26.3,0.0,38.6,26.4,469.0,4.7,13.3,207.0
2026-06-15 07:00:00+00:00,33.2,46,20.2,38.2,1003.2,979.6,43,1.6,153,17.6,0.0,49.2,27.8,433.0,2.6,11.5,210.0
2026-06-15 08:00:00+00:00,33.9,44,19.8,37.8,1002.4,978.9,13,4.6,189,15.5,0.1,56.5,29.3,441.0,3.0,10.2,203.0
2026-06-15 09:00:00+00:00,34.5,42,19.6,38.7,1002.0,978.5,82,4.9,237,16.6,0.0,58.6,30.3,448.0,4.0,9.5,197.0
2026-06-15 10:00:00+00:00,34.7,39,18.9,38.2,1001.5,978.0,10,0.7,256,16.6,0.1,61.9,31.8,395.0,1.9,9.2,200.0
2026-06-15 11:00:00+00:00,35.1,37,18.1,37.7,1001.1,977.7,41,2.3,29,9.4,0.0,70.3,34.9,342.0,0.3,9.5,204.0
2026-06-15 12:00:00+00:00,34.7,39,18.9,37.4,1000.5,977.1,7,4.2,149,14.0,0.0,102.2,48.0,423.0,8.4,12.9,207.0
2026-06-15 13:00:00+00:00,33.4,49,21.4,37.2,1000.8,977.3,2,4.7,90,11.2,0.0,96.2,49.7,761.0,13.3,12.4,181.0
2026-06-15 14:00:00+00:00,31.7,59,22.6,36.0,1001.2,977.5,2,6.5,132,11.5,0.0,74.0,47.7,1234.0,19.9,11.6,146.0
2026-06-15 15:00:00+00:00,30.9,58,21.7,34.3,1001.2,977.5,0,8.6,150,15.8,0.0,67.8,45.3,1607.0,24.9,10.8,116.0
2026-06-15 16:00:00+00:00,29.8,61,21.6,33.3,1002.0,978.2,0,8.1,111,15.8,0.0,65.9,44.1,1785.0,26.4,10.0,100.0
2026-06-15 17:00:00+00:00,29.0,64,21.5,32.2,1002.3,978.4,0,9.4,114,17.3,0.0,66.4,44.4,1863.0,26.1,9.3,90.0
2026-06-15 18:00:00+00:00,29.5,63,21.7,33.2,1002.8,978.9,1,7.3,138,18.0,0.0,68.0,45.3,1898.0,25.8,8.8,81.0
2026-06-15 19:00:00+00:00,28.6,66,21.7,32.1,1002.1,978.2,1,7.9,131,14.0,0.0,69.8,46.2,1930.0,26.1,8.6,72.0
2026-06-15 20:00:00+00:00,27.9,69,21.6,31.5,1001.9,977.9,1,7.2,122,14.4,0.0,71.2,47.0,1918.0,26.4,8.7,65.0
2026-06-15 21:00:00+00:00,27.4,71,21.7,31.0,1001.8,977.8,0,7.3,106,13.0,0.0,70.3,47.5,1797.0,26.7,8.9,60.0
2026-06-15 22:00:00+00:00,26.9,75,22.0,30.9,1002.3,978.2,0,6.1,104,13.3,0.0,66.8,46.9,1449.0,27.1,9.1,55.0
2026-06-15 23:00:00+00:00,26.6,78,22.4,30.9,1002.9,978.8,2,5.4,130,10.4,0.0,62.4,45.9,991.0,27.5,9.5,51.0
2026-06-16 00:00:00+00:00,27.1,78,23.0,31.9,1003.2,979.1,22,4.6,79,16.6,0.0,53.4,40.7,715.0,18.2,10.4,79.0
2026-06-16 01:00:00+00:00,25.5,74,20.5,27.5,1005.2,980.9,100,14.5,354,36.7,0.0,53.4,40.4,828.0,18.8,11.7,82.0
2026-06-16 02:00:00+00:00,24.2,85,21.5,28.6,1005.5,981.1,100,1.1,162,34.2,1.7,66.6,43.4,1122.0,19.4,13.3,88.0
2026-06-16 03:00:00+00:00,24.6,94,23.6,29.1,1004.9,980.6,99,8.5,61,16.2,2.6,85.0,47.1,1264.0,18.5,14.1,101.0
2026-06-16 04:00:00+00:00,25.8,85,23.0,29.8,1005.2,981.0,99,9.9,81,23.0,0.1,91.0,47.5,1064.0,14.7,13.1,127.0
2026-06-16 05:00:00+00:00,28.2,71,22.5,32.0,1005.5,981.5,81,9.9,91,28.4,0.0,90.3,46.6,712.0,9.3,11.3,161.0
2026-06-16 06:00:00+00:00,30.1,56,20.3,33.6,1006.0,982.1,77,9.6,95,25.6,0.0,94.3,47.3,450.0,5.3,9.9,186.0
2026-06-16 07:00:00+00:00,30.7,52,19.8,34.6,1006.0,982.1,2,7.8,103,24.1,0.0,95.9,47.0,385.0,3.8,9.6,196.0
2026-06-16 08:00:00+00:00,31.7,50,20.0,36.4,1005.0,981.2,3,6.3,110,24.1,0.0,95.2,46.3,410.0,3.7,9.9,198.0
2026-06-16 09:00:00+00:00,32.4,52,21.1,37.5,1003.8,980.1,1,5.4,132,19.4,0.0,99.9,48.5,449.0,4.2,10.2,199.0
2026-06-16 10:00:00+00:00,33.1,49,21.1,37.8,1003.5,979.9,18,3.0,155,16.9,0.0,91.7,46.3,435.0,2.5,10.3,206.0
2026-06-16 11:00:00+00:00,33.3,48,20.9,37.5,1003.2,979.6,20,0.6,108,11.5,0.0,92.7,47.5,436.0,1.3,10.5,212.0
2026-06-16 12:00:00+00:00,33.5,42,18.7,36.2,1002.0,978.4,0,3.7,151,7.2,0.0,65.0,39.1,578.0,8.6,8.8,157.0
2026-06-16 13:00:00+00:00,33.0,46,20.0,36.3,1002.4,978.8,2,3.4,148,10.8,0.0,64.3,40.5,983.0,21.8,10.2,131.0
2026-06-16 14:00:00+00:00,31.4,59,22.5,36.0,1002.8,979.1,1,4.0,172,7.2,0.0,61.7,45.2,1531.0,40.2,12.2,95.0
2026-06-16 15:00:00+00:00,30.5,65,23.1,35.3,1003.1,979.3,0,4.8,167,7.9,0.0,62.6,48.1,1985.0,54.7,13.9,66.0
2026-06-16 16:00:00+00:00,29.9,65,22.6,34.1,1003.7,979.8,0,6.8,151,11.9,0.0,63.6,51.7,2314.0,61.2,14.9,51.0
2026-06-16 17:00:00+00:00,29.2,67,22.5,33.4,1003.9,980.0,0,6.8,169,12.6,0.0,65.0,54.6,2549.0,63.8,15.6,42.0
2026-06-16 18:00:00+00:00,29.4,68,22.8,33.8,1004.1,980.2,0,6.6,229,12.2,0.0,65.9,52.6,2556.0,66.3,15.9,34.0
2026-06-16 19:00:00+00:00,28.8,71,23.1,33.8,1003.5,979.5,0,4.0,262,11.9,0.0,68.2,55.1,2173.0,70.0,15.6,25.0
2026-06-16 20:00:00+00:00,28.3,74,23.3,33.4,1003.5,979.5,0,3.1,225,6.1,0.0,72.2,59.1,1562.0,73.5,15.1,18.0
2026-06-16 21:00:00+00:00,27.3,78,23.2,32.0,1003.7,979.6,0,6.0,201,10.1,0.0,79.4,64.7,1068.0,76.6,15.0,12.0
2026-06-16 22:00:00+00:00,26.8,80,23.2,31.5,1004.1,980.0,0,5.8,196,10.4,0.0,85.4,68.7,814.0,81.1,15.9,4.0
2026-06-16 23:00:00+00:00,26.4,83,23.3,31.2,1004.3,980.1,1,5.8,187,11.5,0.0,90.3,72.6,678.0,85.3,17.3,0.0
2026-06-17 00:00:00+00:00,27.0,84,24.0,32.3,1004.2,980.1,2,4.8,200,9.7,0.0,75.9,62.4,634.0,59.0,15.7,23.0
2026-06-17 01:00:00+00:00,27.1,84,24.2,32.8,1004.6,980.5,0,3.1,152,9.0,0.0,76.1,62.6,735.0,50.5,18.5,39.0
2026-06-17 02:00:00+00:00,28.5,79,24.4,34.4,1004.9,980.9,0,2.3,122,8.3,0.0,83.4,55.9,928.0,38.6,22.3,63.0
2026-06-17 03:00:00+00:00,30.2,70,24.0,35.6,1005.4,981.5,0,4.5,146,13.7,0.0,93.6,52.6,1031.0,27.7,24.2,91.0
2026-06-17 04:00:00+00:00,31.4,63,23.6,36.3,1005.5,981.7,0,6.1,177,18.7,0.0,92.4,50.4,947.0,19.0,22.7,128.0
2026-06-17 05:00:00+00:00,32.8,56,22.7,37.9,1005.2,981.5,0,5.8,182,18.7,0.0,81.7,47.5,773.0,11.4,19.5,170.0
2026-06-17 06:00:00+00:00,34.3,42,19.4,38.7,1005.4,981.8,13,3.8,188,19.1,0.0,77.1,47.7,620.0,6.0,16.5,201.0
2026-06-17 07:00:00+00:00,34.9,39,18.7,39.2,1004.8,981.3,23,3.5,189,16.6,0.3,74.7,47.6,520.0,3.8,14.4,215.0
2026-06-17 08:00:00+00:00,35.1,38,18.6,39.3,1004.1,980.6,18,3.1,201,14.8,0.0,73.3,47.5,441.0,3.9,12.7,218.0
2026-06-17 09:00:00+00:00,35.3,37,18.4,39.3,1003.2,979.8,12,2.7,172,13.3,0.0,71.9,47.4,401.0,4.6,11.7,220.0
2026-06-17 10:00:00+00:00,35.3,37,18.5,38.7,1002.8,979.4,3,2.6,196,13.0,0.0,70.3,47.5,361.0,2.8,11.6,227.0
2026-06-17 11:00:00+00:00,35.2,38,18.7,38.1,1002.1,978.7,2,2.4,207,12.2,0.0,69.2,47.5,358.0,1.6,12.2,232.0
2026-06-17 12:00:00+00:00,36.5,33,17.4,38.6,1000.7,977.4,20,3.4,177,11.9,0.0,76.4,49.6,526.0,8.9,14.9,212.0
2026-06-17 13:00:00+00:00,35.6,37,18.7,38.2,1000.9,977.5,9,4.1,218,10.8,0.0,74.3,49.2,1031.0,32.1,16.9,174.0
2026-06-17 14:00:00+00:00,33.6,50,21.7,37.4,1001.4,977.9,2,6.2,232,11.2,0.0,75.4,57.7,1706.0,64.3,19.7,120.0
2026-06-17 15:00:00+00:00,32.7,55,22.5,37.1,1001.8,978.2,1,5.4,220,11.2,0.0,92.0,71.9,2181.0,89.2,21.9,76.0
2026-06-17 16:00:00+00:00,32.1,56,22.2,36.2,1002.2,978.5,1,5.7,212,9.7,0.0,105.5,85.2,2294.0,100.2,23.3,51.0
2026-06-17 17:00:00+00:00,31.3,61,22.7,35.8,1002.4,978.7,1,5.3,208,10.4,0.0,109.2,90.6,2206.0,103.9,24.1,36.0
2026-06-17 18:00:00+00:00,31.0,59,22.2,35.2,1003.5,979.7,1,5.3,315,9.4,0.0,100.4,83.8,2034.0,104.7,24.0,25.0
2026-06-17 19:00:00+00:00,30.3,61,22.0,34.3,1002.9,979.1,5,5.6,345,9.7,0.0,95.5,79.9,1767.0,103.2,22.5,16.0
2026-06-17 20:00:00+00:00,30.0,59,21.1,33.4,1002.6,978.8,0,6.3,325,11.2,0.0,97.1,80.6,1415.0,98.8,20.2,12.0
2026-06-17 21:00:00+00:00,29.3,61,20.9,32.6,1002.2,978.3,1,6.2,308,11.5,0.0,99.2,82.7,1125.0,93.6,18.2,9.0
2026-06-17 22:00:00+00:00,28.5,64,21.0,32.0,1002.4,978.5,0,6.1,317,11.2,0.0,94.1,80.1,944.0,88.6,16.9,4.0
2026-06-17 23:00:00+00:00,27.9,67,21.2,31.5,1002.6,978.6,0,5.8,326,11.5,0.0,90.1,78.2,825.0,82.9,16.0,1.0
2026-06-18 00:00:00+00:00,27.8,71,22.1,31.9,1003.1,979.1,70,5.4,40,10.4,0.0,92.2,83.4,773.0,59.5,17.5,32.0
2026-06-18 01:00:00+00:00,27.9,70,21.9,32.0,1003.5,979.5,28,5.0,41,10.4,0.0,92.2,84.3,830.0,51.1,20.6,61.0
2026-06-18 02:00:00+00:00,29.3,64,21.9,33.7,1003.7,979.8,11,2.5,86,10.1,0.0,84.5,72.6,954.0,39.2,24.7,103.0
2026-06-18 03:00:00+00:00,31.1,56,21.3,35.3,1004.1,980.3,19,2.5,90,10.8,0.0,71.2,57.3,1018.0,28.3,26.8,142.0
2026-06-18 04:00:00+00:00,32.8,50,21.0,36.6,1004.1,980.4,12,3.5,69,14.0,0.0,67.5,53.7,956.0,19.3,25.0,176.0
2026-06-18 05:00:00+00:00,34.4,44,20.4,38.7,1004.1,980.6,2,3.1,90,15.1,0.0,65.2,50.4,835.0,11.3,21.2,207.0
2026-06-18 06:00:00+00:00,35.7,38,19.1,40.2,1004.1,980.7,5,2.7,340,14.0,0.0,61.9,45.3,730.0,5.6,17.8,227.0
2026-06-18 07:00:00+00:00,36.7,36,19.0,41.5,1003.5,980.1,13,2.2,5,15.5,0.0,59.1,41.9,670.0,3.3,15.4,229.0
2026-06-18 08:00:00+00:00,37.4,32,17.9,41.7,1002.5,979.2,28,1.4,360,14.4,0.0,58.1,40.4,627.0,3.4,13.4,220.0
2026-06-18 09:00:00+00:00,37.8,30,17.3,41.2,1002.0,978.8,39,2.2,265,14.4,0.0,57.9,39.7,592.0,4.0,12.0,210.0
2026-06-18 10:00:00+00:00,37.4,30,17.1,39.5,1001.4,978.2,34,4.0,231,16.2,0.1,57.4,38.9,567.0,3.7,11.3,203.0
2026-06-18 11:00:00+00:00,36.9,31,16.8,37.7,1001.3,978.0,38,10.9,230,28.8,0.0,55.6,37.5,551.0,4.0,11.2,195.0
2026-06-18 12:00:00+00:00,38.1,27,15.6,38.8,999.7,976.5,12,8.1,253,30.2,0.0,64.7,42.8,531.0,7.7,11.2,185.0
2026-06-18 13:00:00+00:00,37.3,26,14.5,37.7,999.6,976.4,5,7.5,240,22.0,0.0,60.8,42.0,484.0,17.4,12.0,156.0
2026-06-18 14:00:00+00:00,35.7,32,16.5,36.6,1000.3,977.0,5,9.1,232,19.1,0.0,62.6,45.4,434.0,30.6,13.1,117.0
2026-06-18 15:00:00+00:00,34.2,38,18.1,35.9,1001.0,977.5,2,8.3,259,18.7,0.0,65.4,49.8,439.0,38.4,13.6,89.0
2026-06-18 16:00:00+00:00,32.8,47,19.9,35.7,1001.6,978.0,0,5.5,257,16.6,0.0,66.8,51.1,562.0,35.5,12.9,85.0
2026-06-18 17:00:00+00:00,32.2,52,21.2,36.2,1001.9,978.3,0,3.3,257,11.2,0.0,64.5,48.8,740.0,27.4,11.5,94.0
2026-06-18 18:00:00+00:00,30.8,52,19.9,32.7,1002.9,979.1,99,12.8,248,15.8,0.0,56.3,41.1,843.0,21.1,10.4,98.0
2026-06-18 19:00:00+00:00,29.6,54,19.4,31.8,1002.0,978.1,95,8.7,253,28.8,0.0,49.2,37.1,791.0,19.6,9.8,92.0
2026-06-18 20:00:00+00:00,28.9,59,20.1,32.0,1001.7,977.8,100,5.6,243,16.2,0.0,48.0,36.2,664.0,20.1,9.5,82.0
2026-06-18 21:00:00+00:00,28.7,60,20.3,31.8,1001.5,977.6,100,5.8,268,11.5,0.0,47.1,36.1,567.0,21.1,9.3,73.0
2026-06-18 22:00:00+00:00,28.4,63,20.7,31.9,1002.0,978.1,73,5.2,335,11.2,0.0,46.4,35.6,537.0,22.7,9.2,64.0
2026-06-18 23:00:00+00:00,27.8,66,20.9,31.2,1002.7,978.7,12,5.8,324,12.2,0.0,46.4,35.7,538.0,24.8,9.2,56.0
2026-06-19 00:00:00+00:00,27.2,68,20.8,30.3,1002.5,978.4,50,7.6,329,10.8,0.0,53.7,40.2,567.0,19.1,10.9,76.0
2026-06-19 01:00:00+00:00,27.2,69,20.9,30.6,1002.7,978.6,71,6.2,330,18.0,0.0,54.4,42.1,654.0,20.0,11.9,83.0
2026-06-19 02:00:00+00:00,28.0,65,20.9,30.9,1003.5,979.5,91,9.4,145,19.1,0.0,58.4,43.5,770.0,21.0,13.2,93.0
2026-06-19 03:00:00+00:00,27.0,68,20.6,30.2,1004.5,980.4,98,6.2,163,45.4,0.0,62.2,44.0,824.0,20.2,13.9,109.0
2026-06-19 04:00:00+00:00,28.9,61,20.7,32.4,1004.3,980.3,26,4.8,333,15.5,0.0,64.3,42.5,759.0,15.7,13.5,135.0
2026-06-19 05:00:00+00:00,32.1,48,19.6,35.1,1004.5,980.8,2,6.2,15,20.9,0.0,65.9,41.8,631.0,9.5,12.6,166.0
2026-06-19 06:00:00+00:00,32.9,43,18.9,37.2,1004.6,980.9,9,3.1,40,21.2,0.0,66.6,41.2,525.0,4.8,11.8,190.0
2026-06-19 07:00:00+00:00,33.8,42,19.1,38.7,1004.2,980.6,1,2.9,360,15.5,0.0,68.0,41.2,468.0,3.3,11.4,201.0
2026-06-19 08:00:00+00:00,34.9,40,19.1,39.8,1003.7,980.2,2,2.5,339,16.2,0.0,70.3,41.8,432.0,3.5,11.2,205.0
2026-06-19 09:00:00+00:00,35.5,38,18.9,40.0,1003.1,979.7,6,2.2,336,14.4,0.0,71.2,41.2,412.0,4.1,11.2,205.0
2026-06-19 10:00:00+00:00,35.4,37,18.4,38.9,1002.8,979.4,34,1.9,34,13.7,0.1,71.5,40.4,404.0,4.2,11.3,202.0
2026-06-19 11:00:00+00:00,34.7,39,18.6,37.1,1002.2,978.7,18,4.8,68,15.8,0.1,70.5,39.6,412.0,4.6,11.6,193.0
2026-06-19 12:00:00+00:00,31.9,49,20.0,34.5,1002.9,979.2,13,8.6,53,16.9,0.0,63.6,42.4,450.0,7.9,11.2,200.0
2026-06-19 13:00:00+00:00,33.8,41,18.7,36.3,1002.8,979.2,9,4.2,95,19.4,0.0,62.6,42.6,535.0,27.6,12.6,165.0
2026-06-19 14:00:00+00:00,33.1,43,18.8,35.8,1003.0,979.4,2,3.8,115,14.8,0.0,65.7,50.5,648.0,55.3,14.6,115.0
2026-06-19 15:00:00+00:00,32.6,45,19.2,35.6,1003.2,979.5,1,2.7,127,12.2,0.0,81.0,65.0,748.0,79.5,16.8,74.0
2026-06-19 16:00:00+00:00,32.0,48,19.7,35.4,1003.8,980.1,0,2.1,200,9.7,0.0,95.5,78.9,829.0,97.0,19.6,49.0
2026-06-19 17:00:00+00:00,31.4,51,19.9,34.7,1003.8,980.0,0,3.1,183,9.4,0.0,110.6,94.3,896.0,111.1,22.6,32.0
2026-06-19 18:00:00+00:00,32.1,49,20.2,35.3,1003.9,980.2,0,5.0,339,9.4,0.0,121.5,105.2,926.0,120.0,24.4,19.0
2026-06-19 19:00:00+00:00,31.2,53,20.5,34.3,1003.5,979.7,0,6.5,19,13.7,0.0,125.7,109.4,891.0,121.3,23.8,12.0
2026-06-19 20:00:00+00:00,30.5,56,20.6,33.7,1003.3,979.5,0,6.2,15,14.0,0.0,122.9,107.3,820.0,117.5,22.0,9.0
2026-06-19 21:00:00+00:00,29.7,59,20.7,33.0,1003.4,979.5,0,6.3,15,14.0,0.0,125.3,109.2,769.0,114.2,20.7,7.0
2026-06-19 22:00:00+00:00,29.1,61,20.7,32.6,1003.1,979.2,0,5.1,23,14.0,0.0,129.9,113.9,762.0,116.2,20.7,0.0
2026-06-19 23:00:00+00:00,28.8,62,20.8,32.5,1003.2,979.3,0,3.3,29,11.2,0.0,134.1,117.6,776.0,118.8,21.2,0.0
2026-06-20 00:00:00+00:00,28.7,69,22.4,33.6,1003.2,979.2,13,1.3,34,8.3,0.0,92.4,81.3,801.0,68.4,13.5,15.0
2026-06-20 01:00:00+00:00,28.7,69,22.4,33.7,1003.5,979.5,41,1.1,351,5.4,0.0,92.2,81.7,864.0,57.5,14.4,43.0
2026-06-20 02:00:00+00:00,30.1,61,21.6,34.4,1003.9,980.0,4,2.2,270,9.0,0.0,80.1,69.4,938.0,42.1,15.5,83.0
2026-06-20 03:00:00+00:00,31.9,50,20.3,35.4,1004.4,980.7,3,3.1,270,12.6,0.0,59.5,46.9,938.0,28.5,15.8,119.0
2026-06-20 04:00:00+00:00,33.7,43,19.4,36.7,1004.5,980.9,2,3.6,288,15.1,0.0,53.7,40.2,794.0,18.5,14.5,148.0
2026-06-20 05:00:00+00:00,35.1,39,19.2,38.5,1004.4,980.9,0,5.2,284,19.1,0.0,51.5,36.6,575.0,10.2,12.4,174.0
2026-06-20 06:00:00+00:00,35.8,35,17.8,39.0,1004.5,981.1,3,6.5,273,21.2,0.0,50.6,35.4,409.0,4.5,10.7,191.0
2026-06-20 07:00:00+00:00,36.7,33,17.7,40.4,1003.9,980.5,23,6.0,280,21.6,0.0,49.8,34.7,350.0,2.4,10.0,196.0
2026-06-20 08:00:00+00:00,37.3,31,17.2,40.5,1003.2,979.9,56,7.5,287,24.8,0.0,49.4,34.0,342.0,2.8,9.8,193.0
2026-06-20 09:00:00+00:00,37.5,29,16.5,39.4,1002.7,979.4,61,9.3,283,28.1,0.0,49.6,33.2,346.0,3.7,9.7,187.0
2026-06-20 10:00:00+00:00,36.9,29,16.2,37.7,1002.0,978.7,9,8.9,295,28.4,0.1,49.8,32.1,333.0,3.5,9.5,182.0
2026-06-20 11:00:00+00:00,37.1,29,15.9,37.8,1001.6,978.3,1,8.6,290,25.9,0.0,50.5,31.3,332.0,3.9,9.4,175.0
2026-06-20 12:00:00+00:00,37.8,26,15.3,37.8,1001.0,977.8,23,12.2,262,25.6,0.0,47.7,27.8,389.0,7.5,9.3,165.0
2026-06-20 13:00:00+00:00,37.1,28,15.4,37.2,1001.0,977.7,75,11.6,265,31.7,0.0,47.5,29.2,559.0,18.4,10.0,140.0
2026-06-20 14:00:00+00:00,36.0,31,16.0,36.6,1001.4,978.0,25,9.9,265,29.5,0.0,51.1,36.0,787.0,33.3,11.1,104.0
2026-06-20 15:00:00+00:00,34.5,37,17.5,35.9,1001.8,978.3,0,8.4,279,23.4,0.0,55.8,40.2,949.0,44.4,11.7,76.0
2026-06-20 16:00:00+00:00,33.5,38,17.3,35.1,1002.3,978.7,0,6.7,294,18.7,0.0,61.0,42.0,1000.0,48.3,11.7,62.0
2026-06-20 17:00:00+00:00,32.9,39,17.1,34.4,1002.2,978.6,0,6.6,287,14.4,0.0,68.7,46.0,986.0,48.3,11.2,56.0
2026-06-20 18:00:00+00:00,33.2,41,18.0,35.0,1002.2,978.6,0,7.3,286,17.3,0.0,75.7,50.5,921.0,46.6,10.7,52.0
2026-06-20 19:00:00+00:00,32.0,45,18.7,34.1,1001.9,978.2,10,7.7,259,17.6,0.0,79.2,52.3,769.0,42.7,10.0,51.0
2026-06-20 20:00:00+00:00,31.0,52,20.2,33.7,1001.8,978.1,96,8.5,263,18.4,0.0,81.5,52.7,567.0,37.1,9.2,54.0
2026-06-20 21:00:00+00:00,30.5,56,20.8,33.5,1001.4,977.6,64,8.0,265,18.0,0.0,83.1,53.4,438.0,33.3,8.6,54.0
2026-06-20 22:00:00+00:00,30.0,58,20.8,33.3,1001.2,977.4,17,6.5,273,16.9,0.0,83.4,54.1,451.0,33.7,8.4,47.0
2026-06-20 23:00:00+00:00,29.6,59,20.7,32.9,1001.5,977.7,50,6.3,265,13.7,0.0,83.6,54.8,537.0,35.9,8.4,37.0
2026-06-21 00:00:00+00:00,30.2,61,21.8,34.4,1001.5,977.7,0,4.1,283,13.0,0.0,89.9,51.9,612.0,30.5,7.7,38.0
2026-06-21 01:00:00+00:00,30.2,61,21.9,34.6,1001.8,978.0,0,2.8,297,7.9,0.0,90.3,53.9,661.0,26.9,8.9,53.0
2026-06-21 02:00:00+00:00,31.6,56,21.9,36.2,1002.3,978.6,0,1.5,277,7.9,0.0,93.1,53.4,699.0,21.8,10.6,74.0
2026-06-21 03:00:00+00:00,33.6,48,21.1,37.6,1002.5,978.9,0,2.8,281,12.2,0.0,98.5,51.6,690.0,16.7,11.6,96.0
2026-06-21 04:00:00+00:00,34.9,40,19.3,37.5,1002.3,978.8,92,5.6,292,19.8,0.4,96.4,47.8,597.0,11.7,11.2,119.0
2026-06-21 05:00:00+00:00,34.3,43,19.9,36.0,1002.7,979.2,99,13.9,257,34.2,0.1,91.3,42.6,457.0,6.7,10.2,144.0
2026-06-21 06:00:00+00:00,37.3,28,16.0,38.1,1001.5,978.2,27,8.5,186,37.8,0.0,97.3,43.8,348.0,3.2,9.4,161.0
2026-06-21 07:00:00+00:00,37.7,29,16.5,40.1,1001.3,978.1,68,8.0,194,26.6,0.0,100.8,44.9,304.0,2.0,9.2,168.0
2026-06-21 08:00:00+00:00,37.6,28,16.2,39.5,1001.0,977.8,63,10.4,226,31.0,0.0,102.0,45.3,292.0,2.2,9.3,167.0
2026-06-21 09:00:00+00:00,37.2,29,16.0,38.3,1000.3,977.1,77,6.7,254,30.6,0.0,93.8,42.0,289.0,2.8,9.4,165.0
2026-06-21 10:00:00+00:00,37.6,28,15.8,38.4,1000.0,976.8,13,8.1,271,25.2,0.0,87.1,39.3,272.0,2.7,9.3,163.0
2026-06-21 11:00:00+00:00,37.8,27,15.8,38.2,999.9,976.7,20,10.1,265,28.4,0.0,82.2,37.6,265.0,2.9,9.1,159.0
2026-06-21 12:00:00+00:00,34.5,36,17.2,35.1,999.7,976.3,70,13.3,302,30.6,0.0,76.1,35.9,316.0,5.5,9.0,147.0
2026-06-21 13:00:00+00:00,33.2,41,18.4,35.4,999.7,976.2,8,6.2,7,33.1,0.4,68.0,35.5,492.0,10.1,9.7,133.0
2026-06-21 14:00:00+00:00,33.4,41,18.3,35.7,1000.3,976.8,2,4.9,39,18.0,0.0,66.8,36.7,726.0,16.5,10.6,113.0
2026-06-21 15:00:00+00:00,33.0,43,18.7,35.6,1000.5,976.9,80,4.1,119,13.7,0.0,65.7,39.1,865.0,22.3,11.3,94.0
2026-06-21 16:00:00+00:00,32.7,44,19.0,35.2,1000.8,977.2,84,5.6,158,13.0,0.0,64.7,40.4,821.0,26.7,11.6,79.0
2026-06-21 17:00:00+00:00,31.9,47,19.2,34.4,1001.2,977.5,1,6.4,172,14.8,0.0,61.5,41.4,681.0,30.4,11.6,66.0
2026-06-21 18:00:00+00:00,27.5,60,19.2,29.6,1002.2,978.2,98,9.0,193,15.1,0.0,60.3,42.7,560.0,33.5,11.5,55.0
2026-06-21 19:00:00+00:00,27.3,64,19.8,29.9,1001.7,977.7,95,7.5,201,22.0,0.0,58.7,42.3,492.0,35.7,11.2,47.0
2026-06-21 20:00:00+00:00,27.3,64,19.8,30.0,1001.3,977.3,98,7.3,218,18.0,0.0,57.6,42.3,443.0,37.3,10.7,40.0
2026-06-21 21:00:00+00:00,27.7,62,19.7,30.6,1001.0,977.0,95,5.5,234,14.8,0.0,56.6,43.1,416.0,38.8,10.4,35.0
2026-06-21 22:00:00+00:00,27.7,63,19.9,30.3,1001.3,977.3,100,8.0,54,14.8,0.0,59.3,44.8,416.0,41.2,10.5,29.0
2026-06-21 23:00:00+00:00,27.3,61,19.1,29.5,1001.7,977.7,65,8.0,59,22.0,0.0,59.5,45.6,440.0,43.5,10.7,24.0
2026-06-22 00:00:00+00:00,26.6,68,20.3,29.9,1002.7,978.6,96,4.6,39,19.1,0.0,46.3,34.3,481.0,24.8,14.1,58.0
2026-06-22 01:00:00+00:00,26.4,69,20.3,30.2,1003.1,979.0,66,1.3,34,15.5,0.1,48.1,36.4,558.0,23.4,15.8,68.0
2026-06-22 02:00:00+00:00,27.4,65,20.3,30.7,1004.1,980.0,33,4.5,166,13.3,0.0,54.1,38.5,653.0,21.3,18.1,83.0
2026-06-22 03:00:00+00:00,29.0,59,20.3,32.2,1004.3,980.3,67,5.3,204,18.7,0.0,58.4,38.8,702.0,18.4,19.4,103.0
2026-06-22 04:00:00+00:00,30.2,55,20.3,33.2,1004.6,980.7,33,6.8,197,21.2,0.0,59.6,37.5,667.0,14.1,18.7,132.0
2026-06-22 05:00:00+00:00,31.6,51,20.1,35.3,1004.5,980.7,16,3.5,195,22.3,0.0,61.0,37.6,586.0,9.1,17.0,165.0
2026-06-22 06:00:00+00:00,33.7,43,19.3,38.1,1004.1,980.5,97,3.6,213,15.8,0.0,62.6,37.8,515.0,5.4,15.5,191.0
2026-06-22 07:00:00+00:00,34.6,40,19.1,38.5,1003.9,980.4,10,3.3,283,17.6,0.0,64.3,38.5,472.0,4.0,14.5,205.0
2026-06-22 08:00:00+00:00,35.4,37,18.5,39.3,1003.3,979.9,36,6.5,337,25.6,0.1,65.7,39.0,438.0,3.9,13.7,211.0
2026-06-22 09:00:00+00:00,35.1,37,18.3,38.0,1002.5,979.1,74,7.6,342,25.2,0.2,69.6,41.1,415.0,4.2,13.1,212.0
2026-06-22 10:00:00+00:00,34.4,38,17.9,36.8,1002.2,978.7,69,3.3,68,25.9,0.2,64.3,38.3,408.0,4.6,12.7,208.0
2026-06-22 11:00:00+00:00,34.4,37,17.7,37.1,1001.7,978.2,84,0.6,18,15.5,0.0,62.6,36.6,412.0,5.5,12.5,199.0
2026-06-22 12:00:00+00:00,36.6,28,15.4,37.2,1000.1,976.8,70,8.2,49,14.0,0.0,39.6,27.3,411.0,7.9,13.5,208.0
2026-06-22 13:00:00+00:00,35.6,32,16.3,36.7,1000.3,976.9,5,7.5,53,25.6,0.0,38.6,26.5,388.0,18.8,14.2,177.0
2026-06-22 14:00:00+00:00,34.9,33,16.5,36.4,1000.7,977.3,2,5.0,64,20.5,0.0,41.9,32.0,360.0,33.8,15.2,134.0
2026-06-22 15:00:00+00:00,34.0,37,17.3,35.8,1001.0,977.5,3,5.1,126,14.0,0.0,46.3,37.6,362.0,45.9,15.9,98.0
2026-06-22 16:00:00+00:00,33.3,41,18.4,35.7,1001.4,977.8,0,4.4,189,12.6,0.0,48.3,39.0,427.0,52.3,16.2,75.0
2026-06-22 17:00:00+00:00,32.5,46,19.5,35.1,1001.6,978.0,0,6.4,234,14.4,0.0,51.1,39.9,522.0,55.8,16.2,60.0
2026-06-22 18:00:00+00:00,32.3,51,20.8,36.0,1001.2,977.6,1,3.7,247,14.4,0.0,56.2,42.8,577.0,56.8,15.8,48.0
2026-06-22 19:00:00+00:00,31.3,55,21.1,35.2,1000.9,977.2,0,3.4,270,9.4,0.0,61.0,45.8,548.0,54.1,14.7,42.0
2026-06-22 20:00:00+00:00,30.6,57,21.3,34.6,1000.8,977.1,7,3.4,252,9.4,0.0,61.2,45.6,481.0,48.9,13.1,40.0
2026-06-22 21:00:00+00:00,30.5,59,21.4,34.8,1000.7,976.9,6,1.8,66,8.6,0.0,63.3,46.3,439.0,45.9,12.0,37.0
2026-06-22 22:00:00+00:00,30.1,58,21.0,34.1,1000.7,976.9,0,2.2,76,6.5,0.0,66.8,48.5,453.0,48.5,11.5,27.0
2026-06-22 23:00:00+00:00,29.7,61,21.4,34.1,1000.6,976.8,1,0.8,27,6.1,0.0,70.3,51.7,494.0,53.3,11.4,16.0
2026-06-23 00:00:00+00:00,30.0,59,21.1,34.1,1000.5,976.7,0,2.0,27,4.3,0.0,94.8,72.6,537.0,75.6,17.4,6.0
2026-06-23 01:00:00+00:00,30.1,58,21.0,34.1,1000.6,976.8,0,2.7,28,7.2,0.0,95.5,76.1,587.0,63.0,18.7,37.0
2026-06-23 02:00:00+00:00,31.5,52,20.5,35.3,1000.9,977.2,1,2.1,52,9.0,0.0,79.4,60.8,641.0,45.3,20.4,81.0
2026-06-23 03:00:00+00:00,33.5,43,19.1,36.3,1001.0,977.5,0,4.3,114,14.8,0.0,58.6,42.6,661.0,29.9,20.7,120.0
2026-06-23 04:00:00+00:00,34.7,39,18.8,36.9,1001.0,977.6,0,7.2,162,22.0,0.0,45.9,32.6,627.0,19.0,18.1,151.0
2026-06-23 05:00:00+00:00,34.5,41,19.4,37.3,1001.1,977.6,19,9.7,192,28.4,0.0,43.9,28.1,559.0,10.5,14.0,177.0
2026-06-23 06:00:00+00:00,34.3,42,19.4,37.9,1001.2,977.7,46,6.9,143,29.5,0.6,48.1,28.1,488.0,4.6,11.1,196.0
2026-06-23 07:00:00+00:00,35.2,36,18.0,37.9,1000.7,977.3,33,6.1,242,22.0,0.3,54.2,29.3,413.0,2.4,10.5,204.0
2026-06-23 08:00:00+00:00,36.6,33,17.6,40.2,999.6,976.3,5,5.0,251,22.0,0.2,60.3,31.0,334.0,3.0,11.0,204.0
2026-06-23 09:00:00+00:00,37.3,31,17.3,40.2,998.6,975.4,8,7.1,246,24.1,0.0,62.6,31.7,281.0,3.9,11.5,201.0
2026-06-23 10:00:00+00:00,37.5,30,17.0,39.3,998.0,974.8,10,9.4,250,28.1,0.0,62.6,31.8,261.0,3.5,11.4,196.0
2026-06-23 11:00:00+00:00,37.2,29,16.5,37.8,997.5,974.3,6,10.9,253,31.0,0.0,61.7,31.3,266.0,3.5,11.3,188.0
2026-06-23 12:00:00+00:00,36.7,32,17.4,37.8,996.7,973.5,3,10.2,252,30.6,0.0,82.4,36.9,306.0,6.6,11.3,164.0
2026-06-23 13:00:00+00:00,36.2,34,17.9,37.5,996.9,973.7,1,10.0,250,28.1,0.0,77.1,37.5,380.0,16.9,11.7,139.0
2026-06-23 14:00:00+00:00,35.4,35,17.8,36.9,997.2,973.9,0,8.9,241,26.3,0.0,78.5,40.3,489.0,31.2,12.3,103.0
2026-06-23 15:00:00+00:00,34.8,36,17.7,36.5,997.6,974.2,0,7.3,226,21.6,0.0,81.3,47.6,641.0,43.1,13.0,74.0
2026-06-23 16:00:00+00:00,34.3,39,18.2,36.5,997.9,974.5,1,4.9,197,16.6,0.0,88.0,54.0,899.0,50.5,13.8,56.0
2026-06-23 17:00:00+00:00,33.8,40,18.3,36.1,998.4,975.0,1,5.2,168,10.1,0.0,87.5,55.9,1201.0,55.5,14.7,44.0
2026-06-23 18:00:00+00:00,34.4,41,19.3,36.9,998.3,974.9,0,6.7,180,17.6,0.0,87.3,55.3,1367.0,57.8,15.1,36.0
2026-06-23 19:00:00+00:00,32.8,49,20.7,35.6,998.7,975.2,1,9.3,189,21.2,0.0,85.7,54.1,1284.0,55.8,14.4,32.0
2026-06-23 20:00:00+00:00,31.9,54,21.3,35.3,998.8,975.2,10,7.0,192,18.7,0.0,85.2,53.6,1066.0,51.2,13.2,33.0
2026-06-23 21:00:00+00:00,31.1,57,21.6,34.8,998.7,975.0,20,6.5,199,14.0,0.0,85.2,53.3,876.0,48.5,12.4,32.0
2026-06-23 22:00:00+00:00,29.2,58,20.2,31.8,999.6,975.8,100,9.0,44,19.8,0.2,88.2,53.9,766.0,51.0,12.2,25.0
2026-06-23 23:00:00+00:00,28.9,59,20.2,31.7,1000.1,976.2,95,7.7,102,30.6,0.3,92.7,56.0,685.0,55.4,12.3,17.0
2026-06-24 00:00:00+00:00,30.5,61,22.2,34.8,999.5,975.8,23,4.7,272,18.4,0.0,63.6,41.8,637.0,29.1,9.8,48.0
2026-06-24 01:00:00+00:00,29.8,59,20.9,32.4,1000.4,976.6,28,11.1,42,27.4,0.0,58.4,41.2,650.0,28.1,11.4,57.0
2026-06-24 02:00:00+00:00,30.9,54,20.4,34.5,1000.2,976.5,5,3.3,135,24.8,0.0,65.9,43.1,697.0,26.6,13.7,72.0
2026-06-24 03:00:00+00:00,33.2,46,20.2,36.1,1000.6,977.1,1,6.9,85,19.4,0.0,80.8,44.8,702.0,23.7,15.4,93.0
2026-06-24 04:00:00+00:00,35.2,38,18.8,37.4,1000.8,977.4,5,6.7,110,21.2,0.0,92.0,46.8,615.0,18.3,16.3,127.0
2026-06-24 05:00:00+00:00,36.7,33,18.0,39.3,1000.7,977.4,9,6.4,117,22.0,0.0,105.2,50.2,487.0,11.5,16.6,168.0
2026-06-24 06:00:00+00:00,38.1,28,16.4,40.5,1000.1,976.9,7,7.8,146,21.2,0.0,114.6,51.9,394.0,6.4,16.4,199.0
2026-06-24 07:00:00+00:00,38.8,27,16.2,41.4,999.7,976.6,9,7.1,171,24.8,0.0,113.9,50.3,374.0,4.3,15.3,211.0
2026-06-24 08:00:00+00:00,39.1,26,16.3,41.8,998.8,975.7,49,7.1,189,24.1,0.0,105.5,46.8,389.0,3.9,13.5,212.0
2026-06-24 09:00:00+00:00,39.1,28,17.3,41.4,998.2,975.1,8,9.8,198,29.5,0.0,96.4,43.3,404.0,4.2,12.2,211.0
2026-06-24 10:00:00+00:00,38.6,29,17.4,40.3,997.9,974.8,55,10.3,213,31.0,0.3,90.6,41.0,390.0,3.8,11.6,211.0
2026-06-24 11:00:00+00:00,38.1,31,17.9,39.6,997.6,974.5,14,8.9,228,29.2,0.5,88.7,40.2,375.0,4.1,11.3,208.0
2026-06-24 12:00:00+00:00,38.5,29,17.1,39.9,996.8,973.7,17,6.8,108,25.6,0.0,88.5,40.3,412.0,7.9,11.5,196.0
2026-06-24 13:00:00+00:00,37.5,30,17.1,38.8,997.3,974.2,38,8.2,123,22.3,0.2,87.3,42.4,553.0,18.4,12.3,167.0
2026-06-24 14:00:00+00:00,36.4,33,17.7,37.7,997.4,974.2,18,9.7,124,22.7,0.0,88.7,46.6,745.0,32.4,13.5,129.0
2026-06-24 15:00:00+00:00,35.2,38,18.6,36.8,997.9,974.6,2,10.6,118,26.3,0.0,91.5,54.1,878.0,43.3,14.3,97.0
2026-06-24 16:00:00+00:00,34.2,43,19.7,36.6,998.8,975.4,4,8.5,114,23.4,0.0,97.1,59.5,903.0,48.7,14.4,75.0
2026-06-24 17:00:00+00:00,33.3,46,20.1,35.7,999.7,976.2,2,10.1,114,22.0,0.0,102.2,63.1,869.0,51.0,14.2,58.0
2026-06-24 18:00:00+00:00,32.8,49,20.7,35.5,999.9,976.3,0,10.3,134,22.3,0.0,100.4,60.5,815.0,50.8,13.7,47.0
2026-06-24 19:00:00+00:00,31.8,53,21.1,34.6,1000.0,976.4,0,10.7,135,22.3,0.0,95.5,55.3,742.0,46.7,12.9,43.0
2026-06-24 20:00:00+00:00,31.3,55,21.3,34.1,1000.0,976.3,0,11.1,138,22.7,0.0,92.0,52.6,650.0,40.1,11.9,45.0
2026-06-24 21:00:00+00:00,30.7,57,21.3,33.6,999.9,976.2,0,10.7,139,23.0,0.0,92.9,51.9,569.0,35.5,11.4,47.0
2026-06-24 22:00:00+00:00,30.2,59,21.4,33.2,999.7,975.9,1,10.4,141,22.3,0.0,94.1,52.2,510.0,35.7,11.5,45.0
2026-06-24 23:00:00+00:00,29.8,61,21.6,33.3,1000.3,976.5,12,8.1,125,20.5,0.0,94.3,52.0,462.0,38.0,12.0,42.0
2026-06-25 00:00:00+00:00,24.6,95,23.7,28.0,1003.4,979.1,99,16.9,76,51.8,2.9,96.9,53.4,433.0,38.6,12.9,45.0
2026-06-25 01:00:00+00:00,24.5,94,23.5,28.1,1003.5,979.2,98,15.3,89,32.4,3.2,89.6,54.4,430.0,36.2,14.5,55.0
2026-06-25 02:00:00+00:00,25.0,92,23.6,28.8,1004.0,979.7,100,14.1,75,31.7,0.9,85.4,53.7,444.0,32.1,16.5,72.0
2026-06-25 03:00:00+00:00,26.0,81,22.6,29.3,1004.4,980.2,100,13.2,86,32.8,0.0,93.8,51.9,458.0,26.9,17.5,94.0
2026-06-25 04:00:00+00:00,27.1,75,22.2,30.2,1005.2,981.1,100,12.6,57,31.3,0.0,90.1,47.7,465.0,19.6,16.6,128.0
2026-06-25 05:00:00+00:00,27.3,73,22.1,30.5,1004.7,980.6,100,11.8,82,31.3,0.1,81.7,43.4,472.0,11.3,14.6,169.0
2026-06-25 06:00:00+00:00,28.6,64,21.2,31.3,1004.7,980.7,100,12.0,69,29.9,0.2,73.8,41.0,478.0,5.2,12.9,200.0
2026-06-25 07:00:00+00:00,27.9,69,21.6,31.2,1004.3,980.3,96,9.5,69,29.2,0.0,69.4,39.8,473.0,3.2,11.9,213.0
2026-06-25 08:00:00+00:00,28.7,68,22.1,32.3,1003.7,979.7,80,9.1,49,25.2,0.0,67.8,39.7,467.0,3.5,11.2,216.0
2026-06-25 09:00:00+00:00,29.7,65,22.5,34.5,1002.9,979.0,90,7.6,52,26.6,0.0,67.3,40.3,487.0,4.3,10.8,217.0
2026-06-25 10:00:00+00:00,30.5,63,22.7,35.1,1002.2,978.4,99,5.1,42,22.3,0.0,65.9,40.2,513.0,4.2,10.8,220.0
2026-06-25 11:00:00+00:00,31.1,61,22.6,35.6,1001.3,977.6,30,5.2,44,17.3,0.0,65.7,40.5,565.0,4.7,11.3,221.0
2026-06-25 12:00:00+00:00,32.8,50,20.9,36.7,1000.8,977.2,19,2.3,293,16.9,0.0,125.3,52.5,726.0,9.1,10.7,163.0
2026-06-25 13:00:00+00:00,32.6,52,21.3,36.5,1000.9,977.3,26,3.8,301,10.8,0.0,125.7,53.2,1118.0,27.8,12.5,134.0
2026-06-25 14:00:00+00:00,31.5,59,22.6,35.9,1001.3,977.6,9,5.6,312,11.9,0.0,109.9,57.7,1620.0,53.3,15.0,94.0
2026-06-25 15:00:00+00:00,30.7,65,23.4,35.6,1001.4,977.6,5,5.0,319,11.2,0.0,110.1,66.6,1948.0,71.1,16.7,62.0
2026-06-25 16:00:00+00:00,30.4,70,24.2,36.5,1001.8,978.0,0,0.8,207,8.6,0.0,109.9,69.8,1968.0,74.0,17.0,48.0
2026-06-25 17:00:00+00:00,29.7,73,24.4,35.5,1002.0,978.2,0,3.6,84,6.8,0.0,103.6,68.7,1813.0,69.0,16.4,43.0
2026-06-25 18:00:00+00:00,30.4,71,24.4,35.9,1001.9,978.1,2,5.5,107,10.8,0.0,99.0,66.6,1606.0,62.9,15.7,40.0
2026-06-25 19:00:00+00:00,29.7,72,24.1,35.0,1001.8,978.0,6,5.9,104,13.0,0.0,94.5,62.9,1342.0,56.7,14.8,39.0
2026-06-25 20:00:00+00:00,29.4,72,23.8,34.6,1001.9,978.0,4,5.5,101,12.2,0.0,91.3,60.3,1026.0,49.4,13.6,41.0
2026-06-25 21:00:00+00:00,29.2,73,23.7,34.3,1001.8,977.9,6,5.3,100,10.1,0.0,89.4,59.8,785.0,44.0,12.6,41.0
2026-06-25 22:00:00+00:00,28.9,75,24.0,34.5,1001.9,978.0,5,3.4,74,9.4,0.0,88.5,60.1,674.0,42.9,12.0,36.0
2026-06-25 23:00:00+00:00,28.5,78,24.3,34.4,1002.5,978.5,4,2.2,48,5.8,0.0,86.1,59.8,640.0,43.9,11.7,29.0
2026-06-26 00:00:00+00:00,28.6,78,24.4,34.4,1002.7,978.7,3,3.4,93,7.2,0.0,75.9,56.6,648.0,40.4,11.9,34.0
2026-06-26 01:00:00+00:00,28.4,79,24.4,34.4,1003.1,979.1,7,2.4,63,6.8,0.0,75.9,57.3,722.0,36.7,12.4,50.0
2026-06-26 02:00:00+00:00,29.3,76,24.6,35.5,1003.7,979.8,3,1.8,79,7.2,0.0,80.1,55.9,839.0,31.2,13.2,73.0
2026-06-26 03:00:00+00:00,30.7,67,23.9,36.1,1004.2,980.4,1,4.1,124,13.7,0.0,89.4,52.3,897.0,25.3,14.1,101.0
2026-06-26 04:00:00+00:00,31.9,62,23.8,37.1,1004.2,980.5,2,4.6,141,15.5,0.0,105.9,53.8,843.0,18.4,15.4,137.0
2026-06-26 05:00:00+00:00,33.0,58,23.7,38.9,1004.1,980.5,7,4.0,172,16.6,0.0,114.6,55.4,730.0,11.0,16.9,178.0
2026-06-26 06:00:00+00:00,33.9,53,22.9,40.0,1004.2,980.6,18,3.4,205,20.9,0.0,105.9,53.3,618.0,5.7,17.7,210.0
2026-06-26 07:00:00+00:00,34.9,50,22.9,40.9,1003.7,980.2,30,6.7,232,23.8,0.0,102.0,53.6,512.0,3.8,17.1,225.0
2026-06-26 08:00:00+00:00,35.4,48,22.7,40.5,1002.9,979.5,55,9.7,239,27.0,0.0,98.7,53.6,407.0,3.9,15.7,231.0
2026-06-26 09:00:00+00:00,35.4,47,22.3,40.0,1002.2,978.8,58,8.8,244,27.0,0.0,93.8,52.6,348.0,4.6,14.7,234.0
2026-06-26 10:00:00+00:00,35.4,48,22.7,39.7,1001.4,978.0,32,6.8,243,24.5,0.2,91.3,52.9,313.0,3.7,14.5,240.0
2026-06-26 11:00:00+00:00,35.4,46,22.1,39.5,1000.9,977.5,25,5.4,256,20.9,0.1,86.8,51.9,325.0,3.5,14.7,242.0
2026-06-26 12:00:00+00:00,35.6,40,20.1,38.3,1000.1,976.7,2,8.0,306,16.9,0.0,91.0,60.5,498.0,9.3,15.4,226.0
2026-06-26 13:00:00+00:00,34.5,47,21.4,37.9,1000.5,977.1,1,8.0,314,20.2,0.0,88.2,60.8,1017.0,38.1,17.4,181.0
2026-06-26 14:00:00+00:00,33.4,54,22.9,38.1,1000.8,977.3,2,4.7,320,16.2,0.0,99.2,77.1,1697.0,77.7,20.0,120.0
2026-06-26 15:00:00+00:00,33.2,57,23.5,38.9,1001.2,977.6,0,0.6,108,7.9,0.0,114.3,92.0,2101.0,105.6,21.9,72.0
2026-06-26 16:00:00+00:00,32.3,63,24.3,38.3,1001.7,978.1,0,1.3,90,2.5,0.0,118.5,98.0,1965.0,111.7,22.4,51.0
2026-06-26 17:00:00+00:00,31.9,66,24.8,38.2,1002.1,978.4,0,1.4,140,2.5,0.0,125.3,104.8,1553.0,106.3,22.1,45.0
2026-06-26 18:00:00+00:00,32.2,68,25.5,38.9,1002.2,978.5,0,2.4,243,3.6,0.0,128.1,106.9,1216.0,97.3,21.2,42.0
2026-06-26 19:00:00+00:00,32.0,66,24.9,38.4,1001.9,978.2,0,1.7,283,6.5,0.0,120.6,98.5,1095.0,84.7,19.4,43.0
2026-06-26 20:00:00+00:00,30.9,70,24.9,37.0,1001.7,978.0,0,3.1,100,5.4,0.0,119.0,94.5,1049.0,68.5,17.1,48.0
2026-06-26 21:00:00+00:00,30.3,75,25.4,36.5,1001.7,977.9,0,5.2,115,9.4,0.0,122.0,94.8,1006.0,57.8,15.4,49.0
2026-06-26 22:00:00+00:00,30.1,77,25.7,36.8,1001.8,978.0,0,3.1,126,9.0,0.0,128.5,97.3,937.0,58.9,14.9,38.0
2026-06-26 23:00:00+00:00,30.0,78,25.6,36.7,1002.0,978.2,0,2.3,129,5.0,0.0,139.2,102.9,872.0,65.3,15.2,24.0
2026-06-27 00:00:00+00:00,29.8,83,26.7,37.7,1001.8,978.0,0,0.0,270,4.0,0.0,130.9,106.4,828.0,59.9,13.5,25.0
2026-06-27 01:00:00+00:00,29.9,81,26.3,37.1,1002.3,978.5,0,2.4,42,5.4,0.0,130.4,106.4,832.0,50.7,14.9,51.0
2026-06-27 02:00:00+00:00,31.1,74,26.0,37.9,1002.6,978.8,0,3.8,59,10.4,0.0,126.7,96.4,858.0,37.7,16.8,89.0
2026-06-27 03:00:00+00:00,32.8,63,24.9,38.8,1002.9,979.3,0,4.7,72,14.4,0.0,124.3,77.5,841.0,26.1,18.1,127.0
2026-06-27 04:00:00+00:00,34.6,51,23.1,39.3,1002.8,979.3,0,5.6,84,17.3,0.0,124.3,72.9,732.0,17.4,18.4,165.0
2026-06-27 05:00:00+00:00,35.9,46,22.3,40.8,1002.7,979.3,1,5.2,94,18.0,0.0,118.7,71.5,580.0,10.2,18.1,203.0
2026-06-27 06:00:00+00:00,36.9,43,22.3,42.6,1002.5,979.2,1,4.7,97,17.6,0.0,109.7,68.2,468.0,5.2,17.4,230.0
2026-06-27 07:00:00+00:00,37.3,42,22.3,43.5,1002.1,978.8,2,4.5,74,19.1,0.0,103.8,65.4,437.0,3.3,16.1,240.0
2026-06-27 08:00:00+00:00,37.9,40,22.0,43.9,1001.2,978.0,2,4.5,53,19.1,0.0,99.0,62.4,445.0,3.6,14.3,238.0
2026-06-27 09:00:00+00:00,38.2,39,21.8,43.7,1000.4,977.2,3,4.8,48,19.8,0.0,94.1,59.5,454.0,4.4,12.9,234.0
2026-06-27 10:00:00+00:00,38.5,38,21.6,43.2,999.5,976.4,9,5.0,46,19.8,0.0,88.0,57.0,418.0,4.0,12.1,231.0
2026-06-27 11:00:00+00:00,38.4,39,21.8,42.4,998.5,975.4,5,4.8,37,19.1,0.0,81.3,54.1,382.0,4.1,11.8,226.0
2026-06-27 12:00:00+00:00,39.2,34,20.3,42.8,997.8,974.8,15,2.2,5,17.6,0.0,85.0,57.0,446.0,8.4,12.6,213.0
2026-06-27 13:00:00+00:00,38.4,36,20.7,42.0,997.8,974.7,13,4.0,3,11.2,0.0,80.6,57.9,701.0,29.5,14.0,173.0
2026-06-27 14:00:00+00:00,36.6,47,23.3,41.8,998.0,974.8,2,2.7,8,10.8,0.0,85.0,65.0,1056.0,59.0,16.0,118.0
2026-06-27 15:00:00+00:00,35.6,52,24.2,41.4,998.0,974.7,2,2.3,119,6.1,0.0,99.9,79.9,1329.0,83.8,17.8,72.0
2026-06-27 16:00:00+00:00,35.0,51,23.3,39.5,998.5,975.1,1,7.6,137,15.5,0.0,110.8,90.1,1442.0,100.5,19.4,45.0
2026-06-27 17:00:00+00:00,34.4,49,22.3,38.4,998.7,975.3,1,6.9,147,16.2,0.0,121.1,100.8,1475.0,112.4,20.9,27.0
2026-06-27 18:00:00+00:00,34.7,50,22.8,38.7,998.6,975.2,0,8.9,167,14.4,0.0,116.4,99.0,1482.0,116.6,21.6,17.0
2026-06-27 19:00:00+00:00,33.9,53,23.0,38.0,998.6,975.2,0,8.8,161,18.0,0.0,111.1,95.2,1500.0,109.0,20.9,16.0
2026-06-27 20:00:00+00:00,33.4,54,22.8,37.5,998.6,975.1,0,8.6,168,16.6,0.0,107.3,92.0,1492.0,93.7,19.4,23.0
2026-06-27 21:00:00+00:00,32.9,54,22.5,36.7,998.6,975.1,1,8.7,166,16.9,0.0,103.8,88.7,1412.0,79.5,18.0,30.0
2026-06-27 22:00:00+00:00,32.4,57,22.7,36.4,998.5,974.9,0,8.1,175,17.3,0.0,99.9,85.2,1189.0,70.0,16.9,31.0
2026-06-27 23:00:00+00:00,30.1,66,23.0,33.9,999.6,975.8,70,11.7,59,20.5,0.0,97.8,82.9,893.0,61.7,16.0,32.0
2026-06-28 00:00:00+00:00,32.3,62,24.0,37.1,997.8,974.3,0,8.5,226,45.0,4.8,92.0,77.5,684.0,47.7,16.3,48.0
2026-06-28 01:00:00+00:00,30.6,67,23.8,34.5,999.2,975.5,54,13.4,51,19.4,0.2,88.5,74.5,656.0,40.9,16.5,71.0
2026-06-28 02:00:00+00:00,27.7,81,24.1,32.8,999.5,975.6,7,7.1,150,50.4,0.7,87.3,72.6,716.0,31.4,16.8,103.0
2026-06-28 03:00:00+00:00,30.5,69,24.1,35.2,1000.2,976.5,1,9.5,109,25.2,0.0,87.3,67.8,741.0,22.7,17.1,136.0
2026-06-28 04:00:00+00:00,33.1,59,24.2,38.0,1000.1,976.6,2,8.8,110,24.1,0.0,85.4,64.7,677.0,15.7,17.5,169.0
2026-06-28 05:00:00+00:00,35.1,54,24.4,40.6,999.9,976.5,0,9.4,138,26.6,0.0,83.6,61.9,580.0,9.5,17.9,202.0
2026-06-28 06:00:00+00:00,36.8,47,23.7,42.6,999.8,976.5,0,9.2,154,26.6,0.0,80.3,58.2,491.0,5.1,17.6,223.0
2026-06-28 07:00:00+00:00,38.1,41,22.6,43.9,999.2,976.1,0,8.4,173,26.6,0.0,75.2,52.4,421.0,3.2,16.0,225.0
2026-06-28 08:00:00+00:00,39.1,38,22.1,44.8,998.5,975.4,9,7.4,187,25.2,0.0,70.8,47.3,359.0,3.0,13.8,214.0
2026-06-28 09:00:00+00:00,39.7,35,21.5,44.6,997.3,974.3,5,7.2,199,23.4,0.0,67.8,44.5,320.0,3.3,11.9,202.0
2026-06-28 10:00:00+00:00,40.0,34,21.3,44.1,996.6,973.7,8,7.8,209,23.8,0.0,63.3,40.7,293.0,2.5,10.7,192.0
2026-06-28 11:00:00+00:00,39.8,35,21.5,43.2,995.9,973.0,17,8.3,219,24.1,0.0,58.3,36.1,288.0,2.0,9.9,181.0
2026-06-28 12:00:00+00:00,39.3,36,21.7,42.8,995.7,972.7,6,8.3,224,24.1,0.0,54.6,32.1,347.0,5.2,9.7,164.0
2026-06-28 13:00:00+00:00,38.9,37,21.5,42.5,995.5,972.5,8,6.6,235,22.3,0.0,53.1,32.4,527.0,15.4,10.5,137.0
2026-06-28 14:00:00+00:00,37.9,45,23.8,43.3,995.6,972.5,5,3.1,239,16.9,0.0,56.6,37.5,770.0,29.1,11.9,104.0
2026-06-28 15:00:00+00:00,37.0,45,23.1,41.7,995.8,972.6,2,5.2,178,9.7,0.0,66.6,46.8,946.0,39.5,12.9,77.0
2026-06-28 16:00:00+00:00,36.0,49,23.6,40.7,996.3,973.1,2,7.2,166,15.5,0.0,73.1,53.6,995.0,43.8,13.1,59.0
2026-06-28 17:00:00+00:00,34.9,52,23.7,39.7,996.5,973.2,1,7.4,167,16.2,0.0,74.3,54.6,976.0,44.7,12.9,46.0
2026-06-28 18:00:00+00:00,35.6,49,23.1,39.6,996.7,973.4,5,9.9,207,15.1,0.0,74.5,52.6,935.0,43.6,12.4,38.0
2026-06-28 19:00:00+00:00,34.8,50,22.7,38.7,996.5,973.2,2,9.3,212,20.2,0.0,75.0,48.2,878.0,39.5,11.5,37.0
2026-06-28 20:00:00+00:00,34.1,50,22.3,37.7,996.2,972.8,0,9.7,214,19.4,0.0,80.1,45.3,800.0,33.3,10.3,41.0
2026-06-28 21:00:00+00:00,33.5,52,22.1,37.1,996.0,972.6,0,9.0,210,19.8,0.0,82.2,43.4,727.0,29.6,9.4,43.0
2026-06-28 22:00:00+00:00,32.8,55,22.4,36.8,996.3,972.8,1,7.5,204,17.6,0.0,86.8,44.7,660.0,31.5,9.1,36.0
2026-06-28 23:00:00+00:00,32.3,58,23.0,36.9,996.5,973.0,2,5.9,215,15.1,0.0,93.6,47.8,599.0,35.9,9.2,28.0
2026-06-29 00:00:00+00:00,32.6,60,23.7,37.8,996.2,972.7,0,4.5,203,15.5,0.0,49.4,40.3,569.0,33.0,9.2,37.0
2026-06-29 01:00:00+00:00,32.4,61,24.0,37.7,996.5,973.0,20,4.9,182,10.4,0.0,54.8,46.3,601.0,30.0,10.4,55.0
2026-06-29 02:00:00+00:00,33.7,55,23.4,38.9,996.4,973.0,9,3.8,197,11.9,0.0,62.2,52.7,663.0,25.6,12.0,82.0
2026-06-29 03:00:00+00:00,35.6,47,22.4,40.0,996.8,973.5,3,4.4,207,15.1,0.0,67.8,53.3,688.0,20.9,13.3,111.0
2026-06-29 04:00:00+00:00,37.2,40,21.5,41.1,997.1,973.9,0,4.9,197,17.3,0.0,66.1,50.3,636.0,15.6,13.9,147.0
2026-06-29 05:00:00+00:00,38.3,38,21.6,42.6,997.3,974.2,0,6.5,188,21.6,0.0,61.7,45.6,546.0,9.9,14.1,186.0
2026-06-29 06:00:00+00:00,38.5,38,21.8,43.5,997.5,974.4,13,7.6,199,24.5,0.0,59.4,42.1,466.0,5.7,13.9,212.0
2026-06-29 07:00:00+00:00,39.3,36,21.6,44.4,997.3,974.3,3,7.3,196,24.5,0.0,59.4,39.2,409.0,4.0,13.2,217.0
2026-06-29 08:00:00+00:00,40.0,35,21.6,45.2,996.8,973.8,1,8.0,198,26.3,0.0,62.2,37.3,361.0,3.8,12.0,209.0
2026-06-29 09:00:00+00:00,40.3,34,21.7,45.2,996.1,973.2,1,8.4,203,27.0,0.0,63.3,34.6,328.0,4.1,10.9,197.0
2026-06-29 10:00:00+00:00,40.4,34,21.6,44.7,995.5,972.6,1,8.3,207,27.0,0.0,64.7,32.0,303.0,4.0,9.8,183.0
2026-06-29 11:00:00+00:00,40.2,35,21.6,43.7,994.7,971.8,11,7.8,218,25.9,0.0,71.2,32.7,294.0,4.4,8.8,164.0
2026-06-29 12:00:00+00:00,40.5,33,21.2,43.6,994.4,971.5,16,9.2,219,24.5,0.0,77.3,34.2,323.0,7.6,9.3,154.0
2026-06-29 13:00:00+00:00,39.8,35,21.4,43.2,994.1,971.2,23,8.2,230,25.2,0.0,75.7,35.5,430.0,18.9,10.3,129.0
2026-06-29 14:00:00+00:00,38.9,39,22.4,42.7,994.1,971.1,5,8.7,225,22.0,0.0,82.2,41.6,576.0,34.7,11.7,93.0
2026-06-29 15:00:00+00:00,37.9,42,23.0,42.0,994.5,971.4,35,9.3,217,22.0,0.0,86.8,47.7,671.0,47.1,12.9,64.0
2026-06-29 16:00:00+00:00,37.1,46,23.4,41.5,995.1,972.0,70,8.5,207,20.5,0.0,96.9,51.2,657.0,53.0,13.6,47.0
2026-06-29 17:00:00+00:00,36.3,47,23.3,40.9,995.7,972.5,70,6.9,210,18.4,0.0,109.2,57.3,592.0,55.6,14.0,37.0
2026-06-29 18:00:00+00:00,36.5,47,23.5,41.0,995.5,972.3,38,8.3,204,14.8,0.0,117.1,62.9,559.0,57.1,14.1,29.0
2026-06-29 19:00:00+00:00,35.6,49,23.1,39.9,995.5,972.3,21,8.1,205,19.4,0.0,121.5,65.7,618.0,58.2,13.7,22.0
2026-06-29 20:00:00+00:00,35.1,50,23.0,39.5,995.4,972.1,9,6.9,194,18.0,0.0,124.3,69.2,709.0,58.3,13.0,17.0
2026-06-29 21:00:00+00:00,34.6,51,23.0,39.0,995.2,971.9,11,7.2,198,14.4,0.0,123.9,70.8,737.0,57.3,12.4,15.0
2026-06-29 22:00:00+00:00,34.1,54,23.4,39.1,995.4,972.0,13,4.8,169,16.2,0.0,117.6,70.8,629.0,55.1,11.8,12.0
2026-06-29 23:00:00+00:00,33.4,57,23.6,38.7,995.7,972.3,0,3.5,69,9.0,0.0,110.6,68.9,459.0,51.8,11.4,12.0
2026-06-30 00:00:00+00:00,34.2,54,23.6,38.7,995.4,972.1,7,9.0,210,23.8,0.0,128.1,68.9,352.0,48.7,12.3,16.0
2026-06-30 01:00:00+00:00,33.9,55,23.7,38.9,996.1,972.7,1,5.6,239,19.4,0.0,128.1,68.9,383.0,43.4,13.3,35.0
2026-06-30 02:00:00+00:00,34.4,54,23.6,39.8,996.6,973.2,2,2.6,34,12.6,0.0,132.2,68.2,477.0,35.8,14.6,64.0
2026-06-30 03:00:00+00:00,35.2,51,23.7,40.9,997.0,973.7,1,1.3,124,12.6,0.0,133.6,65.2,538.0,28.1,15.5,97.0
2026-06-30 04:00:00+00:00,36.8,45,22.9,41.8,997.2,974.0,1,2.7,212,13.3,0.0,127.1,63.1,523.0,20.4,15.7,140.0
2026-06-30 05:00:00+00:00,38.1,41,22.5,42.9,997.4,974.3,6,6.8,228,22.3,0.0,123.4,62.6,474.0,12.7,15.5,189.0
2026-06-30 06:00:00+00:00,38.5,40,22.4,43.4,997.8,974.7,52,9.1,219,26.6,0.0,121.5,61.5,423.0,7.0,14.9,220.0
2026-06-30 07:00:00+00:00,38.9,39,22.3,43.6,997.7,974.6,13,9.7,214,29.5,0.0,123.4,61.0,370.0,4.5,13.8,222.0
2026-06-30 08:00:00+00:00,39.4,38,22.3,44.2,997.4,974.4,23,9.1,207,29.5,0.0,119.0,57.0,315.0,4.0,12.4,208.0
2026-06-30 09:00:00+00:00,39.6,37,22.1,44.2,996.8,973.8,30,7.9,196,28.4,0.0,118.7,54.9,282.0,4.3,11.2,192.0
2026-06-30 10:00:00+00:00,39.4,37,22.1,43.1,996.0,973.0,27,8.0,198,25.2,0.1,119.7,53.7,289.0,4.9,10.4,179.0
2026-06-30 11:00:00+00:00,39.6,37,22.1,43.5,995.2,972.3,16,7.0,192,24.8,0.1,122.5,53.4,320.0,6.3,9.8,164.0
2026-06-30 12:00:00+00:00,39.6,35,21.5,42.8,995.0,972.1,41,9.4,198,22.3,0.0,135.0,57.6,349.0,9.4,8.8,141.0
2026-06-30 13:00:00+00:00,38.9,36,20.9,41.5,995.3,972.3,37,11.6,175,29.2,0.0,127.1,58.7,367.0,14.3,9.1,124.0
2026-06-30 14:00:00+00:00,38.2,36,20.5,40.7,995.3,972.2,13,10.6,165,29.2,0.0,122.0,59.5,383.0,21.0,9.5,100.0
2026-06-30 15:00:00+00:00,37.8,37,20.8,40.7,995.9,972.8,9,9.0,134,25.6,0.0,111.5,59.8,404.0,26.3,9.9,81.0
2026-06-30 16:00:00+00:00,37.4,39,21.3,40.6,995.9,972.8,1,8.5,167,20.9,0.0,103.8,60.5,434.0,29.2,10.2,71.0
2026-06-30 17:00:00+00:00,36.5,42,21.7,40.1,996.8,973.6,0,7.9,123,18.7,0.0,99.0,62.4,469.0,30.6,10.5,65.0
2026-06-30 18:00:00+00:00,36.8,43,22.1,40.6,996.9,973.7,2,7.7,155,23.8,0.0,92.9,62.9,496.0,30.3,11.2,64.0
2026-06-30 19:00:00+00:00,36.0,45,22.2,39.9,996.7,973.5,1,6.9,147,17.3,0.0,87.8,61.0,511.0,27.2,12.6,69.0
2026-06-30 20:00:00+00:00,35.0,48,22.4,39.0,996.5,973.2,5,7.1,135,16.6,0.0,120.1,65.4,518.0,22.3,14.4,78.0
2026-06-30 21:00:00+00:00,34.0,52,22.7,37.9,996.6,973.2,6,9.1,122,20.2,0.0,207.2,78.2,522.0,18.1,15.5,86.0
2026-06-30 22:00:00+00:00,33.3,57,23.7,37.9,996.8,973.4,9,8.8,136,21.2,0.0,328.8,98.5,522.0,15.3,15.3,90.0
2026-06-30 23:00:00+00:00,32.8,65,25.4,38.6,997.4,973.9,48,8.0,110,19.1,0.0,375.3,107.6,518.0,13.2,14.6,92.0
2026-07-01 00:00:00+00:00,32.6,70,26.3,38.9,997.0,973.5,23,8.8,109,19.8,0.0,395.8,119.2,522.0,13.9,13.0,87.0
2026-07-01 01:00:00+00:00,32.3,70,26.2,38.7,997.1,973.6,14,7.8,119,19.8,0.0,374.4,111.5,547.0,14.5,13.3,87.0
2026-07-01 02:00:00+00:00,32.1,73,26.7,38.4,997.8,974.2,2,10.6,91,26.3,0.0,476.8,123.9,578.0,15.1,13.7,88.0
2026-07-01 03:00:00+00:00,32.2,73,26.6,37.8,998.6,975.0,7,15.1,82,37.8,0.0,499.2,128.5,587.0,14.7,14.0,96.0
2026-07-01 04:00:00+00:00,33.8,66,26.6,39.6,998.8,975.3,5,13.8,98,38.5,0.0,540.2,140.6,550.0,12.1,14.2,120.0
2026-07-01 05:00:00+00:00,35.8,57,26.1,41.6,999.0,975.7,19,14.0,99,37.1,0.0,597.9,156.9,490.0,8.4,14.4,151.0
2026-07-01 06:00:00+00:00,35.2,56,25.3,41.3,999.3,975.9,32,11.5,113,37.8,0.0,653.8,168.1,444.0,5.8,14.1,173.0
2026-07-01 07:00:00+00:00,36.8,51,24.8,43.1,998.9,975.7,37,8.6,129,31.7,0.1,665.0,172.3,426.0,5.2,13.1,178.0
2026-07-01 08:00:00+00:00,37.9,45,24.1,44.2,997.9,974.8,51,7.7,143,26.3,0.1,597.9,158.8,423.0,5.7,11.6,174.0
2026-07-01 09:00:00+00:00,38.2,43,23.5,44.0,997.1,974.0,39,6.3,129,24.8,0.0,558.8,153.2,434.0,6.4,10.6,171.0
2026-07-01 10:00:00+00:00,35.3,54,24.6,40.3,997.3,974.0,66,10.1,85,27.0,0.9,594.2,163.4,462.0,7.0,10.3,173.0
2026-07-01 11:00:00+00:00,35.2,54,24.5,40.3,996.7,973.4,50,9.0,91,28.1,0.9,594.2,163.9,504.0,7.8,10.4,176.0
2026-07-01 12:00:00+00:00,36.5,48,23.7,41.2,995.8,972.6,29,7.8,98,27.4,0.1,467.5,153.2,555.0,9.1,10.4,164.0
2026-07-01 13:00:00+00:00,36.9,45,22.9,40.9,995.8,972.6,13,9.5,111,24.5,0.1,349.2,132.7,629.0,18.7,10.3,139.0
2026-07-01 14:00:00+00:00,36.1,48,23.2,40.1,996.5,973.3,8,10.7,102,25.9,0.0,297.1,127.1,712.0,31.7,10.2,104.0
2026-07-01 15:00:00+00:00,34.3,59,25.0,39.4,997.6,974.2,11,11.2,90,31.3,0.0,321.3,133.2,751.0,39.8,10.1,78.0
2026-07-01 16:00:00+00:00,32.7,66,25.4,38.3,999.6,976.0,16,9.6,38,26.6,0.0,345.5,137.4,713.0,38.2,10.1,72.0
2026-07-01 17:00:00+00:00,30.5,73,25.1,35.4,999.3,975.6,9,12.8,92,37.8,0.1,377.2,137.4,632.0,31.6,10.2,75.0
2026-07-01 18:00:00+00:00,29.4,70,23.4,32.8,1001.0,977.2,2,15.7,63,30.2,0.1,451.7,142.0,558.0,25.9,10.3,76.0
2026-07-01 19:00:00+00:00,28.2,76,23.5,32.3,1000.0,976.1,1,11.3,92,37.4,0.0,510.4,148.5,505.0,23.2,10.5,69.0
2026-07-01 20:00:00+00:00,27.7,80,24.0,31.6,999.3,975.4,1,14.5,110,32.8,0.0,516.0,149.5,459.0,21.5,10.8,60.0
2026-07-01 21:00:00+00:00,27.4,85,24.6,32.3,999.3,975.3,0,10.6,120,33.8,0.0,486.2,143.0,423.0,20.4,11.0,53.0
2026-07-01 22:00:00+00:00,27.2,83,24.1,32.0,999.9,975.9,0,9.6,128,24.8,0.0,388.4,122.9,387.0,20.2,11.1,48.0
2026-07-01 23:00:00+00:00,27.0,85,24.2,31.9,1000.4,976.4,0,8.4,124,22.3,0.0,296.2,102.0,362.0,20.7,11.1,44.0
2026-07-02 00:00:00+00:00,25.8,90,24.0,30.3,999.6,975.5,13,11.1,98,20.2,0.0,366.0,106.6,376.0,19.2,12.9,57.0
2026-07-02 01:00:00+00:00,25.1,89,23.2,28.2,1002.4,978.2,100,17.1,295,46.4,1.6,394.9,111.8,476.0,20.2,14.0,61.0
2026-07-02 02:00:00+00:00,25.0,96,24.3,29.3,1000.8,976.6,5,13.6,107,41.8,4.2,460.1,119.0,617.0,21.3,15.6,68.0
2026-07-02 03:00:00+00:00,26.4,90,24.6,31.4,1000.9,976.8,12,9.4,119,28.4,0.8,471.2,121.1,691.0,20.7,16.4,83.0
2026-07-02 04:00:00+00:00,28.5,80,24.6,34.0,1001.1,977.2,0,6.6,107,24.1,0.0,442.4,117.6,632.0,16.7,16.0,114.0
2026-07-02 05:00:00+00:00,30.2,73,24.8,36.3,1000.9,977.1,0,7.6,105,22.7,0.0,416.3,114.6,507.0,10.9,14.9,154.0
2026-07-02 06:00:00+00:00,31.1,67,24.2,37.8,1002.0,978.3,2,5.8,120,22.7,0.0,413.5,114.8,413.0,6.4,13.7,183.0
2026-07-02 07:00:00+00:00,32.3,63,24.3,39.7,1001.6,978.0,0,4.1,103,18.7,0.0,399.5,113.4,390.0,4.5,12.3,194.0
2026-07-02 08:00:00+00:00,33.3,59,24.3,40.7,1000.8,977.3,0,4.3,114,16.6,0.0,357.6,107.3,398.0,4.0,10.7,194.0
2026-07-02 09:00:00+00:00,34.0,57,24.3,41.1,1000.0,976.5,1,4.1,119,16.6,0.0,317.6,100.8,413.0,4.2,9.6,193.0
2026-07-02 10:00:00+00:00,34.4,56,24.2,40.8,999.1,975.7,3,4.1,103,15.8,0.0,286.8,95.2,387.0,4.0,9.3,195.0
2026-07-02 11:00:00+00:00,34.3,56,24.2,39.6,998.4,975.0,5,5.4,90,16.6,0.0,262.6,90.8,367.0,4.6,9.4,196.0
2026-07-02 12:00:00+00:00,34.1,55,23.9,38.4,998.7,975.3,13,11.3,61,19.1,0.0,205.4,73.6,473.0,7.8,8.1,168.0
2026-07-02 13:00:00+00:00,33.3,59,24.2,38.2,998.5,975.0,15,9.1,80,29.5,0.0,188.6,74.7,863.0,17.4,8.8,144.0
2026-07-02 14:00:00+00:00,33.0,60,24.2,38.2,998.5,975.0,11,6.7,99,23.0,0.0,158.8,76.8,1379.0,30.8,9.7,110.0
2026-07-02 15:00:00+00:00,32.6,62,24.5,38.0,999.1,975.5,4,6.6,99,16.6,0.0,155.5,79.9,1659.0,41.4,10.6,82.0
2026-07-02 16:00:00+00:00,32.2,65,24.7,37.5,1000.2,976.6,2,7.6,98,16.9,0.0,152.3,83.6,1480.0,47.3,11.4,66.0
2026-07-02 17:00:00+00:00,31.6,67,24.7,37.0,1000.9,977.2,3,7.6,98,16.9,0.0,150.4,86.1,1066.0,50.4,12.1,56.0
2026-07-02 18:00:00+00:00,31.9,65,24.5,36.9,1001.2,977.5,3,9.4,102,18.7,0.0,148.1,86.1,731.0,50.3,12.5,51.0
2026-07-02 19:00:00+00:00,31.0,71,25.1,36.3,1001.2,977.5,3,10.2,99,22.0,0.0,140.6,83.1,601.0,44.9,12.4,53.0
2026-07-02 20:00:00+00:00,30.6,74,25.5,36.4,1001.0,977.2,2,8.5,95,21.6,0.0,130.4,78.7,549.0,36.2,11.9,60.0
2026-07-02 21:00:00+00:00,30.2,77,25.7,36.3,1001.0,977.2,2,7.7,93,17.6,0.0,117.6,73.3,514.0,29.7,11.8,65.0
2026-07-02 22:00:00+00:00,29.9,79,25.8,35.9,1001.2,977.4,0,8.6,88,19.1,0.0,102.0,67.1,469.0,28.1,12.3,61.0
2026-07-02 23:00:00+00:00,29.7,80,25.8,35.8,1001.3,977.5,1,7.7,89,19.4,0.0,84.8,60.3,441.0,28.5,13.0,54.0
2026-07-03 00:00:00+00:00,29.9,80,26.0,36.5,1001.8,978.0,4,5.2,76,16.9,0.0,56.3,48.0,445.0,21.4,10.2,76.0
2026-07-03 01:00:00+00:00,29.8,81,26.2,36.7,1002.3,978.5,1,4.4,81,11.5,0.0,53.2,47.6,516.0,20.5,12.1,89.0
2026-07-03 02:00:00+00:00,30.6,77,26.1,37.3,1002.2,978.4,2,5.1,98,13.7,0.0,41.8,38.5,619.0,19.0,14.7,107.0
2026-07-03 03:00:00+00:00,31.9,70,25.8,37.5,1001.7,978.0,1,10.9,109,26.6,0.0,28.1,27.1,672.0,16.8,16.0,126.0
2026-07-03 04:00:00+00:00,33.3,63,25.2,38.2,1001.3,977.7,6,12.6,114,32.0,0.0,23.2,22.8,619.0,13.1,14.9,147.0
2026-07-03 05:00:00+00:00,34.4,57,24.8,39.7,1000.9,977.4,2,12.4,111,33.8,0.0,24.0,21.5,515.0,8.6,12.7,169.0
2026-07-03 06:00:00+00:00,35.5,52,24.1,42.4,1002.0,978.6,16,4.1,113,32.4,0.0,28.1,22.1,439.0,5.3,10.8,187.0
2026-07-03 07:00:00+00:00,35.6,52,24.1,42.8,1001.7,978.3,36,4.0,100,16.6,0.3,32.1,23.3,427.0,4.1,9.9,198.0
2026-07-03 08:00:00+00:00,35.1,53,24.0,41.7,1001.2,977.8,33,4.5,113,20.2,1.1,33.6,23.9,443.0,4.1,9.4,204.0
2026-07-03 09:00:00+00:00,35.7,49,23.4,42.0,999.9,976.6,10,1.9,139,19.1,0.1,34.3,24.3,461.0,4.7,9.2,208.0
2026-07-03 10:00:00+00:00,36.4,47,23.1,42.3,999.0,975.7,6,0.9,79,12.2,0.0,35.4,24.7,449.0,5.0,9.2,211.0
2026-07-03 11:00:00+00:00,36.4,47,23.2,41.7,998.2,975.0,14,1.5,346,11.9,0.0,35.7,25.2,440.0,5.9,9.4,212.0
2026-07-03 12:00:00+00:00,37.4,41,21.9,42.0,997.2,974.0,24,1.9,41,11.9,0.2,82.4,49.2,501.0,9.0,11.4,204.0
2026-07-03 13:00:00+00:00,37.1,41,21.7,41.3,997.7,974.5,41,3.7,101,13.0,0.1,82.0,50.8,718.0,20.6,12.2,175.0
2026-07-03 14:00:00+00:00,36.5,42,21.6,40.6,997.9,974.7,7,4.2,121,13.0,0.0,78.5,57.2,1007.0,36.2,13.3,135.0
2026-07-03 15:00:00+00:00,35.8,45,21.9,39.9,998.5,975.2,5,4.6,126,12.6,0.0,75.7,59.6,1181.0,46.2,13.7,104.0
2026-07-03 16:00:00+00:00,35.2,47,22.3,39.2,999.3,975.9,2,7.0,130,16.9,0.0,72.6,58.6,1133.0,45.1,12.7,91.0
2026-07-03 17:00:00+00:00,34.5,50,22.7,38.4,999.6,976.2,1,9.1,129,20.9,0.0,67.5,55.2,970.0,38.3,11.0,88.0
2026-07-03 18:00:00+00:00,34.3,52,23.0,38.5,999.1,975.7,0,8.5,132,21.2,0.0,61.0,51.3,831.0,31.9,9.5,85.0
2026-07-03 19:00:00+00:00,33.3,59,24.1,38.4,999.2,975.7,0,7.1,131,19.4,0.0,53.8,46.9,768.0,27.7,8.3,81.0
2026-07-03 20:00:00+00:00,32.8,62,24.5,38.2,999.4,975.9,0,6.4,144,16.2,0.0,48.9,43.8,729.0,23.9,7.2,77.0
2026-07-03 21:00:00+00:00,32.4,63,24.4,37.8,999.6,976.0,0,6.3,145,15.1,0.0,47.1,42.5,695.0,21.9,6.7,73.0
2026-07-03 22:00:00+00:00,32.1,64,24.4,37.6,999.5,975.9,0,5.5,142,14.4,0.0,47.3,42.4,657.0,22.9,6.8,64.0
2026-07-03 23:00:00+00:00,31.8,65,24.3,37.3,999.4,975.8,0,5.7,143,13.0,0.0,47.8,43.0,625.0,25.6,7.5,53.0
2026-07-04 00:00:00+00:00,31.2,68,24.5,36.1,1000.1,976.4,31,9.7,47,14.8,0.0,53.8,46.9,606.0,25.2,8.7,58.0
2026-07-04 01:00:00+00:00,29.9,71,24.1,35.4,1000.0,976.2,1,4.4,63,25.2,0.1,52.7,47.0,613.0,23.6,9.6,71.0
2026-07-04 02:00:00+00:00,31.6,63,23.7,36.8,1000.4,976.7,0,4.5,76,13.7,0.0,52.5,46.0,633.0,21.2,10.9,89.0
2026-07-04 03:00:00+00:00,33.6,56,23.7,38.8,1000.4,976.9,0,4.4,71,16.2,0.0,50.4,43.5,636.0,18.1,11.5,111.0
2026-07-04 04:00:00+00:00,35.1,51,23.6,40.0,1000.0,976.6,0,5.9,90,20.2,0.0,48.5,41.7,601.0,13.8,11.0,140.0
2026-07-04 05:00:00+00:00,35.9,49,23.6,41.2,999.8,976.5,6,6.9,118,23.0,0.0,48.9,41.3,549.0,8.9,10.0,172.0
2026-07-04 06:00:00+00:00,37.1,43,22.4,42.3,1000.2,977.0,18,7.6,133,24.8,0.0,51.3,41.1,514.0,5.3,9.0,195.0
2026-07-04 07:00:00+00:00,36.8,43,22.0,42.3,999.2,976.0,65,5.4,124,25.2,3.4,49.6,39.0,513.0,3.9,8.3,203.0
2026-07-04 08:00:00+00:00,37.1,40,21.2,41.3,998.2,975.0,39,5.7,148,20.5,0.4,48.2,37.5,530.0,3.8,7.8,201.0
2026-07-04 09:00:00+00:00,37.5,40,21.6,42.5,997.5,974.4,16,4.8,155,19.4,0.1,46.1,35.9,549.0,4.3,7.5,199.0
2026-07-04 10:00:00+00:00,37.8,39,21.6,42.2,996.7,973.6,15,4.3,165,18.4,0.0,45.3,35.3,566.0,4.5,7.6,201.0
2026-07-04 11:00:00+00:00,37.7,40,21.7,41.8,995.8,972.7,9,4.2,192,16.9,0.0,51.3,38.5,586.0,5.4,8.0,203.0
2026-07-04 12:00:00+00:00,37.3,47,24.0,42.5,995.7,972.6,9,5.9,252,16.6,0.0,103.6,75.9,604.0,9.7,10.4,202.0
2026-07-04 13:00:00+00:00,36.7,48,23.8,41.8,995.2,972.0,22,5.8,261,20.2,0.0,102.7,77.3,607.0,24.0,11.5,170.0
2026-07-04 14:00:00+00:00,36.4,48,23.8,41.8,995.4,972.2,20,4.1,195,18.4,0.0,106.4,83.4,609.0,43.5,13.1,125.0
2026-07-04 15:00:00+00:00,36.3,48,23.7,41.6,995.7,972.5,20,3.9,164,13.3,0.0,107.6,89.6,648.0,55.9,14.3,92.0
2026-07-04 16:00:00+00:00,35.6,52,24.1,40.7,996.3,973.0,6,6.6,137,16.6,0.0,103.6,87.5,774.0,54.9,14.7,82.0
2026-07-04 17:00:00+00:00,34.5,58,25.1,40.0,996.8,973.4,2,8.4,135,20.5,0.0,99.4,84.5,937.0,46.8,14.6,85.0
2026-07-04 18:00:00+00:00,34.4,62,25.9,40.4,996.7,973.3,3,8.7,156,20.9,0.0,93.8,80.1,1021.0,38.8,14.7,89.0
2026-07-04 19:00:00+00:00,33.6,64,25.8,39.5,997.1,973.7,8,9.6,167,22.3,0.0,87.1,74.7,954.0,32.6,15.1,94.0
2026-07-04 20:00:00+00:00,33.0,66,25.8,38.9,997.1,973.6,2,9.2,177,22.3,0.0,81.3,70.1,809.0,26.4,15.5,101.0
2026-07-04 21:00:00+00:00,32.5,68,25.8,38.4,996.9,973.4,4,8.7,185,21.2,0.0,77.3,67.5,683.0,22.5,16.0,104.0
2026-07-04 22:00:00+00:00,32.1,70,25.9,38.2,996.9,973.4,20,8.3,191,20.5,0.0,75.9,66.6,604.0,22.6,16.3,95.0
2026-07-04 23:00:00+00:00,31.9,71,25.9,38.5,997.5,973.9,13,4.7,90,19.1,0.0,76.6,67.1,545.0,25.0,16.7,82.0
2026-07-05 00:00:00+00:00,31.4,67,24.6,36.4,998.0,974.4,78,9.8,44,36.4,0.0,84.8,66.4,523.0,21.6,18.7,93.0
2026-07-05 01:00:00+00:00,29.8,72,24.1,35.1,998.4,974.6,57,6.0,143,34.2,0.6,87.8,66.1,569.0,20.9,19.4,100.0
2026-07-05 02:00:00+00:00,31.2,66,24.0,36.2,998.7,975.0,35,7.1,161,18.4,0.1,93.6,66.8,653.0,19.9,20.3,111.0
2026-07-05 03:00:00+00:00,32.6,63,24.7,38.2,998.9,975.3,5,6.0,129,19.1,0.0,94.3,65.2,694.0,17.9,21.0,128.0
2026-07-05 04:00:00+00:00,34.6,57,24.8,40.4,998.8,975.4,8,5.1,135,18.0,0.0,90.6,64.7,647.0,14.2,21.2,157.0
2026-07-05 05:00:00+00:00,36.4,48,23.8,42.1,998.4,975.1,44,5.3,145,19.1,0.0,94.8,66.8,558.0,9.6,21.2,191.0
2026-07-05 06:00:00+00:00,36.4,48,23.7,42.9,999.1,975.8,95,3.9,124,19.1,0.0,99.2,68.5,488.0,6.0,20.6,217.0
2026-07-05 07:00:00+00:00,37.4,44,22.9,43.3,998.3,975.1,97,4.3,118,18.0,0.1,102.2,70.1,465.0,4.3,19.1,226.0
2026-07-05 08:00:00+00:00,38.1,41,22.6,44.4,997.6,974.5,95,3.3,126,18.4,0.1,103.8,71.0,462.0,3.8,17.1,226.0
2026-07-05 09:00:00+00:00,38.3,40,22.4,44.0,996.9,973.8,66,2.6,115,16.6,0.2,103.1,70.3,458.0,3.8,15.5,223.0
2026-07-05 10:00:00+00:00,38.6,39,22.1,44.0,996.2,973.2,24,1.5,225,14.8,0.2,100.8,68.5,434.0,3.1,14.6,224.0
2026-07-05 11:00:00+00:00,38.5,38,21.5,42.5,995.3,972.3,25,3.8,267,16.2,0.1,98.7,67.1,409.0,3.0,14.2,222.0
2026-07-05 12:00:00+00:00,37.9,42,22.8,42.4,995.0,971.9,12,5.6,266,18.4,0.0,132.7,91.3,424.0,7.5,16.0,210.0
2026-07-05 13:00:00+00:00,37.4,43,22.9,41.6,994.5,971.4,9,7.6,277,21.2,0.0,131.8,90.8,522.0,21.1,17.2,179.0
2026-07-05 14:00:00+00:00,37.1,44,22.8,41.4,994.8,971.7,5,6.4,288,21.2,0.0,135.5,98.3,659.0,39.6,18.8,136.0
2026-07-05 15:00:00+00:00,36.7,46,23.1,41.9,995.3,972.1,5,1.8,259,17.3,0.0,143.9,110.8,746.0,51.7,19.7,103.0
2026-07-05 16:00:00+00:00,35.9,47,23.0,40.6,996.5,973.3,47,5.6,159,14.0,0.0,138.8,113.2,733.0,51.7,19.4,88.0
2026-07-05 17:00:00+00:00,35.0,53,24.0,40.1,996.9,973.6,53,6.7,146,16.2,0.0,131.8,111.1,669.0,45.3,18.4,83.0
2026-07-05 18:00:00+00:00,35.3,57,25.4,41.4,996.9,973.6,70,6.3,153,17.6,0.0,122.5,105.5,616.0,38.4,17.5,81.0
2026-07-05 19:00:00+00:00,34.5,60,25.7,40.5,996.7,973.3,51,7.6,135,17.3,0.0,113.4,99.2,595.0,32.4,17.1,83.0
2026-07-05 20:00:00+00:00,34.0,61,25.3,39.5,996.7,973.3,98,9.1,142,20.2,0.0,106.4,94.1,585.0,26.0,16.8,89.0
2026-07-05 21:00:00+00:00,33.5,62,25.4,39.3,996.8,973.4,84,8.0,142,20.2,0.0,101.7,90.3,582.0,20.9,16.1,94.0
2026-07-05 22:00:00+00:00,33.2,65,25.7,39.2,996.5,973.0,99,7.5,136,17.3,0.0,97.8,87.5,587.0,17.5,14.5,95.0
2026-07-05 23:00:00+00:00,32.8,68,26.0,39.0,996.9,973.4,99,7.6,118,17.6,0.0,91.3,82.7,598.0,15.4,12.5,95.0
2026-07-06 00:00:00+00:00,32.0,68,25.4,37.7,997.5,973.9,86,8.3,104,47.2,1.6,72.4,67.3,607.0,14.6,7.3,95.0
2026-07-06 01:00:00+00:00,30.7,75,25.7,36.2,998.5,974.8,71,11.7,80,27.7,0.0,62.9,57.4,614.0,15.9,7.4,98.0
2026-07-06 02:00:00+00:00,30.7,74,25.5,36.3,999.3,975.6,19,9.8,76,29.2,0.0,53.6,49.5,618.0,17.6,7.4,102.0
2026-07-06 03:00:00+00:00,32.0,67,25.1,37.4,999.4,975.8,40,9.4,90,25.6,0.0,38.5,35.2,609.0,17.7,7.6,111.0
2026-07-06 04:00:00+00:00,33.6,60,24.6,38.5,999.4,975.9,16,10.6,100,29.2,0.0,34.0,30.0,572.0,14.7,7.9,129.0
2026-07-06 05:00:00+00:00,35.1,54,24.3,40.3,999.1,975.7,13,9.9,105,29.5,0.0,33.4,29.0,523.0,10.1,8.3,152.0
2026-07-06 06:00:00+00:00,34.0,55,23.6,39.6,999.7,976.2,94,9.4,93,29.2,0.0,34.1,29.7,490.0,6.6,8.5,170.0
2026-07-06 07:00:00+00:00,33.9,56,24.0,39.6,999.1,975.6,63,8.0,95,26.3,0.0,35.2,30.2,490.0,5.3,8.3,179.0
2026-07-06 08:00:00+00:00,35.1,52,23.9,41.6,998.1,974.8,24,7.1,84,23.8,0.0,35.4,30.5,506.0,5.1,7.9,182.0
2026-07-06 09:00:00+00:00,35.9,50,23.8,42.2,997.3,974.0,67,6.4,98,23.0,0.0,35.7,30.9,528.0,5.6,7.6,181.0
2026-07-06 10:00:00+00:00,36.3,49,23.7,42.1,996.6,973.4,2,5.2,102,20.9,0.0,35.7,30.9,549.0,5.8,7.4,177.0
2026-07-06 11:00:00+00:00,36.4,48,23.7,41.7,996.0,972.8,2,3.6,96,18.0,0.0,34.9,30.3,575.0,6.8,7.4,170.0
2026-07-06 12:00:00+00:00,36.8,45,22.9,41.9,995.6,972.4,12,1.8,96,14.0,0.0,83.8,67.8,607.0,10.2,8.7,170.0
2026-07-06 13:00:00+00:00,36.2,47,23.2,41.2,995.6,972.4,30,3.6,33,12.6,0.0,84.1,69.2,647.0,23.3,9.6,141.0
2026-07-06 14:00:00+00:00,35.4,52,24.0,40.4,996.1,972.8,80,6.7,44,17.3,0.0,85.7,75.7,692.0,41.2,10.9,101.0
2026-07-06 15:00:00+00:00,34.4,57,24.8,39.7,996.7,973.3,59,8.4,71,20.2,0.0,85.7,78.0,744.0,53.4,11.7,70.0
2026-07-06 16:00:00+00:00,33.7,61,25.1,39.4,997.7,974.3,59,7.0,86,20.2,0.0,82.7,75.7,819.0,55.1,11.8,58.0
2026-07-06 17:00:00+00:00,32.9,65,25.4,38.7,998.3,974.8,95,8.0,104,18.7,0.0,81.5,74.7,900.0,51.2,11.5,55.0
2026-07-06 18:00:00+00:00,33.7,58,24.3,39.5,998.8,975.3,70,2.6,124,20.5,0.0,80.8,73.8,931.0,45.8,11.1,55.0
2026-07-06 19:00:00+00:00,32.5,66,25.2,38.5,998.0,974.5,66,5.6,94,11.2,0.0,79.6,71.0,866.0,38.5,10.4,60.0
2026-07-06 20:00:00+00:00,31.9,69,25.6,38.2,997.7,974.1,86,6.0,99,13.7,0.0,80.3,68.2,751.0,29.8,9.6,68.0
2026-07-06 21:00:00+00:00,31.3,73,25.9,37.5,997.8,974.2,19,7.7,69,18.0,0.0,84.1,67.3,669.0,24.9,9.2,71.0
2026-07-06 22:00:00+00:00,30.7,78,26.4,37.4,997.6,973.9,34,6.7,71,17.3,0.0,94.5,73.1,656.0,28.0,9.6,60.0
2026-07-06 23:00:00+00:00,30.3,81,26.7,37.3,998.2,974.5,18,5.7,77,15.1,0.0,99.2,78.5,675.0,34.9,10.4,43.0
2026-07-07 00:00:00+00:00,31.8,78,27.5,39.3,997.7,974.1,9,6.0,127,15.1,0.0,77.3,68.0,706.0,29.7,12.1,53.0
2026-07-07 01:00:00+00:00,27.1,83,23.9,30.3,999.7,975.7,97,18.8,284,38.9,0.3,75.0,67.1,754.0,28.8,13.6,64.0
2026-07-07 02:00:00+00:00,25.8,91,24.1,31.6,999.7,975.6,78,1.9,41,49.3,1.3,79.9,65.9,813.0,27.4,15.6,80.0
2026-07-07 03:00:00+00:00,26.6,93,25.4,32.2,999.6,975.6,94,9.4,64,20.5,1.5,97.6,65.0,841.0,24.6,16.9,103.0
2026-07-07 04:00:00+00:00,28.4,83,25.3,34.4,999.9,976.0,33,6.1,47,23.8,0.3,116.4,65.4,812.0,19.1,17.0,139.0
2026-07-07 05:00:00+00:00,30.6,73,25.3,37.4,999.1,975.4,8,3.1,111,18.0,0.0,122.0,67.3,753.0,12.2,16.3,182.0
2026-07-07 06:00:00+00:00,34.1,63,26.0,42.0,997.6,974.2,0,5.2,88,17.3,0.0,115.0,67.1,696.0,7.1,15.4,215.0
2026-07-07 07:00:00+00:00,36.9,48,24.1,43.9,997.2,974.0,20,6.2,73,22.3,0.0,110.1,66.8,647.0,5.1,14.1,229.0
2026-07-07 08:00:00+00:00,37.8,44,23.3,44.2,996.1,973.0,6,4.9,80,23.0,0.0,105.5,65.9,601.0,4.9,12.6,232.0
2026-07-07 09:00:00+00:00,38.7,39,22.4,44.2,995.5,972.5,22,5.2,90,20.9,0.0,109.4,69.4,580.0,5.3,11.6,233.0
2026-07-07 10:00:00+00:00,38.9,38,21.9,43.2,994.5,971.5,22,5.9,108,21.6,0.0,100.1,64.7,563.0,5.2,11.6,238.0
2026-07-07 11:00:00+00:00,39.0,37,21.7,43.0,994.0,971.0,23,4.5,124,21.2,0.0,96.4,64.0,571.0,5.8,12.0,241.0
2026-07-07 12:00:00+00:00,38.4,41,22.8,42.9,993.9,970.9,35,5.6,173,19.4,0.0,139.2,99.4,688.0,10.5,13.7,232.0
2026-07-07 13:00:00+00:00,37.4,43,22.9,42.0,994.1,971.0,32,5.2,200,18.7,0.1,139.7,102.9,1033.0,20.0,14.2,201.0
2026-07-07 14:00:00+00:00,36.8,45,23.0,41.2,994.5,971.4,21,7.1,171,19.8,0.0,146.7,111.3,1486.0,33.3,15.0,158.0
2026-07-07 15:00:00+00:00,35.9,50,23.7,40.4,995.4,972.2,81,9.7,140,23.8,0.0,144.4,113.6,1774.0,44.6,15.5,119.0
2026-07-07 16:00:00+00:00,34.8,53,24.0,39.4,996.3,973.0,71,10.2,126,26.6,0.0,145.3,116.4,1752.0,52.8,15.7,89.0
2026-07-07 17:00:00+00:00,34.1,58,24.8,39.3,996.6,973.2,85,9.2,133,24.5,0.0,144.4,119.0,1565.0,59.1,15.7,63.0
2026-07-07 18:00:00+00:00,33.7,62,25.4,39.4,996.5,973.1,27,8.3,141,22.7,0.0,154.6,122.0,1371.0,61.3,15.5,46.0
2026-07-07 19:00:00+00:00,32.9,66,25.7,39.0,996.1,972.6,33,7.2,141,20.9,0.0,153.7,121.5,1209.0,57.0,14.9,41.0
2026-07-07 20:00:00+00:00,32.5,69,26.1,39.0,996.2,972.7,97,6.6,145,17.6,0.0,146.2,113.9,1041.0,48.5,14.1,43.0
2026-07-07 21:00:00+00:00,32.3,71,26.3,38.7,996.5,973.0,69,7.6,137,18.0,0.0,143.4,107.6,904.0,41.2,13.7,46.0
2026-07-07 22:00:00+00:00,30.7,75,25.8,37.3,997.3,973.6,63,4.3,85,20.2,0.4,144.4,103.1,813.0,36.7,13.9,45.0
2026-07-07 23:00:00+00:00,30.3,81,26.7,37.1,997.2,973.5,28,7.2,108,16.6,0.4,152.3,99.4,754.0,33.3,14.6,44.0
2026-07-08 00:00:00+00:00,27.5,82,24.2,32.7,997.1,973.2,16,6.4,115,36.4,0.3,170.9,94.3,726.0,20.8,19.2,75.0
2026-07-08 01:00:00+00:00,28.7,80,24.9,34.1,997.2,973.4,5,8.8,133,19.8,0.2,202.1,99.9,751.0,22.3,20.4,79.0
2026-07-08 02:00:00+00:00,30.1,75,25.1,35.5,997.1,973.4,5,9.3,124,24.8,0.0,244.9,105.9,807.0,24.2,22.1,86.0
2026-07-08 03:00:00+00:00,31.9,68,25.2,37.5,997.3,973.7,2,8.2,126,25.2,0.0,271.0,111.8,825.0,23.9,23.2,102.0
2026-07-08 04:00:00+00:00,33.7,62,25.5,39.5,997.4,974.0,1,8.1,125,24.8,0.0,271.9,112.2,764.0,19.2,23.3,136.0
2026-07-08 05:00:00+00:00,35.1,57,25.3,41.3,997.8,974.5,13,8.2,113,25.6,0.0,259.8,109.9,665.0,12.2,22.9,180.0
2026-07-08 06:00:00+00:00,36.3,49,24.1,41.7,997.7,974.5,22,10.5,128,28.8,0.1,239.3,104.8,583.0,7.0,22.1,214.0
2026-07-08 07:00:00+00:00,37.0,43,22.5,41.8,997.1,973.9,40,10.7,134,31.3,0.1,223.5,101.5,537.0,5.1,20.8,229.0
2026-07-08 08:00:00+00:00,37.2,42,22.2,41.4,996.6,973.4,26,11.6,137,33.8,0.0,215.6,100.8,508.0,5.0,19.2,234.0
2026-07-08 09:00:00+00:00,37.2,42,22.1,41.7,996.2,973.1,52,8.9,135,33.1,0.1,209.5,100.6,498.0,5.7,17.9,233.0
2026-07-08 10:00:00+00:00,36.3,43,21.8,40.3,996.3,973.1,28,7.2,109,28.4,0.3,204.9,99.4,513.0,6.5,17.3,229.0
2026-07-08 11:00:00+00:00,35.8,46,22.5,39.6,995.7,972.5,16,9.6,133,27.4,0.7,264.5,129.5,547.0,8.1,16.9,220.0
2026-07-08 12:00:00+00:00,36.0,44,21.7,40.3,995.6,972.4,24,2.8,230,27.4,0.0,204.9,91.7,586.0,13.8,16.4,183.0
2026-07-08 13:00:00+00:00,35.6,45,21.8,40.0,995.8,972.5,35,2.1,250,14.0,0.0,170.0,81.3,636.0,15.2,15.7,170.0
2026-07-08 14:00:00+00:00,35.2,46,21.7,39.4,996.1,972.8,17,3.4,72,11.5,0.0,123.9,67.5,691.0,17.2,14.6,152.0
2026-07-08 15:00:00+00:00,34.4,49,22.3,38.5,996.9,973.5,10,6.3,93,16.9,0.0,95.7,62.2,723.0,19.0,13.8,134.0
2026-07-08 16:00:00+00:00,33.3,57,23.6,37.7,997.6,974.1,7,9.6,107,23.4,0.0,72.4,55.6,716.0,20.2,13.4,119.0
2026-07-08 17:00:00+00:00,32.2,63,24.3,37.3,997.8,974.2,5,8.1,114,24.1,0.0,63.1,52.9,686.0,21.2,13.3,105.0
2026-07-08 18:00:00+00:00,31.2,66,24.0,36.2,998.1,974.5,4,7.4,104,20.9,0.0,58.9,50.6,657.0,22.0,13.2,92.0
2026-07-08 19:00:00+00:00,30.3,72,24.7,35.8,997.9,974.2,2,6.7,82,19.4,0.0,57.5,49.5,635.0,22.5,13.2,81.0
2026-07-08 20:00:00+00:00,29.9,75,25.1,35.9,997.7,974.0,2,5.0,60,17.6,0.0,56.9,49.0,613.0,22.8,13.2,72.0
2026-07-08 21:00:00+00:00,29.7,76,25.1,35.9,997.7,974.0,0,3.5,55,14.0,0.0,57.4,49.8,592.0,23.5,13.4,63.0
2026-07-08 22:00:00+00:00,29.6,77,25.0,36.0,997.3,973.6,4,2.1,31,10.8,0.0,59.6,52.9,566.0,25.4,13.4,53.0
2026-07-08 23:00:00+00:00,29.4,77,24.9,35.7,997.5,973.7,5,2.3,23,9.0,0.0,62.2,56.6,541.0,27.8,13.6,44.0
2026-07-09 00:00:00+00:00,29.4,79,25.3,35.7,997.8,974.0,30,4.0,180,9.0,0.0,65.2,54.0,541.0,23.6,19.0,64.0
2026-07-09 01:00:00+00:00,29.3,79,25.3,35.8,997.8,974.0,19,2.7,172,11.2,0.0,71.7,56.8,596.0,24.2,20.7,69.0
2026-07-09 02:00:00+00:00,30.1,75,25.3,36.6,998.1,974.4,47,2.5,180,10.8,0.0,84.8,56.5,676.0,24.9,23.1,77.0
2026-07-09 03:00:00+00:00,31.2,70,25.0,37.4,998.3,974.7,55,3.0,197,13.3,0.0,113.2,59.8,714.0,23.8,24.8,97.0
2026-07-09 04:00:00+00:00,32.4,63,24.6,38.3,998.0,974.5,29,3.6,243,15.1,0.0,149.5,63.6,669.0,19.2,25.3,139.0
2026-07-09 05:00:00+00:00,34.5,55,24.3,40.5,997.8,974.4,20,4.0,249,20.2,0.0,173.2,71.5,581.0,12.9,25.0,193.0
2026-07-09 06:00:00+00:00,34.9,50,23.0,41.1,998.3,974.9,34,3.1,246,21.6,0.0,173.2,74.7,512.0,8.1,24.3,236.0
2026-07-09 07:00:00+00:00,36.7,45,22.7,43.0,998.1,974.9,8,3.4,245,19.1,0.0,171.8,77.3,482.0,6.1,22.9,259.0
2026-07-09 08:00:00+00:00,37.8,42,22.5,43.7,997.4,974.3,20,5.7,259,21.6,0.0,162.5,76.1,470.0,5.7,21.1,271.0
2026-07-09 09:00:00+00:00,38.3,41,22.6,43.8,996.8,973.7,13,6.7,270,23.8,0.0,158.8,78.0,469.0,5.9,19.5,277.0
2026-07-09 10:00:00+00:00,38.5,40,22.6,43.4,996.4,973.3,14,6.0,275,24.1,0.0,147.6,75.7,475.0,5.9,18.6,279.0
2026-07-09 11:00:00+00:00,38.4,40,22.6,42.8,995.9,972.9,21,5.7,281,22.3,0.0,139.2,73.8,493.0,6.6,18.0,275.0
2026-07-09 12:00:00+00:00,37.7,42,22.8,42.1,996.0,972.9,44,6.1,109,20.9,0.0,153.2,81.3,529.0,9.7,16.6,243.0
2026-07-09 13:00:00+00:00,36.3,47,23.1,40.4,996.5,973.3,23,9.7,109,25.9,0.3,144.4,83.4,604.0,15.9,16.1,213.0
2026-07-09 14:00:00+00:00,35.8,46,22.5,39.3,996.8,973.5,10,11.5,124,29.2,0.0,136.0,87.5,697.0,24.2,15.4,171.0
2026-07-09 15:00:00+00:00,34.3,54,23.5,37.9,997.5,974.1,9,14.7,119,34.2,0.0,124.3,85.9,754.0,29.5,14.7,138.0
2026-07-09 16:00:00+00:00,32.2,65,24.8,36.5,998.7,975.1,3,15.1,121,36.7,0.0,109.9,79.9,744.0,28.7,14.1,122.0
2026-07-09 17:00:00+00:00,30.8,71,24.9,35.5,999.4,975.7,1,13.7,125,36.0,0.0,96.6,73.6,699.0,24.8,13.6,115.0
2026-07-09 18:00:00+00:00,30.7,73,25.2,35.6,999.4,975.7,9,13.4,127,32.4,0.0,91.7,70.3,655.0,21.8,13.5,108.0
2026-07-09 19:00:00+00:00,30.3,67,23.6,34.4,999.3,975.6,2,11.8,128,32.0,0.0,92.4,68.9,624.0,21.4,14.0,99.0
2026-07-09 20:00:00+00:00,29.9,65,22.6,33.7,998.9,975.1,1,9.6,127,28.4,0.0,97.3,68.9,595.0,21.9,14.8,92.0
2026-07-09 21:00:00+00:00,29.4,66,22.4,33.2,998.7,974.9,3,9.0,128,23.4,0.0,102.0,69.6,570.0,22.2,15.4,85.0
2026-07-09 22:00:00+00:00,29.0,67,22.3,33.0,998.6,974.8,14,7.1,124,21.6,0.0,109.4,70.8,544.0,22.0,15.6,78.0
2026-07-09 23:00:00+00:00,28.5,69,22.4,33.6,999.1,975.2,42,0.3,135,18.4,0.0,111.3,72.2,522.0,21.7,15.5,72.0
2026-07-10 00:00:00+00:00,29.1,71,23.2,33.7,998.7,974.9,36,6.8,92,14.4,0.4,97.3,69.8,528.0,13.9,15.1,94.0
2026-07-10 01:00:00+00:00,28.1,74,23.0,32.4,999.2,975.3,38,7.5,40,25.2,0.3,95.5,69.8,591.0,15.7,15.2,91.0
2026-07-10 02:00:00+00:00,28.5,74,23.4,32.7,999.0,975.1,2,10.1,89,28.1,0.3,86.4,64.5,681.0,18.0,15.3,88.0
2026-07-10 03:00:00+00:00,30.5,67,23.6,35.0,999.5,975.8,4,8.4,133,24.8,0.0,78.9,59.5,735.0,18.5,15.4,98.0
2026-07-10 04:00:00+00:00,32.7,60,23.9,37.4,999.2,975.6,1,8.2,142,25.2,0.0,80.1,59.3,717.0,15.6,15.6,133.0
2026-07-10 05:00:00+00:00,35.1,51,23.4,40.5,998.8,975.4,0,5.8,150,24.1,0.0,89.4,62.6,663.0,10.9,15.9,180.0
2026-07-10 06:00:00+00:00,36.3,45,22.4,42.0,998.9,975.6,7,5.3,162,21.6,0.0,101.3,67.3,617.0,7.3,16.0,216.0
2026-07-10 07:00:00+00:00,37.3,42,22.1,43.3,998.4,975.2,30,3.9,193,21.6,0.5,110.8,68.9,597.0,5.7,15.8,230.0
2026-07-10 08:00:00+00:00,37.6,41,22.1,42.6,997.7,974.5,28,6.2,202,22.0,0.0,109.4,66.4,585.0,5.1,15.4,234.0
2026-07-10 09:00:00+00:00,37.7,41,22.3,42.5,997.2,974.1,25,6.8,202,25.2,0.0,106.6,62.6,576.0,5.2,15.0,231.0
2026-07-10 10:00:00+00:00,37.4,43,22.7,41.5,996.9,973.8,16,7.9,197,24.5,0.0,103.6,58.7,567.0,5.3,14.5,225.0
2026-07-10 11:00:00+00:00,37.4,44,23.2,41.7,996.3,973.2,29,8.3,200,25.6,0.0,105.9,57.6,560.0,6.1,14.0,214.0
2026-07-10 12:00:00+00:00,37.8,43,22.9,42.5,995.5,972.4,19,4.5,143,25.2,0.5,102.4,60.3,557.0,9.6,13.3,201.0
2026-07-10 13:00:00+00:00,32.3,64,24.5,36.3,997.3,973.8,45,16.4,204,37.4,0.1,103.4,61.2,552.0,18.8,13.6,172.0
2026-07-10 14:00:00+00:00,30.5,72,24.9,36.3,997.0,973.3,31,5.4,120,41.8,0.1,100.4,66.1,551.0,31.5,14.1,132.0
2026-07-10 15:00:00+00:00,30.4,72,24.9,36.0,997.3,973.6,7,7.0,130,18.0,0.0,99.9,69.8,567.0,40.0,14.5,102.0
2026-07-10 16:00:00+00:00,30.1,75,25.2,36.0,997.8,974.1,5,6.2,126,19.8,0.0,103.8,72.2,622.0,40.7,15.1,91.0
2026-07-10 17:00:00+00:00,30.2,76,25.6,36.5,998.1,974.4,9,5.7,125,15.1,0.0,114.3,74.7,695.0,37.4,15.6,90.0
2026-07-10 18:00:00+00:00,29.2,79,25.2,35.3,998.9,975.1,93,4.7,342,14.8,0.0,133.2,77.5,734.0,33.8,15.4,89.0
2026-07-10 19:00:00+00:00,28.0,86,25.4,33.3,997.7,973.8,39,11.3,110,24.5,0.7,134.6,73.1,714.0,31.2,13.7,85.0
2026-07-10 20:00:00+00:00,28.6,81,25.1,33.7,996.9,973.1,27,11.8,118,26.6,0.0,128.5,68.5,659.0,28.4,11.3,82.0
2026-07-10 21:00:00+00:00,28.1,84,25.0,33.6,996.4,972.6,48,8.1,118,25.6,0.0,140.6,71.9,594.0,25.5,9.4,81.0
2026-07-10 22:00:00+00:00,27.5,86,24.9,33.1,996.1,972.2,35,7.3,110,18.4,0.0,180.2,75.0,507.0,22.3,8.7,82.0
2026-07-10 23:00:00+00:00,27.3,87,24.8,32.6,996.3,972.4,23,8.8,99,19.8,0.0,191.9,75.0,409.0,18.9,8.6,86.0
2026-07-11 00:00:00+00:00,27.7,86,25.1,33.0,996.5,972.6,11,9.6,104,22.3,0.0,74.5,51.1,361.0,13.4,7.0,105.0
2026-07-11 01:00:00+00:00,27.5,84,24.6,32.9,996.7,972.8,58,7.6,102,22.0,0.0,75.4,49.8,413.0,14.7,7.1,107.0
2026-07-11 02:00:00+00:00,28.2,78,24.1,32.9,997.2,973.3,14,9.8,103,23.0,0.0,82.0,47.5,515.0,16.2,7.4,110.0
2026-07-11 03:00:00+00:00,29.4,74,24.3,34.3,997.6,973.8,27,9.1,104,24.5,0.0,96.2,49.0,574.0,16.3,7.6,117.0
2026-07-11 04:00:00+00:00,31.1,69,24.7,35.9,997.6,974.0,14,11.4,117,29.5,0.0,119.2,51.7,537.0,13.3,7.9,132.0
2026-07-11 05:00:00+00:00,31.9,67,24.9,36.8,997.6,974.0,5,13.9,123,36.0,0.0,138.8,56.7,456.0,8.9,8.2,152.0
2026-07-11 06:00:00+00:00,32.8,61,24.3,38.9,997.7,974.2,100,9.2,164,37.1,0.0,172.3,65.4,397.0,5.5,8.5,168.0
2026-07-11 07:00:00+00:00,32.9,61,24.5,38.3,997.4,973.9,98,6.5,156,23.0,0.0,228.6,78.0,386.0,4.3,8.7,176.0
2026-07-11 08:00:00+00:00,33.8,59,24.6,39.5,996.6,973.2,47,4.4,159,19.8,0.0,258.9,85.4,397.0,4.2,8.8,180.0
2026-07-11 09:00:00+00:00,34.6,57,24.7,40.7,995.7,972.4,19,4.1,139,16.6,0.1,272.9,89.6,414.0,4.8,9.0,182.0
2026-07-11 10:00:00+00:00,35.4,54,24.7,41.8,995.0,971.7,21,4.6,162,16.9,0.1,271.0,90.8,438.0,4.4,9.2,184.0
2026-07-11 11:00:00+00:00,35.5,53,24.4,41.0,994.5,971.3,20,5.4,178,16.6,0.1,263.6,90.8,468.0,4.7,9.5,184.0
2026-07-11 12:00:00+00:00,32.7,66,25.5,38.5,995.0,971.6,45,8.4,100,18.4,0.1,317.6,106.6,486.0,10.0,8.3,142.0
2026-07-11 13:00:00+00:00,32.3,68,25.7,38.9,995.0,971.5,41,4.1,67,20.5,0.1,329.7,126.2,481.0,19.6,8.7,121.0
2026-07-11 14:00:00+00:00,32.1,70,26.0,38.4,995.5,972.0,30,6.8,65,16.2,0.0,282.2,128.5,464.0,32.6,9.3,93.0
2026-07-11 15:00:00+00:00,31.7,74,26.5,38.0,996.1,972.5,14,9.8,59,21.6,0.0,249.6,122.5,456.0,40.4,9.6,72.0
2026-07-11 16:00:00+00:00,31.0,77,26.5,37.3,996.2,972.6,4,10.1,89,24.8,0.0,227.7,114.6,475.0,38.0,9.4,67.0
2026-07-11 17:00:00+00:00,30.6,77,26.1,36.8,996.6,973.0,2,8.3,94,22.7,0.0,208.6,106.6,503.0,30.5,8.9,70.0
2026-07-11 18:00:00+00:00,30.9,78,26.6,37.3,996.6,973.0,22,9.6,106,17.6,0.0,191.9,99.9,504.0,24.5,8.4,72.0
2026-07-11 19:00:00+00:00,30.5,79,26.4,36.9,995.8,972.2,23,8.5,115,22.3,0.0,176.5,93.6,452.0,22.6,8.0,69.0
2026-07-11 20:00:00+00:00,27.9,84,25.0,32.6,995.6,971.8,77,13.9,29,24.8,0.4,159.7,87.5,374.0,22.2,7.7,66.0
2026-07-11 21:00:00+00:00,24.4,96,23.8,28.1,994.5,970.4,31,15.7,141,53.6,1.6,142.0,81.3,316.0,21.8,7.6,63.0
2026-07-11 22:00:00+00:00,25.4,94,24.4,30.1,994.2,970.2,2,10.7,74,28.1,0.0,126.2,75.2,286.0,21.1,8.0,61.0
2026-07-11 23:00:00+00:00,25.5,92,24.1,30.2,994.2,970.2,6,10.2,100,25.9,0.0,117.1,70.5,277.0,20.5,8.6,60.0
2026-07-12 00:00:00+00:00,25.4,93,24.2,29.3,994.2,970.2,65,15.4,54,39.2,0.3,123.4,70.3,308.0,22.4,6.8,59.0
2026-07-12 01:00:00+00:00,26.1,90,24.3,31.9,994.7,970.7,100,3.3,306,31.7,0.1,108.7,65.4,428.0,20.6,7.7,70.0
2026-07-12 02:00:00+00:00,26.2,92,24.8,31.9,995.4,971.4,100,5.4,339,21.6,0.6,105.9,63.6,589.0,17.9,8.8,86.0
2026-07-12 03:00:00+00:00,26.3,93,25.1,32.6,995.9,971.9,97,3.8,25,14.4,0.1,124.8,65.0,668.0,15.2,9.6,103.0
2026-07-12 04:00:00+00:00,27.4,88,25.2,33.3,995.8,971.9,70,6.5,56,16.6,0.1,150.9,68.2,582.0,12.3,9.6,119.0
2026-07-12 05:00:00+00:00,29.3,78,25.0,35.1,995.9,972.2,13,6.7,71,19.1,0.0,160.2,67.1,415.0,9.3,9.1,135.0
2026-07-12 06:00:00+00:00,25.6,85,22.8,30.9,997.5,973.4,99,7.2,68,23.4,0.0,140.2,59.1,293.0,6.9,8.9,150.0
2026-07-12 07:00:00+00:00,27.7,79,23.7,32.5,997.1,973.2,67,7.9,106,21.2,0.0,148.5,62.6,272.0,5.3,9.2,164.0
2026-07-12 08:00:00+00:00,29.8,70,23.8,34.8,996.6,972.9,0,7.1,100,23.8,0.0,189.5,72.4,298.0,4.3,9.6,176.0
2026-07-12 09:00:00+00:00,31.6,62,23.5,38.2,996.2,972.6,23,5.2,86,21.2,0.0,244.9,82.9,330.0,4.2,9.9,182.0
2026-07-12 10:00:00+00:00,32.0,60,23.2,37.5,996.1,972.6,17,5.0,75,17.6,0.0,281.3,91.0,343.0,3.6,9.8,180.0
2026-07-12 11:00:00+00:00,32.3,59,23.2,37.1,995.5,972.0,7,4.8,79,16.2,0.0,310.1,98.7,363.0,3.8,9.5,172.0
2026-07-12 12:00:00+00:00,30.0,70,23.9,35.6,996.3,972.6,77,2.8,108,15.1,0.0,201.2,73.1,433.0,7.5,8.8,143.0
2026-07-12 13:00:00+00:00,29.3,74,24.2,35.1,997.0,973.2,59,2.9,184,12.2,0.2,198.8,76.8,607.0,29.7,10.8,110.0
2026-07-12 14:00:00+00:00,28.6,81,25.0,34.8,996.3,972.5,11,3.4,96,13.3,0.3,182.5,89.2,831.0,60.1,13.6,64.0
2026-07-12 15:00:00+00:00,28.1,84,25.2,34.3,996.9,973.1,91,4.3,132,6.8,0.1,197.9,105.5,980.0,81.6,15.8,30.0
2026-07-12 16:00:00+00:00,28.2,84,25.2,34.7,997.3,973.4,47,2.2,95,12.2,0.0,203.5,114.3,992.0,85.4,16.9,19.0
2026-07-12 17:00:00+00:00,27.7,87,25.3,33.8,997.3,973.4,17,5.5,73,11.2,0.0,201.2,116.2,929.0,80.2,17.5,19.0
2026-07-12 18:00:00+00:00,28.3,85,25.5,34.6,997.5,973.7,0,5.2,49,10.8,0.0,198.4,115.7,853.0,74.9,17.2,20.0
2026-07-12 19:00:00+00:00,27.8,87,25.4,33.9,997.3,973.4,0,5.9,43,12.2,0.0,187.2,113.9,771.0,72.5,15.6,17.0
2026-07-12 20:00:00+00:00,27.5,87,25.2,33.4,996.8,972.9,1,6.1,50,11.2,0.0,171.8,109.2,676.0,70.1,13.3,15.0
2026-07-12 21:00:00+00:00,27.3,89,25.2,33.8,996.8,972.9,27,2.1,160,11.2,0.0,158.3,102.9,615.0,67.6,11.6,14.0
2026-07-12 22:00:00+00:00,26.4,90,24.7,31.7,997.0,973.0,7,8.4,127,21.6,0.0,151.8,98.7,596.0,65.2,11.1,13.0
2026-07-12 23:00:00+00:00,26.0,90,24.3,31.8,996.6,972.6,84,3.2,164,19.8,0.0,162.5,101.7,612.0,62.8,11.1,12.0
2026-07-13 00:00:00+00:00,27.3,87,25.0,33.4,996.8,972.9,100,4.7,184,17.6,0.0,139.7,82.7,683.0,34.9,11.0,44.0
2026-07-13 01:00:00+00:00,27.4,88,25.3,33.8,996.5,972.6,100,3.6,171,9.4,0.0,136.9,78.7,879.0,34.2,13.0,51.0
2026-07-13 02:00:00+00:00,28.0,85,25.3,34.5,996.8,972.9,100,2.4,222,7.9,0.0,140.2,75.7,1131.0,33.2,15.9,61.0
2026-07-13 03:00:00+00:00,28.4,84,25.4,35.2,997.6,973.8,88,0.7,166,7.9,0.0,130.4,71.0,1255.0,32.1,18.5,73.0
2026-07-13 04:00:00+00:00,29.3,81,25.7,36.0,997.7,973.9,63,2.7,67,10.1,0.0,128.1,68.9,1125.0,31.2,20.7,85.0
2026-07-13 05:00:00+00:00,31.2,71,25.2,37.3,997.7,974.1,76,5.4,50,18.0,0.0,132.2,68.9,867.0,30.2,22.6,99.0
2026-07-13 06:00:00+00:00,31.8,66,24.6,37.9,998.0,974.4,87,1.9,56,16.9,0.0,140.6,71.0,678.0,28.2,24.2,115.0
2026-07-13 07:00:00+00:00,31.8,66,24.5,37.9,997.8,974.2,86,1.7,122,9.7,0.0,149.0,73.6,642.0,24.2,25.2,135.0
2026-07-13 08:00:00+00:00,33.1,62,24.8,40.2,997.4,973.9,89,2.3,162,11.5,0.0,155.1,75.2,675.0,19.3,25.8,158.0
2026-07-13 09:00:00+00:00,33.4,60,24.4,39.2,996.9,973.5,28,3.5,156,13.3,0.0,158.8,76.4,715.0,15.7,26.1,178.0
2026-07-13 10:00:00+00:00,34.3,56,24.4,40.7,996.5,973.1,20,2.2,235,13.0,0.0,165.3,78.7,681.0,11.2,25.9,201.0
2026-07-13 11:00:00+00:00,34.7,55,24.4,40.5,996.1,972.8,6,3.5,282,11.9,0.0,170.9,80.6,655.0,8.0,25.5,221.0
2026-07-13 12:00:00+00:00,33.9,55,23.6,39.3,995.8,972.4,9,2.7,307,17.6,0.0,132.2,59.6,823.0,10.8,16.3,193.0
2026-07-13 13:00:00+00:00,33.3,59,24.3,39.1,996.2,972.8,11,3.1,298,9.4,0.0,129.0,60.1,1389.0,40.5,18.8,155.0
2026-07-13 14:00:00+00:00,32.1,68,25.5,38.7,996.7,973.2,2,3.1,45,7.9,0.0,140.2,72.2,2150.0,81.2,22.2,103.0
2026-07-13 15:00:00+00:00,31.0,74,25.8,37.4,997.1,973.5,1,5.6,69,9.4,0.0,165.8,96.4,2681.0,110.6,24.8,60.0
2026-07-13 16:00:00+00:00,30.3,77,25.8,36.6,997.6,973.9,1,6.1,58,10.8,0.0,188.6,118.7,2767.0,118.2,25.8,38.0
2026-07-13 17:00:00+00:00,29.7,78,25.5,35.7,997.7,974.0,0,6.8,78,12.6,0.0,201.6,130.4,2624.0,114.5,26.0,25.0
2026-07-13 18:00:00+00:00,30.2,79,26.2,36.9,998.4,974.7,60,5.4,120,13.0,0.0,199.8,128.5,2469.0,108.1,25.3,18.0
2026-07-13 19:00:00+00:00,29.5,82,26.1,36.1,998.5,974.7,98,5.5,109,11.5,0.0,184.9,114.8,2398.0,100.7,23.3,17.0
2026-07-13 20:00:00+00:00,29.1,83,26.0,35.6,998.2,974.4,86,5.9,121,11.5,0.0,178.3,106.4,2315.0,90.7,20.4,20.0
2026-07-13 21:00:00+00:00,28.7,86,26.1,35.5,997.9,974.1,27,4.5,127,10.8,0.0,182.5,105.7,2158.0,82.2,18.2,23.0
2026-07-13 22:00:00+00:00,28.3,88,26.2,35.2,997.5,973.7,84,4.4,71,8.3,0.0,188.6,107.6,1845.0,77.7,17.2,19.0
2026-07-13 23:00:00+00:00,28.3,88,26.1,35.1,997.6,973.8,55,4.9,57,9.7,0.0,191.9,109.0,1456.0,74.7,16.9,13.0
2026-07-14 00:00:00+00:00,28.5,89,26.5,35.9,997.9,974.1,73,2.2,132,8.6,0.0,168.1,92.7,1172.0,40.5,14.1,32.0
2026-07-14 01:00:00+00:00,28.4,90,26.5,35.8,998.1,974.2,100,2.0,85,4.7,0.0,168.1,96.9,1104.0,39.6,15.4,37.0
2026-07-14 02:00:00+00:00,29.0,89,27.0,36.6,998.6,974.8,100,3.9,53,9.0,0.0,195.1,98.3,1141.0,37.9,17.2,46.0
2026-07-14 03:00:00+00:00,30.2,82,26.7,37.5,998.9,975.2,73,3.9,74,11.5,0.0,222.6,102.2,1124.0,34.1,19.0,67.0
2026-07-14 04:00:00+00:00,31.7,70,25.6,38.2,999.3,975.7,71,4.0,93,12.6,0.0,255.2,107.1,963.0,26.1,20.9,111.0
2026-07-14 05:00:00+00:00,33.1,63,25.0,39.5,999.5,976.0,19,2.7,122,13.7,0.0,250.5,105.5,749.0,15.9,22.7,168.0
2026-07-14 06:00:00+00:00,34.4,55,24.0,41.5,999.7,976.3,99,1.5,126,13.0,0.0,226.8,100.4,600.0,8.2,23.2,210.0
2026-07-14 07:00:00+00:00,34.6,54,23.8,40.1,999.4,976.0,91,3.0,163,12.6,0.0,204.4,93.1,580.0,5.1,21.1,226.0
2026-07-14 08:00:00+00:00,35.3,51,23.5,41.1,999.0,975.6,23,2.8,191,14.4,0.0,175.1,81.3,624.0,4.6,17.7,228.0
2026-07-14 09:00:00+00:00,35.9,47,23.0,41.9,998.6,975.3,35,3.2,223,14.0,0.0,152.7,72.2,657.0,4.8,15.0,226.0
2026-07-14 10:00:00+00:00,35.9,46,22.6,40.7,998.3,975.0,32,4.7,208,15.5,0.0,138.8,66.8,600.0,4.1,13.9,225.0
2026-07-14 11:00:00+00:00,35.7,47,22.6,40.0,998.2,974.9,25,6.4,225,18.0,0.0,129.5,63.3,532.0,4.3,13.5,220.0
2026-07-14 12:00:00+00:00,35.5,49,23.0,40.3,998.0,974.7,33,4.3,268,18.0,1.3,144.8,74.3,615.0,8.8,12.0,189.0
2026-07-14 13:00:00+00:00,34.8,51,23.2,39.7,998.2,974.8,87,4.5,299,14.0,0.0,133.2,72.9,960.0,15.6,12.2,165.0
2026-07-14 14:00:00+00:00,33.5,60,24.6,39.6,998.7,975.2,97,2.4,297,10.4,0.0,129.9,75.0,1457.0,25.4,12.4,131.0
2026-07-14 15:00:00+00:00,32.7,65,25.2,39.4,999.1,975.6,23,1.1,90,5.4,0.0,127.6,78.7,1938.0,35.4,13.1,101.0
2026-07-14 16:00:00+00:00,31.9,70,25.7,38.4,999.6,976.0,77,4.2,65,7.2,0.0,129.5,81.7,2438.0,45.2,14.4,80.0
2026-07-14 17:00:00+00:00,31.4,72,25.7,37.9,999.9,976.2,84,4.4,60,8.6,0.0,138.8,88.0,2921.0,55.3,16.2,63.0
2026-07-14 18:00:00+00:00,30.6,68,24.1,35.9,1000.0,976.3,100,5.3,45,7.6,0.0,148.1,95.5,3115.0,63.8,17.6,49.0
2026-07-14 19:00:00+00:00,29.5,73,24.1,34.7,1000.2,976.4,93,6.7,71,12.2,0.0,156.9,103.8,2803.0,70.4,18.4,36.0
2026-07-14 20:00:00+00:00,29.0,74,24.0,34.1,1000.4,976.5,4,6.6,81,12.6,0.0,160.7,111.5,2201.0,75.4,18.9,26.0
2026-07-14 21:00:00+00:00,28.4,76,23.8,33.4,1000.3,976.4,11,6.7,96,12.2,0.0,163.9,117.1,1689.0,78.3,19.4,19.0
2026-07-14 22:00:00+00:00,28.1,77,23.6,32.8,999.8,975.9,0,7.6,105,14.8,0.0,166.2,120.1,1385.0,79.5,20.5,13.0
2026-07-14 23:00:00+00:00,27.8,77,23.4,32.4,999.7,975.8,6,7.7,106,14.4,0.0,169.5,123.9,1170.0,78.7,21.7,10.0
2026-07-15 00:00:00+00:00,28.5,71,22.7,32.7,1000.7,976.8,100,7.3,28,15.1,0.0,114.6,89.4,1067.0,39.2,16.1,47.0
2026-07-15 01:00:00+00:00,28.1,72,22.6,32.5,1000.9,977.0,100,5.5,46,15.5,0.0,101.3,79.6,1161.0,36.3,17.0,55.0
2026-07-15 02:00:00+00:00,28.2,72,22.7,32.8,1001.4,977.4,58,4.4,238,9.7,0.0,99.2,70.3,1366.0,32.0,18.3,68.0
2026-07-15 03:00:00+00:00,29.2,68,22.8,34.1,1001.6,977.7,98,3.3,202,13.7,0.0,122.9,72.6,1454.0,26.8,19.3,90.0
2026-07-15 04:00:00+00:00,30.2,65,22.9,35.3,1001.4,977.6,10,2.0,153,10.4,0.0,154.6,79.4,1296.0,20.0,20.0,130.0
2026-07-15 05:00:00+00:00,32.9,53,22.0,37.5,1001.5,977.9,20,3.5,152,13.7,0.0,178.8,84.5,1021.0,12.4,20.5,178.0
2026-07-15 06:00:00+00:00,33.1,54,22.6,39.4,1002.3,978.7,50,0.7,284,17.6,0.0,181.1,84.3,778.0,6.8,20.0,213.0
2026-07-15 07:00:00+00:00,33.6,54,23.0,38.7,1002.0,978.5,27,5.5,191,17.6,0.0,171.8,79.9,618.0,4.5,17.9,223.0
2026-07-15 08:00:00+00:00,34.3,53,23.3,40.0,1001.3,977.8,5,6.5,210,20.5,0.0,161.1,74.0,490.0,4.2,15.0,219.0
2026-07-15 09:00:00+00:00,35.0,51,23.3,41.0,1000.9,977.5,7,5.8,234,20.9,0.0,151.8,69.4,397.0,4.5,12.7,212.0
2026-07-15 10:00:00+00:00,35.0,51,23.4,40.4,1000.4,977.0,25,6.2,253,20.5,0.2,143.9,65.9,320.0,4.6,11.7,206.0
2026-07-15 11:00:00+00:00,34.9,51,23.2,39.4,1000.1,976.7,9,7.2,266,22.3,0.0,136.0,62.9,277.0,5.3,11.3,197.0
2026-07-15 12:00:00+00:00,35.0,45,21.3,38.3,1000.0,976.6,5,8.1,235,21.6,0.0,129.0,58.1,327.0,7.9,9.4,159.0
2026-07-15 13:00:00+00:00,34.0,50,22.1,37.9,1000.1,976.6,100,7.4,248,20.2,0.0,119.2,57.9,500.0,14.1,9.9,140.0
2026-07-15 14:00:00+00:00,32.7,60,23.9,37.6,1000.4,976.8,88,7.0,260,16.6,0.0,114.8,59.6,766.0,22.9,10.7,114.0
2026-07-15 15:00:00+00:00,31.9,63,24.1,37.0,1001.1,977.4,26,7.0,267,14.8,0.0,106.9,62.4,1090.0,31.5,11.6,91.0
2026-07-15 16:00:00+00:00,31.4,65,24.2,36.8,1001.6,977.9,15,5.2,290,14.0,0.0,102.2,64.7,1540.0,39.5,12.9,75.0
2026-07-15 17:00:00+00:00,31.2,67,24.4,37.0,1001.9,978.2,32,3.9,313,9.0,0.0,103.6,69.4,2050.0,47.3,14.4,63.0
2026-07-15 18:00:00+00:00,30.9,70,24.8,36.9,1001.7,978.0,38,3.7,51,6.5,0.0,105.2,73.1,2383.0,52.6,15.6,54.0
2026-07-15 19:00:00+00:00,30.4,74,25.2,36.6,1001.8,978.0,16,3.6,81,7.9,0.0,105.0,75.2,2400.0,53.8,16.1,49.0
2026-07-15 20:00:00+00:00,30.2,75,25.2,36.6,1001.8,978.0,12,2.7,122,6.5,0.0,103.1,76.4,2240.0,52.6,16.2,47.0
2026-07-15 21:00:00+00:00,29.7,78,25.4,36.0,1001.9,978.1,8,4.3,152,7.6,0.0,100.8,77.3,2093.0,51.8,16.4,44.0
2026-07-15 22:00:00+00:00,29.2,81,25.5,35.7,1001.6,977.7,2,3.8,155,8.3,0.0,99.7,78.7,2038.0,53.5,16.6,36.0
2026-07-15 23:00:00+00:00,29.1,81,25.5,36.0,1001.3,977.4,0,1.2,63,6.5,0.0,99.4,80.6,1996.0,55.6,16.9,27.0
2026-07-16 00:00:00+00:00,29.6,80,25.7,36.6,1001.6,977.8,0,1.5,76,2.9,0.0,100.1,76.8,1913.0,34.9,17.9,63.0
2026-07-16 01:00:00+00:00,29.5,80,25.7,36.3,1002.1,978.2,0,2.4,167,5.4,0.0,104.8,82.4,1765.0,32.5,20.3,84.0
2026-07-16 02:00:00+00:00,30.4,75,25.5,37.1,1002.2,978.4,0,2.2,175,7.9,0.0,99.2,74.7,1576.0,28.9,23.5,114.0
2026-07-16 03:00:00+00:00,32.0,63,24.2,37.8,1002.2,978.5,0,2.4,189,10.1,0.0,100.8,67.3,1365.0,24.5,25.1,145.0
2026-07-16 04:00:00+00:00,33.3,56,23.4,38.6,1002.1,978.5,0,2.6,196,11.9,0.0,103.6,65.0,1114.0,18.3,23.9,178.0
2026-07-16 05:00:00+00:00,34.4,52,23.0,40.1,1002.2,978.7,0,2.7,212,13.0,0.0,102.7,63.6,841.0,11.3,21.1,212.0
2026-07-16 06:00:00+00:00,35.7,47,22.7,41.8,1002.4,979.0,5,4.0,240,14.0,0.0,96.4,60.5,623.0,6.1,18.5,234.0
2026-07-16 07:00:00+00:00,36.0,47,22.7,42.2,1002.2,978.8,13,4.7,261,18.0,0.1,92.7,58.6,496.0,4.1,16.5,236.0
2026-07-16 08:00:00+00:00,36.2,45,22.4,41.6,1001.4,978.1,24,5.8,261,19.4,0.1,87.1,55.3,425.0,4.1,14.7,227.0
2026-07-16 09:00:00+00:00,36.4,44,22.2,41.5,1000.9,977.6,32,6.3,263,20.5,0.1,84.1,53.2,377.0,4.5,13.2,215.0
2026-07-16 10:00:00+00:00,36.2,45,22.5,40.9,1000.2,976.9,18,6.2,287,21.6,0.1,81.3,50.6,328.0,4.2,12.0,206.0
2026-07-16 11:00:00+00:00,36.1,46,22.6,40.3,999.6,976.3,14,7.0,310,20.5,0.0,82.9,50.5,304.0,4.4,11.1,195.0
2026-07-16 12:00:00+00:00,36.3,44,22.1,40.2,999.5,976.2,5,7.0,269,20.5,0.0,80.8,46.7,348.0,7.8,10.5,182.0
2026-07-16 13:00:00+00:00,35.8,46,22.4,40.0,999.2,975.9,18,6.3,272,18.7,0.0,81.7,49.2,516.0,16.3,11.2,160.0
2026-07-16 14:00:00+00:00,34.6,54,24.1,39.7,999.3,975.9,13,7.0,280,15.5,0.0,86.4,53.7,753.0,28.5,12.2,128.0
2026-07-16 15:00:00+00:00,33.9,58,24.5,39.4,999.6,976.1,4,6.2,282,13.3,0.0,92.7,61.5,939.0,40.0,13.4,100.0
2026-07-16 16:00:00+00:00,33.4,62,25.0,39.4,999.9,976.4,2,4.5,203,10.8,0.0,102.7,70.3,1038.0,50.4,15.1,80.0
2026-07-16 17:00:00+00:00,32.7,66,25.6,38.9,1000.2,976.6,2,6.1,168,10.8,0.0,110.8,77.3,1087.0,60.2,17.1,63.0
2026-07-16 18:00:00+00:00,33.5,61,24.9,39.5,999.5,976.0,6,4.8,124,11.9,0.0,110.1,79.4,1072.0,66.8,18.4,50.0
2026-07-16 19:00:00+00:00,33.0,63,25.0,38.8,999.4,975.9,3,6.2,150,10.8,0.0,107.8,79.2,955.0,68.4,18.4,41.0
2026-07-16 20:00:00+00:00,32.3,65,24.9,37.9,999.4,975.8,2,7.0,159,14.0,0.0,107.8,79.2,775.0,66.9,17.8,34.0
2026-07-16 21:00:00+00:00,31.4,71,25.4,37.5,999.4,975.7,2,5.9,169,14.0,0.0,111.3,80.6,637.0,65.4,17.2,29.0
2026-07-16 22:00:00+00:00,31.0,73,25.7,37.3,999.3,975.6,2,5.6,195,10.4,0.0,116.9,81.7,573.0,65.8,16.8,20.0
2026-07-16 23:00:00+00:00,30.7,74,25.6,36.9,999.3,975.6,2,5.6,187,10.4,0.0,122.5,82.9,552.0,66.1,16.5,12.0
2026-07-17 00:00:00+00:00,30.6,75,25.6,36.8,999.6,975.9,5,5.9,182,10.1,0.0,135.0,80.1,585.0,58.1,16.5,21.0
2026-07-17 01:00:00+00:00,30.3,75,25.5,36.4,1000.2,976.4,4,6.7,183,12.6,0.0,137.4,83.4,739.0,52.5,17.2,42.0
2026-07-17 02:00:00+00:00,31.5,71,25.6,37.9,1000.5,976.8,5,5.1,188,12.6,0.0,130.9,81.5,947.0,44.4,18.1,73.0
2026-07-17 03:00:00+00:00,33.3,61,24.9,39.4,1000.8,977.3,8,3.6,210,12.2,0.0,129.9,76.6,1024.0,35.6,18.4,108.0
2026-07-17 04:00:00+00:00,35.2,52,23.8,40.2,1001.0,977.6,22,6.0,226,17.6,0.0,129.5,71.2,836.0,25.5,17.5,150.0
2026-07-17 05:00:00+00:00,36.4,43,22.0,40.2,1001.0,977.7,12,10.5,237,28.4,0.0,129.9,67.5,515.0,14.6,15.9,196.0
2026-07-17 06:00:00+00:00,37.1,41,21.6,41.5,1001.2,977.9,23,10.4,240,29.9,0.0,126.7,63.3,275.0,6.7,14.3,226.0
2026-07-17 07:00:00+00:00,37.5,40,21.6,42.5,1000.9,977.7,6,9.3,242,28.4,0.0,119.0,58.9,209.0,3.7,13.0,230.0
2026-07-17 08:00:00+00:00,38.0,38,21.4,42.7,1000.2,977.0,2,9.3,242,27.4,0.0,108.7,53.9,224.0,3.6,11.7,218.0
2026-07-17 09:00:00+00:00,38.1,38,21.3,42.5,999.4,976.3,1,10.4,240,29.5,0.0,99.7,49.4,248.0,4.2,10.6,202.0
2026-07-17 10:00:00+00:00,38.1,38,21.3,41.7,998.9,975.8,11,11.3,237,31.3,0.0,91.7,45.1,230.0,4.0,9.5,184.0
2026-07-17 11:00:00+00:00,37.7,39,21.4,40.6,998.3,975.1,16,11.1,238,31.3,0.0,88.5,42.0,222.0,4.4,8.4,161.0
2026-07-17 12:00:00+00:00,37.7,39,21.3,40.6,998.0,974.9,2,11.3,231,29.5,0.0,94.8,39.1,312.0,7.1,6.5,117.0
2026-07-17 13:00:00+00:00,37.0,41,21.5,40.1,998.1,974.9,2,10.2,222,28.4,0.0,104.1,42.8,614.0,16.4,7.3,99.0
2026-07-17 14:00:00+00:00,35.7,46,22.3,39.5,998.3,975.0,1,8.2,199,25.2,0.0,113.4,49.1,1014.0,29.2,8.4,73.0
2026-07-17 15:00:00+00:00,34.7,49,22.5,38.7,998.8,975.4,2,8.1,208,18.4,0.0,120.1,55.4,1253.0,38.9,9.3,53.0
2026-07-17 16:00:00+00:00,33.9,52,22.6,37.9,999.6,976.1,2,8.1,209,17.3,0.0,128.1,59.0,1179.0,42.3,9.9,43.0
2026-07-17 17:00:00+00:00,33.4,53,22.5,37.3,999.8,976.3,4,8.5,205,16.9,0.0,140.6,62.4,945.0,42.6,10.3,38.0
2026-07-17 18:00:00+00:00,33.9,51,22.4,38.0,999.5,976.0,77,7.3,208,16.9,0.0,153.2,65.4,745.0,42.6,10.6,34.0
2026-07-17 19:00:00+00:00,33.3,53,22.4,37.4,999.3,975.8,18,6.8,205,14.0,0.0,163.9,67.5,653.0,42.4,10.7,32.0
2026-07-17 20:00:00+00:00,32.9,54,22.5,37.1,999.2,975.7,100,6.1,199,13.7,0.0,177.4,69.8,595.0,41.8,10.6,31.0
2026-07-17 21:00:00+00:00,32.6,56,22.6,37.1,999.0,975.4,97,4.8,195,11.9,0.0,192.8,73.1,548.0,43.5,10.7,28.0
2026-07-17 22:00:00+00:00,32.3,57,22.8,36.9,999.1,975.5,86,5.0,182,10.4,0.0,206.8,77.3,490.0,50.8,11.2,17.0
2026-07-17 23:00:00+00:00,32.0,59,23.0,36.7,999.2,975.6,60,5.2,164,10.4,0.0,216.5,83.1,444.0,60.3,12.0,5.0
2026-07-18 00:00:00+00:00,32.2,63,24.1,37.4,999.1,975.5,69,6.3,177,10.8,0.0,188.6,74.3,453.0,37.6,10.9,30.0
2026-07-18 01:00:00+00:00,32.1,63,24.2,37.2,999.4,975.8,27,7.2,183,14.0,0.0,194.2,79.4,587.0,34.9,11.6,46.0
2026-07-18 02:00:00+00:00,33.3,58,23.9,38.4,999.6,976.1,3,5.9,169,14.8,0.0,195.1,79.6,775.0,31.0,12.5,70.0
2026-07-18 03:00:00+00:00,35.0,49,22.7,39.4,999.8,976.4,0,5.9,180,16.9,0.0,219.3,79.9,852.0,26.0,13.1,98.0
2026-07-18 04:00:00+00:00,36.8,41,21.2,40.1,999.5,976.2,0,7.9,223,23.0,0.0,220.7,77.3,699.0,19.1,13.1,135.0
2026-07-18 05:00:00+00:00,37.6,39,21.3,41.2,999.3,976.1,1,9.8,252,28.4,0.0,190.5,71.5,435.0,11.3,12.7,175.0
2026-07-18 06:00:00+00:00,38.0,38,21.4,42.5,999.6,976.4,36,9.3,251,29.9,0.0,162.5,65.4,242.0,5.5,12.2,202.0
2026-07-18 07:00:00+00:00,38.4,39,21.8,43.4,999.4,976.3,5,9.6,242,29.2,0.0,143.4,60.5,207.0,3.4,11.4,206.0
2026-07-18 08:00:00+00:00,38.9,38,22.0,43.9,998.7,975.6,7,10.7,235,32.0,0.0,125.3,55.5,243.0,3.5,10.5,197.0
2026-07-18 09:00:00+00:00,38.9,38,22.2,43.5,998.0,974.9,56,11.3,231,33.1,0.0,109.0,50.9,278.0,4.0,9.6,184.0
2026-07-18 10:00:00+00:00,38.8,38,21.9,42.7,997.6,974.5,88,10.7,234,33.1,0.0,100.4,48.1,267.0,4.0,8.6,169.0
2026-07-18 11:00:00+00:00,38.4,39,22.0,41.9,997.3,974.2,92,9.6,232,31.0,0.0,91.5,43.1,255.0,4.6,7.7,150.0
2026-07-18 12:00:00+00:00,38.5,38,21.8,41.9,997.2,974.1,16,9.1,234,28.1,0.0,120.1,48.0,301.0,7.2,7.1,125.0
2026-07-18 13:00:00+00:00,37.8,41,22.1,41.4,997.4,974.3,3,9.1,232,25.9,0.0,126.7,51.3,471.0,14.8,7.9,110.0
2026-07-18 14:00:00+00:00,37.2,42,22.1,41.3,997.5,974.3,10,5.7,224,24.1,0.0,136.4,57.6,699.0,25.4,9.1,88.0
2026-07-18 15:00:00+00:00,36.9,43,22.1,40.9,998.2,975.0,49,6.1,204,15.8,0.0,143.0,63.1,849.0,34.0,10.1,70.0
2026-07-18 16:00:00+00:00,36.2,45,22.5,40.6,998.9,975.6,65,5.7,204,16.9,0.0,147.1,67.8,841.0,38.4,10.9,59.0
2026-07-18 17:00:00+00:00,35.5,50,23.3,40.3,999.6,976.2,54,5.7,189,13.3,0.0,150.9,71.7,755.0,40.8,11.6,51.0
2026-07-18 18:00:00+00:00,36.1,46,22.6,40.4,999.3,976.0,40,6.4,188,13.7,0.0,158.8,75.9,698.0,43.1,12.1,44.0
2026-07-18 19:00:00+00:00,35.0,54,24.2,40.3,999.0,975.6,12,5.5,171,14.4,0.0,167.2,79.6,721.0,46.6,12.2,36.0
2026-07-18 20:00:00+00:00,34.3,58,24.8,40.2,998.7,975.3,45,4.9,178,11.9,0.0,161.1,83.1,773.0,50.1,12.0,29.0
2026-07-18 21:00:00+00:00,34.0,60,25.1,40.3,999.0,975.6,71,2.8,145,10.4,0.0,146.7,84.5,803.0,51.6,11.7,25.0
2026-07-18 22:00:00+00:00,33.7,58,24.3,39.2,998.6,975.1,80,5.5,171,11.2,0.0,136.0,84.5,786.0,50.3,11.3,22.0
2026-07-18 23:00:00+00:00,33.4,55,23.0,38.1,998.4,974.9,66,5.3,145,13.7,0.0,127.1,83.4,747.0,47.0,10.8,22.0
2026-07-19 00:00:00+00:00,33.1,57,23.4,37.8,999.1,975.6,4,6.6,158,11.9,0.0,165.8,82.0,711.0,35.3,10.6,33.0
2026-07-19 01:00:00+00:00,32.6,62,24.3,37.8,999.0,975.4,21,6.5,152,16.2,0.0,146.7,81.0,689.0,33.3,11.1,43.0
2026-07-19 02:00:00+00:00,33.7,59,24.5,39.3,999.8,976.3,99,4.7,137,13.7,0.0,149.0,82.0,671.0,30.3,11.8,58.0
2026-07-19 03:00:00+00:00,34.8,54,24.1,39.8,999.8,976.4,98,7.1,174,20.9,0.0,162.5,83.4,648.0,26.5,12.5,79.0
2026-07-19 04:00:00+00:00,36.1,48,23.2,41.4,1000.2,976.9,100,1.8,186,20.2,0.0,184.4,86.8,616.0,21.2,13.1,109.0
2026-07-19 05:00:00+00:00,37.1,43,22.6,42.1,1000.7,977.4,100,1.8,84,12.6,0.0,204.4,90.6,579.0,15.1,13.6,145.0
2026-07-19 06:00:00+00:00,37.9,37,20.8,41.6,1000.7,977.5,99,6.6,259,13.7,0.1,215.1,90.8,543.0,10.3,13.9,175.0
2026-07-19 07:00:00+00:00,37.5,40,21.6,41.1,1000.2,977.0,99,7.0,266,23.0,0.2,219.3,90.1,507.0,7.6,13.9,196.0
2026-07-19 08:00:00+00:00,38.1,39,21.7,42.0,999.5,976.3,100,7.2,270,23.8,0.0,227.7,92.9,471.0,6.2,13.6,211.0
2026-07-19 09:00:00+00:00,38.0,40,22.0,41.7,998.8,975.7,100,7.8,257,24.5,0.0,229.6,93.1,445.0,5.6,13.3,218.0
2026-07-19 10:00:00+00:00,38.3,39,21.8,41.7,998.1,975.0,100,9.4,240,27.4,0.0,220.3,87.8,424.0,5.6,12.8,214.0
2026-07-19 11:00:00+00:00,38.2,39,21.7,41.5,997.7,974.6,98,9.3,230,28.1,0.0,220.7,85.2,412.0,6.5,12.2,201.0
2026-07-19 12:00:00+00:00,37.9,39,21.7,41.5,998.0,974.9,97,7.6,234,26.3,0.0,217.5,79.6,427.0,7.5,9.6,156.0
2026-07-19 13:00:00+00:00,37.5,40,21.8,42.0,998.2,975.0,99,2.2,246,19.8,0.1,200.7,77.8,492.0,11.3,9.8,137.0
2026-07-19 14:00:00+00:00,36.9,42,21.8,41.4,998.5,975.3,100,2.2,42,10.8,0.0,190.0,77.5,584.0,16.6,10.1,110.0
2026-07-19 15:00:00+00:00,35.5,51,23.9,40.5,999.0,975.7,100,6.7,74,18.0,0.0,186.7,81.7,658.0,21.8,10.4,87.0
2026-07-19 16:00:00+00:00,34.4,60,25.6,40.4,999.6,976.2,98,7.0,80,19.1,0.0,177.4,85.7,698.0,26.9,10.9,70.0
2026-07-19 17:00:00+00:00,33.7,63,25.8,39.8,999.9,976.4,97,7.9,93,19.4,0.0,172.8,88.7,719.0,31.8,11.5,57.0
2026-07-19 18:00:00+00:00,34.6,56,24.6,40.0,999.9,976.5,52,7.3,115,20.2,0.0,165.8,90.8,725.0,34.6,11.8,48.0
2026-07-19 19:00:00+00:00,33.1,64,25.4,38.8,999.6,976.1,47,8.5,108,20.9,0.0,158.3,91.7,713.0,34.0,11.6,45.0
2026-07-19 20:00:00+00:00,32.4,67,25.6,38.2,999.2,975.6,58,8.7,114,20.5,0.0,155.5,92.7,685.0,31.2,11.3,46.0
2026-07-19 21:00:00+00:00,32.0,69,25.5,37.7,999.0,975.4,62,9.1,124,22.0,0.0,167.6,97.8,650.0,28.2,11.2,48.0
2026-07-19 22:00:00+00:00,31.6,69,25.1,37.1,999.0,975.4,12,8.8,139,22.0,0.0,156.5,94.3,592.0,25.0,11.7,51.0
2026-07-19 23:00:00+00:00,31.2,70,25.0,36.8,999.6,975.9,30,7.3,140,20.9,0.0,169.5,93.4,528.0,21.5,12.6,55.0
2026-07-20 00:00:00+00:00,31.3,75,26.3,37.7,999.3,975.6,98,7.8,171,16.9,0.0,153.7,80.3,511.0,16.0,11.0,67.0
2026-07-20 01:00:00+00:00,31.5,73,26.0,37.9,999.0,975.4,91,6.7,175,19.4,0.0,149.9,78.5,600.0,17.5,12.7,69.0
2026-07-20 02:00:00+00:00,32.6,68,25.9,39.0,999.9,976.3,100,6.1,113,16.2,0.0,179.3,86.4,737.0,19.4,14.9,73.0
2026-07-20 03:00:00+00:00,32.7,67,25.8,38.5,999.9,976.3,97,10.0,120,26.6,0.0,246.8,101.3,806.0,19.6,16.6,85.0
2026-07-20 04:00:00+00:00,34.2,61,25.5,39.7,999.8,976.3,91,10.0,144,28.1,0.0,299.0,112.9,732.0,16.3,17.3,115.0
2026-07-20 05:00:00+00:00,35.5,51,24.0,40.4,999.9,976.5,93,8.0,134,28.4,0.0,323.2,119.0,590.0,11.4,17.5,154.0
2026-07-20 06:00:00+00:00,37.9,41,22.2,42.3,1000.1,976.9,68,3.9,158,24.5,0.0,318.5,116.9,494.0,8.3,16.8,178.0
2026-07-20 07:00:00+00:00,32.9,61,24.4,37.1,1000.6,977.0,97,14.0,83,37.8,0.1,270.1,101.5,502.0,8.7,14.7,173.0
2026-07-20 08:00:00+00:00,32.6,69,26.1,38.5,1000.2,976.6,99,10.1,106,37.1,0.1,229.1,91.0,556.0,10.8,11.7,154.0
2026-07-20 09:00:00+00:00,33.6,65,26.2,39.7,999.5,976.0,99,9.3,106,27.4,0.0,182.5,79.4,591.0,13.2,9.8,138.0
2026-07-20 10:00:00+00:00,33.3,67,26.4,39.4,998.8,975.3,99,10.1,117,28.8,0.0,150.4,72.4,573.0,15.0,9.9,134.0
2026-07-20 11:00:00+00:00,33.6,66,26.3,40.0,998.6,975.1,99,7.9,110,28.1,0.0,139.2,69.4,537.0,17.1,11.1,133.0
2026-07-20 12:00:00+00:00,33.0,69,26.6,39.0,999.0,975.5,98,12.5,97,24.1,0.0,203.5,83.8,516.0,14.3,10.2,154.0
2026-07-20 13:00:00+00:00,31.9,74,26.7,38.9,999.7,976.1,99,5.9,110,32.0,0.2,154.6,79.4,532.0,19.3,9.9,135.0
2026-07-20 14:00:00+00:00,30.5,76,25.8,35.9,1000.1,976.4,98,12.2,81,30.2,0.3,136.4,75.4,564.0,26.0,9.6,110.0
2026-07-20 15:00:00+00:00,29.9,78,25.7,35.7,1000.6,976.8,97,9.6,98,29.2,0.1,122.5,68.2,586.0,30.1,9.1,90.0
2026-07-20 16:00:00+00:00,29.7,83,26.4,35.7,1001.2,977.4,98,11.7,107,27.4,0.0,102.0,58.2,591.0,28.9,8.4,84.0
2026-07-20 17:00:00+00:00,29.7,84,26.7,36.0,1001.4,977.6,91,10.8,118,27.4,0.0,86.6,51.7,586.0,25.1,7.7,84.0
2026-07-20 18:00:00+00:00,30.3,83,27.0,36.8,1001.1,977.3,76,11.1,130,25.6,0.0,72.4,47.5,568.0,21.9,7.3,82.0
2026-07-20 19:00:00+00:00,30.2,82,26.8,36.5,1000.8,977.0,30,10.7,130,25.6,0.1,60.5,44.2,532.0,20.6,7.6,76.0
2026-07-20 20:00:00+00:00,29.0,86,26.5,36.3,1001.0,977.1,93,2.8,198,24.8,1.2,56.2,41.2,483.0,20.1,8.2,68.0
2026-07-20 21:00:00+00:00,26.6,98,26.2,33.6,1001.1,977.0,100,3.5,28,14.4,15.0,63.6,42.0,436.0,19.9,8.9,61.0
2026-07-20 22:00:00+00:00,27.3,97,26.8,33.8,1000.2,976.2,98,10.0,120,16.9,2.9,70.1,41.6,386.0,20.1,9.5,54.0
2026-07-20 23:00:00+00:00,27.3,97,26.8,33.4,1000.1,976.1,99,12.8,118,25.9,1.1,78.7,43.0,338.0,20.6,10.2,48.0
2026-07-21 00:00:00+00:00,27.3,91,25.7,32.9,1000.4,976.4,98,10.6,105,32.0,2.1,130.4,47.7,324.0,17.0,11.0,58.0
2026-07-21 01:00:00+00:00,27.2,91,25.6,33.6,1000.8,976.8,99,4.8,79,22.0,0.5,104.3,43.9,376.0,18.9,11.9,57.0
2026-07-21 02:00:00+00:00,27.2,90,25.5,32.7,1001.2,977.2,99,10.9,81,24.1,0.4,87.3,40.3,462.0,21.4,13.2,55.0
2026-07-21 03:00:00+00:00,26.6,94,25.6,32.0,1002.4,978.3,100,11.4,95,25.2,2.9,75.9,37.4,523.0,22.1,13.7,60.0
2026-07-21 04:00:00+00:00,27.3,93,26.0,33.3,1002.7,978.6,100,9.3,105,25.9,3.5,80.6,39.0,532.0,19.3,13.0,75.0
2026-07-21 05:00:00+00:00,28.1,94,27.0,34.6,1002.1,978.1,96,10.8,93,24.5,1.1,60.8,31.5,515.0,14.7,11.6,96.0
2026-07-21 06:00:00+00:00,29.7,76,25.1,34.5,1002.6,978.7,98,13.5,124,27.7,0.3,55.2,29.3,488.0,10.8,10.3,114.0
2026-07-21 07:00:00+00:00,30.3,73,24.9,35.0,1002.3,978.5,100,12.8,119,32.8,0.1,52.4,27.9,417.0,8.2,9.2,128.0
2026-07-21 08:00:00+00:00,30.9,70,24.9,35.9,1002.1,978.3,100,12.0,107,33.5,0.1,47.0,25.7,336.0,6.3,8.1,141.0
2026-07-21 09:00:00+00:00,30.0,74,24.8,34.5,1001.8,978.0,98,14.1,94,33.8,0.8,41.9,23.4,357.0,6.2,7.3,146.0
2026-07-21 10:00:00+00:00,29.0,84,26.0,34.2,1001.4,977.5,87,14.6,80,37.4,0.3,36.8,21.4,584.0,8.1,6.8,143.0
2026-07-21 11:00:00+00:00,29.2,81,25.5,34.3,1001.1,977.2,92,13.6,73,37.1,0.1,33.5,20.7,913.0,11.9,6.6,133.0
2026-07-21 12:00:00+00:00,29.8,72,24.3,34.4,1001.0,977.2,96,11.1,77,32.4,0.1,26.4,22.6,1146.0,15.5,5.6,103.0
2026-07-21 13:00:00+00:00,29.3,77,24.7,34.2,1000.9,977.0,78,10.9,77,27.7,0.0,24.3,22.8,1197.0,19.7,6.3,95.0
2026-07-21 14:00:00+00:00,28.4,82,25.1,33.8,1001.1,977.2,91,9.7,72,25.2,0.0,24.7,24.3,1153.0,25.5,7.3,83.0
2026-07-21 15:00:00+00:00,27.7,86,25.2,33.3,1001.6,977.6,98,8.8,79,20.9,0.0,25.8,25.7,1069.0,29.8,8.1,72.0
2026-07-21 16:00:00+00:00,27.4,87,25.1,33.2,1002.1,978.1,100,6.9,81,18.7,0.0,26.0,25.8,940.0,31.5,8.5,64.0
2026-07-21 17:00:00+00:00,27.3,87,24.9,33.0,1002.6,978.6,100,6.9,70,14.4,0.0,27.6,27.3,772.0,31.8,8.7,57.0
2026-07-21 18:00:00+00:00,27.5,87,25.2,33.4,1002.6,978.6,93,6.4,58,17.6,0.0,27.7,27.2,641.0,30.8,8.8,53.0
2026-07-21 19:00:00+00:00,27.2,87,24.8,32.7,1001.8,977.8,94,7.8,64,18.0,0.0,26.2,25.6,583.0,28.0,8.7,54.0
2026-07-21 20:00:00+00:00,27.2,86,24.7,32.4,1001.4,977.4,94,9.0,78,18.0,0.0,25.0,24.4,561.0,23.9,8.4,59.0
2026-07-21 21:00:00+00:00,27.0,85,24.3,31.4,1001.1,977.1,80,12.6,89,26.3,0.0,24.6,24.0,540.0,20.5,8.1,63.0
2026-07-21 22:00:00+00:00,26.3,87,24.0,30.5,1001.2,977.1,94,12.3,101,27.4,0.0,24.2,23.5,489.0,18.4,7.7,65.0
2026-07-21 23:00:00+00:00,25.7,89,23.8,30.8,1002.2,978.0,93,6.0,80,27.4,0.0,24.3,23.7,439.0,17.1,7.2,67.0
2026-07-22 00:00:00+00:00,24.5,96,23.9,29.0,1002.4,978.1,100,10.4,60,13.3,1.0,14.8,14.4,440.0,10.2,4.9,89.0
2026-07-22 01:00:00+00:00,24.3,96,23.7,29.1,1002.3,978.0,100,7.3,25,24.1,12.5,13.6,13.2,552.0,13.3,5.6,83.0
2026-07-22 02:00:00+00:00,24.7,96,24.1,29.8,1002.3,978.1,99,7.6,85,16.9,3.6,14.1,13.9,716.0,17.5,6.5,74.0
2026-07-22 03:00:00+00:00,25.7,95,24.9,30.7,1001.8,977.6,99,11.2,116,24.5,1.8,17.1,17.0,805.0,19.4,7.3,73.0
2026-07-22 04:00:00+00:00,27.4,89,25.5,32.6,1002.1,978.1,91,12.6,117,29.2,0.5,18.7,18.7,740.0,16.4,7.9,86.0
2026-07-22 05:00:00+00:00,29.1,79,25.1,33.6,1001.9,978.0,90,15.1,131,35.6,0.2,16.8,16.7,599.0,11.1,8.3,106.0
2026-07-22 06:00:00+00:00,29.8,76,25.1,35.2,1002.4,978.6,91,12.9,141,38.2,0.2,17.3,17.2,496.0,8.3,8.4,118.0
2026-07-22 07:00:00+00:00,30.7,71,24.9,36.4,1001.8,978.0,100,13.6,139,37.4,0.1,20.1,19.9,480.0,10.4,7.9,115.0
2026-07-22 08:00:00+00:00,29.3,76,24.7,34.3,1001.3,977.4,74,12.2,143,37.8,0.9,22.1,21.9,501.0,14.8,7.0,105.0
2026-07-22 09:00:00+00:00,28.9,80,25.2,34.4,1001.1,977.2,92,9.2,102,32.4,3.1,24.6,24.4,520.0,18.9,6.6,96.0
2026-07-22 10:00:00+00:00,29.0,80,25.1,34.6,1000.5,976.6,76,8.3,103,27.0,0.4,25.8,25.6,514.0,21.4,7.1,93.0
2026-07-22 11:00:00+00:00,29.6,78,25.3,35.1,999.9,976.1,83,9.7,101,27.4,0.2,29.5,29.2,506.0,23.4,8.0,92.0
2026-07-22 12:00:00+00:00,29.1,79,25.1,34.7,1000.1,976.3,100,8.3,101,27.4,0.7,49.4,49.1,531.0,14.7,7.8,146.0
2026-07-22 13:00:00+00:00,29.0,80,25.1,34.6,1000.3,976.4,98,8.1,90,19.1,0.3,45.9,45.4,629.0,20.5,7.4,123.0
2026-07-22 14:00:00+00:00,26.8,91,25.2,32.4,1000.9,976.9,97,8.6,29,20.2,0.5,44.9,44.6,760.0,28.6,6.8,91.0
2026-07-22 15:00:00+00:00,27.2,90,25.4,32.9,1001.6,977.6,80,9.2,74,17.6,0.0,45.1,44.9,839.0,35.1,6.5,65.0
2026-07-22 16:00:00+00:00,27.3,89,25.4,32.7,1001.6,977.6,91,10.8,93,22.3,0.0,46.6,46.4,821.0,38.9,6.9,50.0
2026-07-22 17:00:00+00:00,27.1,88,25.0,32.4,1001.7,977.7,84,10.0,103,22.3,0.0,48.9,48.8,752.0,41.1,7.6,40.0
2026-07-22 18:00:00+00:00,27.3,87,24.9,32.9,1001.8,977.8,82,7.0,89,20.2,0.0,48.2,48.1,680.0,40.6,8.1,35.0
2026-07-22 19:00:00+00:00,27.0,87,24.7,32.4,1001.7,977.6,54,7.0,80,13.3,0.0,44.9,44.9,619.0,35.8,8.3,36.0
2026-07-22 20:00:00+00:00,27.0,86,24.5,32.3,1001.0,977.0,40,7.0,78,14.4,0.0,40.6,40.4,556.0,28.4,8.2,43.0
2026-07-22 21:00:00+00:00,26.7,87,24.4,31.9,1000.6,976.6,66,7.4,76,14.8,0.0,35.0,34.7,498.0,22.0,7.9,50.0
2026-07-22 22:00:00+00:00,26.5,89,24.5,32.0,1000.2,976.1,79,6.1,109,14.8,0.1,30.0,28.4,434.0,17.3,6.9,58.0
2026-07-22 23:00:00+00:00,25.0,96,24.3,29.4,1001.0,976.8,93,12.3,355,28.1,1.3,24.1,22.7,377.0,13.6,5.7,67.0
2026-07-23 00:00:00+00:00,26.3,92,24.8,31.2,1000.6,976.5,93,11.3,91,35.3,6.3,16.7,11.6,368.0,11.5,2.8,78.0
2026-07-23 01:00:00+00:00,25.9,94,24.8,30.6,1001.0,976.9,100,12.5,111,25.9,0.9,11.4,9.3,454.0,14.8,3.4,73.0
2026-07-23 02:00:00+00:00,25.7,96,25.0,31.2,1001.2,977.1,100,8.2,76,24.8,3.2,11.4,10.3,590.0,19.2,4.2,66.0
2026-07-23 03:00:00+00:00,25.8,94,24.8,30.8,1001.7,977.6,100,10.8,90,21.6,3.8,11.6,11.2,680.0,22.1,4.9,62.0
2026-07-23 04:00:00+00:00,25.4,96,24.7,30.0,1002.0,977.8,100,13.3,81,28.1,4.6,12.9,12.6,679.0,22.2,5.3,61.0
2026-07-23 05:00:00+00:00,25.4,99,25.2,30.9,1002.0,977.8,100,9.4,93,27.4,6.4,14.5,14.2,632.0,20.7,5.6,62.0
2026-07-23 06:00:00+00:00,26.0,95,25.2,31.4,1002.3,978.2,100,9.6,67,19.8,6.0,17.2,16.8,583.0,18.8,6.4,67.0
2026-07-23 07:00:00+00:00,26.2,94,25.1,31.5,1001.8,977.7,100,9.4,59,22.3,0.5,19.7,19.2,539.0,16.2,8.2,80.0
2026-07-23 08:00:00+00:00,27.2,86,24.6,32.0,1001.3,977.3,100,11.2,62,26.6,0.3,20.1,19.5,493.0,13.2,10.4,98.0
2026-07-23 09:00:00+00:00,27.2,85,24.6,32.0,1000.8,976.8,98,11.3,57,27.4,0.4,21.1,20.7,469.0,11.4,11.9,111.0
2026-07-23 10:00:00+00:00,28.2,79,24.3,32.7,1000.3,976.4,97,12.5,63,31.3,0.0,23.9,23.5,454.0,10.3,12.0,117.0
2026-07-23 11:00:00+00:00,28.2,80,24.5,33.3,999.3,975.4,98,9.1,52,30.6,0.0,23.4,23.1,460.0,10.4,11.4,118.0
2026-07-23 12:00:00+00:00,28.2,83,25.1,33.7,999.4,975.5,97,8.5,44,22.3,0.0,49.4,48.5,549.0,21.4,9.6,74.0
2026-07-23 13:00:00+00:00,28.0,85,25.2,33.7,999.0,975.1,100,7.9,47,20.5,0.0,46.7,46.1,824.0,26.6,9.5,62.0
2026-07-23 14:00:00+00:00,27.6,86,25.1,33.2,999.4,975.4,98,7.4,58,18.0,0.0,44.9,44.5,1182.0,33.7,9.2,46.0
2026-07-23 15:00:00+00:00,27.4,86,24.9,33.1,1000.1,976.1,66,6.6,68,14.4,0.0,42.3,41.9,1378.0,39.2,9.1,33.0
2026-07-23 16:00:00+00:00,27.1,87,24.7,32.5,1000.6,976.6,46,7.1,69,13.7,0.0,40.7,40.4,1260.0,41.7,9.1,25.0
2026-07-23 17:00:00+00:00,27.0,85,24.4,32.3,1000.8,976.8,98,7.2,71,14.4,0.0,41.1,40.7,979.0,42.5,9.2,21.0
2026-07-23 18:00:00+00:00,27.5,84,24.6,32.9,1000.7,976.7,93,7.2,77,14.0,0.0,39.5,39.1,744.0,41.7,9.1,19.0
2026-07-23 19:00:00+00:00,27.3,84,24.4,32.4,1000.9,976.9,98,8.4,74,16.2,0.0,37.4,37.0,637.0,38.9,8.7,21.0
2026-07-23 20:00:00+00:00,27.3,83,24.2,32.2,1000.6,976.6,85,8.8,89,17.3,0.0,34.7,34.2,576.0,34.6,8.1,25.0
2026-07-23 21:00:00+00:00,27.1,83,24.1,31.9,1000.4,976.4,95,9.0,92,17.6,0.0,32.2,31.8,526.0,30.4,7.4,30.0
2026-07-23 22:00:00+00:00,26.3,89,24.2,31.6,1000.4,976.3,97,6.3,77,19.1,0.1,28.5,27.9,471.0,26.3,6.3,36.0
2026-07-23 23:00:00+00:00,25.4,94,24.3,30.5,1000.6,976.4,96,7.8,7,15.1,2.5,26.7,26.0,427.0,22.3,5.0,44.0
2026-07-24 00:00:00+00:00,25.3,99,25.1,31.3,1000.6,976.4,98,5.8,356,15.1,7.6,18.3,18.0,409.0,16.8,4.8,52.0
2026-07-24 01:00:00+00:00,25.2,98,24.9,30.4,1000.9,976.7,100,9.9,46,19.1,4.0,18.6,18.4,438.0,19.2,5.2,47.0
2026-07-24 02:00:00+00:00,25.8,96,25.1,31.5,1001.1,977.0,95,7.2,37,20.9,1.8,20.0,19.8,492.0,22.2,5.8,42.0
2026-07-24 03:00:00+00:00,26.9,91,25.3,32.6,1001.6,977.5,97,8.1,62,20.9,0.2,21.3,21.0,527.0,22.7,6.5,48.0
2026-07-24 04:00:00+00:00,28.2,86,25.7,34.5,1002.0,978.0,95,5.6,63,21.6,0.1,22.3,22.0,519.0,18.4,7.5,76.0
2026-07-24 05:00:00+00:00,29.6,80,25.9,36.1,1001.6,977.8,96,6.1,78,22.7,0.1,22.9,22.6,491.0,11.6,8.7,116.0
2026-07-24 06:00:00+00:00,30.7,75,25.8,37.7,1001.8,978.0,15,7.6,72,23.8,0.1,24.7,24.3,466.0,6.4,9.5,149.0
2026-07-24 07:00:00+00:00,31.5,71,25.6,38.9,1001.2,977.5,9,7.8,81,25.9,0.1,27.5,27.2,445.0,4.4,9.8,167.0
2026-07-24 08:00:00+00:00,32.1,68,25.4,39.8,1000.2,976.6,46,5.7,62,25.9,0.1,28.8,28.6,427.0,3.9,9.8,178.0
2026-07-24 09:00:00+00:00,32.0,66,24.9,38.5,999.3,975.7,86,5.4,88,23.4,0.1,29.6,29.4,434.0,4.6,9.6,182.0
2026-07-24 10:00:00+00:00,30.1,79,25.9,36.4,998.6,974.9,85,7.0,134,23.4,0.9,28.9,28.7,449.0,4.9,9.2,179.0
2026-07-24 11:00:00+00:00,30.9,76,26.3,37.9,997.9,974.2,32,3.7,101,18.7,0.1,27.4,27.2,489.0,6.2,8.6,169.0
2026-07-24 12:00:00+00:00,32.3,64,24.6,38.0,997.6,974.1,16,5.2,70,13.0,0.0,43.5,43.2,621.0,12.5,8.6,150.0
2026-07-24 13:00:00+00:00,31.6,68,25.0,37.6,997.5,973.9,32,5.3,52,13.7,0.0,45.9,45.5,946.0,25.8,9.1,121.0
2026-07-24 14:00:00+00:00,30.5,77,26.0,37.1,997.9,974.2,41,5.1,42,10.8,0.0,52.5,52.3,1364.0,44.3,9.8,81.0
2026-07-24 15:00:00+00:00,29.9,80,26.1,36.6,998.9,975.1,30,5.6,45,10.1,0.0,55.5,55.4,1645.0,58.7,10.6,50.0
2026-07-24 16:00:00+00:00,29.5,82,26.2,36.2,1000.2,976.4,44,5.6,73,10.1,0.0,58.6,58.3,1690.0,66.6,11.7,35.0
2026-07-24 17:00:00+00:00,29.3,83,26.1,35.9,1000.4,976.6,52,6.0,80,10.8,0.0,64.3,64.3,1599.0,70.4,13.0,30.0
2026-07-24 18:00:00+00:00,29.0,83,25.9,35.0,1000.5,976.6,98,8.8,92,11.9,0.0,67.8,67.5,1439.0,68.5,13.4,30.0
2026-07-24 19:00:00+00:00,28.7,84,25.7,34.7,1000.4,976.5,98,7.8,81,17.3,0.0,66.6,66.4,1189.0,57.1,12.3,39.0
2026-07-24 20:00:00+00:00,28.5,84,25.5,34.4,1000.5,976.6,29,7.6,87,14.8,0.0,62.4,62.2,870.0,39.9,10.4,54.0
2026-07-24 21:00:00+00:00,28.2,85,25.4,34.0,1000.2,976.3,9,7.4,87,14.4,0.0,50.9,50.8,621.0,26.4,8.8,65.0
2026-07-24 22:00:00+00:00,27.9,85,25.2,33.5,1000.1,976.2,21,8.5,90,15.5,0.1,43.5,43.5,496.0,20.4,7.8,68.0
2026-07-24 23:00:00+00:00,26.1,95,25.2,31.3,1000.5,976.4,68,11.0,58,22.3,1.3,38.0,37.8,440.0,18.0,7.2,67.0
2026-07-25 00:00:00+00:00,25.2,98,24.9,30.3,1001.4,977.2,100,10.5,70,26.3,3.9,16.8,16.8,422.0,11.7,5.3,77.0
2026-07-25 01:00:00+00:00,25.2,96,24.4,30.2,1001.9,977.7,99,8.7,96,23.0,8.2,16.9,16.9,455.0,15.6,5.8,68.0
2026-07-25 02:00:00+00:00,25.2,96,24.4,29.3,1001.8,977.6,100,14.9,89,30.2,1.4,17.6,17.6,526.0,20.8,6.5,57.0
2026-07-25 03:00:00+00:00,25.9,91,24.2,30.1,1002.7,978.5,98,13.6,105,31.3,0.4,16.1,16.1,566.0,23.0,7.1,54.0
2026-07-25 04:00:00+00:00,27.0,86,24.4,31.6,1002.8,978.7,99,12.0,108,36.0,0.4,15.5,15.4,536.0,19.3,7.6,67.0
2026-07-25 05:00:00+00:00,28.6,81,25.0,33.6,1002.6,978.7,100,11.8,111,29.9,0.3,15.4,14.8,475.0,12.7,8.1,88.0
2026-07-25 06:00:00+00:00,27.8,88,25.5,33.5,1002.3,978.3,98,9.2,121,29.9,0.3,15.3,14.2,434.0,7.6,8.4,107.0
2026-07-25 07:00:00+00:00,27.9,89,25.9,34.4,1002.2,978.2,100,5.3,78,30.2,7.6,17.1,15.7,439.0,5.7,8.4,121.0
2026-07-25 08:00:00+00:00,29.6,81,26.1,36.0,1001.6,977.8,93,7.3,80,21.6,0.0,19.4,17.8,464.0,5.3,8.3,132.0
2026-07-25 09:00:00+00:00,31.4,73,25.9,38.2,1000.7,977.0,88,8.1,91,26.3,0.2,21.5,19.7,485.0,5.6,8.1,139.0
2026-07-25 10:00:00+00:00,32.0,71,26.1,38.5,1000.3,976.7,96,8.5,69,25.9,0.1,22.4,20.5,474.0,5.4,8.0,141.0
2026-07-25 11:00:00+00:00,28.0,88,25.7,33.7,1000.7,976.7,100,10.1,169,26.3,5.5,28.2,25.7,457.0,6.0,7.9,139.0
2026-07-25 12:00:00+00:00,30.1,79,25.9,35.9,1000.3,976.5,89,10.0,60,24.8,1.7,45.3,36.4,492.0,10.1,7.2,138.0
2026-07-25 13:00:00+00:00,29.2,84,26.2,35.3,1000.7,976.8,54,9.5,88,23.8,0.2,45.8,40.4,638.0,18.0,7.7,119.0
2026-07-25 14:00:00+00:00,28.7,87,26.3,35.1,1001.1,977.2,63,8.3,86,20.2,0.0,45.8,41.1,835.0,28.8,8.3,93.0
2026-07-25 15:00:00+00:00,28.4,89,26.3,34.7,1001.6,977.7,78,8.8,89,17.6,0.0,46.1,41.9,956.0,36.3,8.8,73.0
2026-07-25 16:00:00+00:00,28.3,89,26.3,34.5,1002.3,978.3,54,9.1,99,18.4,0.0,46.4,42.5,931.0,37.6,9.1,64.0
2026-07-25 17:00:00+00:00,28.1,90,26.4,34.5,1002.9,978.9,45,8.6,112,19.1,0.0,46.1,42.5,830.0,35.5,9.3,60.0
2026-07-25 18:00:00+00:00,28.0,91,26.3,34.8,1002.6,978.6,33,5.7,66,16.9,0.0,44.5,41.7,734.0,33.0,9.3,58.0
2026-07-25 19:00:00+00:00,27.5,93,26.2,34.0,1002.6,978.6,60,6.8,63,13.3,0.0,41.4,39.5,670.0,30.4,9.1,56.0
2026-07-25 20:00:00+00:00,27.2,93,26.0,33.6,1002.7,978.6,75,6.6,68,13.7,0.0,38.9,37.7,611.0,27.4,8.8,55.0
2026-07-25 21:00:00+00:00,27.1,93,25.9,33.4,1002.4,978.3,44,6.5,62,13.0,0.0,38.3,37.6,564.0,25.1,8.6,53.0
2026-07-25 22:00:00+00:00,27.0,93,25.7,33.1,1002.5,978.4,20,7.0,69,14.0,0.0,40.3,39.8,525.0,24.6,8.6,48.0
2026-07-25 23:00:00+00:00,26.9,92,25.6,33.1,1002.6,978.5,26,6.4,72,14.0,0.0,42.5,42.4,497.0,24.8,8.7,43.0
2026-07-26 00:00:00+00:00,27.8,92,26.4,34.3,1002.0,978.0,86,7.8,85,13.7,0.0,52.5,51.8,495.0,25.9,10.0,41.0
2026-07-26 01:00:00+00:00,27.6,91,26.1,33.9,1002.5,978.5,96,7.6,93,16.2,0.1,55.4,54.8,545.0,24.0,11.2,52.0
2026-07-26 02:00:00+00:00,27.7,90,26.0,34.0,1002.6,978.6,64,7.3,128,19.1,0.6,56.1,55.5,622.0,21.2,12.8,67.0
2026-07-26 03:00:00+00:00,28.9,87,26.5,36.2,1003.0,979.1,41,3.0,115,15.8,0.1,52.6,52.3,665.0,18.4,14.0,83.0
2026-07-26 04:00:00+00:00,29.9,84,26.9,37.3,1002.8,978.9,41,3.8,121,13.3,0.2,46.7,46.6,642.0,15.8,14.5,99.0
2026-07-26 05:00:00+00:00,31.2,78,27.0,38.9,1002.9,979.1,66,2.5,176,14.8,0.5,43.0,42.7,585.0,13.1,14.7,116.0
2026-07-26 06:00:00+00:00,32.3,67,25.3,39.9,1002.9,979.2,70,1.5,30,13.7,0.2,39.1,39.0,533.0,10.6,14.5,134.0
2026-07-26 07:00:00+00:00,33.0,64,25.2,40.6,1002.5,978.9,79,2.4,54,13.3,0.1,38.4,38.3,493.0,8.0,13.8,155.0
2026-07-26 08:00:00+00:00,33.3,63,25.4,40.9,1001.9,978.3,83,2.7,48,14.0,0.0,36.7,36.4,458.0,5.6,12.9,177.0
2026-07-26 09:00:00+00:00,33.8,62,25.5,41.6,1001.1,977.6,29,2.2,42,13.3,0.0,38.3,38.1,440.0,4.3,12.3,193.0
2026-07-26 10:00:00+00:00,33.9,61,25.4,41.2,1000.3,976.8,19,1.4,40,12.2,0.0,39.8,39.6,416.0,2.3,12.4,203.0
2026-07-26 11:00:00+00:00,33.7,62,25.4,40.5,999.5,976.0,29,1.0,59,9.7,0.0,40.7,40.5,408.0,1.4,12.9,207.0
2026-07-26 12:00:00+00:00,32.8,70,26.5,39.6,999.6,976.0,56,5.9,293,8.6,0.0,40.6,40.2,500.0,7.4,14.7,209.0
2026-07-26 13:00:00+00:00,31.3,79,27.3,38.6,999.5,975.8,30,6.9,298,17.6,0.4,41.7,41.2,780.0,23.8,15.2,168.0
2026-07-26 14:00:00+00:00,30.7,85,27.8,38.9,999.4,975.7,29,3.4,286,15.8,0.1,53.0,52.5,1158.0,46.7,15.8,111.0
2026-07-26 15:00:00+00:00,30.4,88,28.1,38.8,1000.0,976.3,20,3.1,301,6.8,0.0,65.0,64.5,1451.0,65.7,16.8,65.0
2026-07-26 16:00:00+00:00,30.1,89,28.2,38.5,1000.5,976.7,32,3.6,303,6.8,0.0,79.6,79.2,1582.0,77.1,18.3,42.0
2026-07-26 17:00:00+00:00,29.9,90,28.1,38.3,1000.7,976.9,24,3.4,313,6.8,0.0,94.1,93.4,1628.0,84.5,20.1,31.0
2026-07-26 18:00:00+00:00,30.3,90,28.4,39.1,999.9,976.2,26,2.8,288,6.8,0.0,102.2,101.5,1631.0,89.1,21.4,25.0
2026-07-26 19:00:00+00:00,29.8,92,28.3,38.4,999.7,975.9,8,3.0,303,6.1,0.0,106.2,105.5,1595.0,91.0,21.8,22.0
2026-07-26 20:00:00+00:00,29.5,93,28.3,38.1,999.3,975.5,20,2.9,317,5.4,0.0,109.2,108.5,1517.0,90.0,21.7,23.0
2026-07-26 21:00:00+00:00,29.3,94,28.2,37.8,999.1,975.3,23,3.0,308,5.4,0.0,113.9,112.9,1424.0,86.4,21.6,26.0
2026-07-26 22:00:00+00:00,29.1,95,28.1,37.5,999.1,975.3,29,3.6,315,6.8,0.0,118.3,117.3,1318.0,79.7,21.5,28.0
2026-07-26 23:00:00+00:00,28.6,93,27.4,36.2,999.4,975.5,55,5.2,31,9.7,0.1,116.2,115.3,1198.0,70.3,21.3,31.0
2026-07-27 00:00:00+00:00,29.2,93,27.9,37.6,998.9,975.1,79,1.8,270,15.5,0.6,91.3,90.1,1089.0,40.7,21.9,60.0
2026-07-27 01:00:00+00:00,29.1,93,27.9,37.4,999.2,975.4,63,2.9,274,6.1,0.0,91.3,90.1,1004.0,36.8,23.0,78.0
2026-07-27 02:00:00+00:00,30.4,82,27.0,38.2,999.3,975.6,43,2.0,265,7.6,0.0,79.9,78.7,931.0,31.1,24.6,103.0
2026-07-27 03:00:00+00:00,31.5,73,26.1,38.7,999.2,975.6,29,1.7,238,8.3,0.0,61.0,59.6,853.0,25.1,26.1,134.0
2026-07-27 04:00:00+00:00,32.4,69,26.0,39.6,998.9,975.3,25,1.3,180,10.1,0.0,53.1,51.7,761.0,18.5,27.7,174.0
2026-07-27 05:00:00+00:00,33.2,66,26.0,40.5,999.0,975.5,38,1.8,225,11.9,0.0,51.5,50.2,665.0,11.5,29.3,220.0
2026-07-27 06:00:00+00:00,33.4,64,25.7,41.1,998.7,975.2,38,4.3,270,14.8,0.0,55.6,54.1,578.0,6.6,29.6,252.0
2026-07-27 07:00:00+00:00,34.4,61,25.8,42.6,998.6,975.2,28,3.8,265,16.2,0.0,59.1,57.4,496.0,4.9,27.7,262.0
2026-07-27 08:00:00+00:00,34.8,60,25.8,43.0,997.8,974.4,20,5.4,255,18.4,0.0,58.3,56.0,422.0,5.2,24.4,259.0
2026-07-27 09:00:00+00:00,35.0,59,25.8,42.7,997.0,973.7,11,5.9,250,18.7,0.0,57.5,54.5,384.0,6.3,21.7,251.0
2026-07-27 10:00:00+00:00,35.1,58,25.5,42.0,996.0,972.7,9,5.9,272,18.7,0.0,57.4,53.4,356.0,4.4,19.8,244.0
2026-07-27 11:00:00+00:00,35.1,57,25.3,41.1,995.3,972.0,16,5.6,268,18.7,0.0,56.8,52.0,364.0,3.2,18.3,233.0
2026-07-27 12:00:00+00:00,34.9,57,25.2,40.8,995.1,971.8,7,6.6,281,16.2,0.0,62.6,54.5,509.0,13.1,17.0,203.0
2026-07-27 13:00:00+00:00,34.2,64,26.3,40.9,995.3,972.0,10,5.8,277,15.8,0.0,68.5,61.9,922.0,43.2,19.0,158.0
2026-07-27 14:00:00+00:00,33.1,71,27.0,40.3,995.5,972.1,31,5.6,285,11.9,0.0,82.7,75.0,1472.0,84.7,21.9,96.0
2026-07-27 15:00:00+00:00,32.5,73,27.1,39.9,995.9,972.4,65,5.2,292,10.1,0.0,102.0,93.8,1874.0,116.5,24.7,47.0
2026-07-27 16:00:00+00:00,32.4,74,27.2,40.3,996.4,972.9,73,2.4,306,9.4,0.0,124.8,116.2,2021.0,130.1,27.7,24.0
2026-07-27 17:00:00+00:00,32.0,76,27.2,40.1,996.7,973.2,98,0.5,135,4.0,0.0,146.7,137.8,2020.0,133.9,30.5,15.0
2026-07-27 18:00:00+00:00,33.0,71,27.1,40.8,996.4,972.9,97,1.9,131,5.4,0.0,146.2,137.8,1901.0,131.8,31.4,10.0
2026-07-27 19:00:00+00:00,31.7,80,27.8,39.8,996.5,972.9,98,4.1,151,7.2,0.0,132.2,125.3,1613.0,124.2,29.1,8.0
2026-07-27 20:00:00+00:00,31.0,83,27.8,38.7,996.6,973.0,98,6.0,164,11.2,0.0,117.3,111.5,1207.0,110.7,24.8,11.0
2026-07-27 21:00:00+00:00,30.3,81,26.7,36.9,996.4,972.7,66,8.5,153,15.8,0.0,107.1,102.0,871.0,93.6,20.6,19.0
2026-07-27 22:00:00+00:00,29.6,80,25.7,35.5,996.3,972.6,79,8.3,136,18.4,0.0,94.5,90.8,655.0,70.1,17.0,36.0
2026-07-27 23:00:00+00:00,27.0,90,25.3,33.6,997.4,973.5,98,2.2,270,16.2,3.0,72.2,70.1,508.0,43.1,13.4,58.0
2026-07-28 00:00:00+00:00,30.0,81,26.4,37.5,996.5,972.8,95,0.9,259,17.3,0.8,84.5,74.3,464.0,35.4,13.9,59.0
2026-07-28 01:00:00+00:00,30.1,79,26.0,37.1,996.5,972.8,98,2.4,243,4.7,0.0,78.7,72.9,597.0,34.0,13.9,65.0
2026-07-28 02:00:00+00:00,30.3,82,26.8,37.6,997.1,973.4,98,4.4,63,9.7,0.0,73.6,69.6,834.0,31.9,14.0,74.0
2026-07-28 03:00:00+00:00,31.3,76,26.5,38.3,997.4,973.8,92,4.3,107,12.6,0.0,67.3,62.9,981.0,28.2,14.1,92.0
2026-07-28 04:00:00+00:00,32.3,72,26.5,39.3,997.4,973.9,98,5.0,109,14.8,0.0,65.9,59.3,938.0,21.6,14.5,127.0
2026-07-28 05:00:00+00:00,33.5,67,26.5,40.6,997.4,974.0,98,4.8,110,16.2,0.0,66.8,58.0,806.0,13.6,15.1,171.0
2026-07-28 06:00:00+00:00,34.7,57,25.0,42.4,997.6,974.2,49,0.6,56,15.5,0.0,70.8,59.6,700.0,7.7,15.2,204.0
2026-07-28 07:00:00+00:00,32.4,67,25.6,39.3,997.9,974.4,80,7.6,115,22.3,0.6,71.9,59.5,662.0,5.5,14.6,219.0
2026-07-28 08:00:00+00:00,33.6,65,26.2,40.9,997.4,974.0,80,4.7,118,23.8,0.5,67.3,55.2,650.0,5.5,13.6,223.0
2026-07-28 09:00:00+00:00,33.4,67,26.6,40.7,997.1,973.7,88,8.6,127,24.5,0.3,66.6,54.6,656.0,6.4,12.9,223.0
2026-07-28 10:00:00+00:00,34.1,66,26.8,41.5,996.2,972.8,79,6.5,132,23.8,0.1,66.8,53.8,674.0,6.7,12.8,224.0
2026-07-28 11:00:00+00:00,34.2,64,26.4,41.0,995.5,972.2,53,5.9,142,18.7,0.0,68.5,54.7,710.0,8.0,13.0,221.0
2026-07-28 12:00:00+00:00,34.2,61,25.6,41.0,995.1,971.8,96,2.1,121,16.9,0.0,82.0,66.4,778.0,24.3,13.0,174.0
2026-07-28 13:00:00+00:00,33.4,66,26.2,40.2,995.1,971.7,98,4.8,110,11.2,0.0,87.8,72.4,921.0,28.3,12.7,155.0
2026-07-28 14:00:00+00:00,32.1,76,27.3,39.2,995.7,972.2,97,7.5,111,14.4,0.0,86.1,75.0,1096.0,33.7,12.3,129.0
2026-07-28 15:00:00+00:00,31.2,80,27.3,38.1,996.9,973.3,95,9.8,120,19.4,0.0,68.9,61.9,1184.0,36.3,11.8,109.0
2026-07-28 16:00:00+00:00,30.7,82,27.3,37.5,997.7,974.0,91,10.3,121,20.9,0.0,59.8,55.1,1112.0,33.3,11.2,101.0
2026-07-28 17:00:00+00:00,30.2,84,27.2,36.8,998.2,974.5,91,10.7,121,22.3,0.0,57.4,52.5,954.0,27.6,10.5,98.0
2026-07-28 18:00:00+00:00,30.3,86,27.7,37.2,998.2,974.5,88,11.6,141,22.0,0.0,56.7,51.6,810.0,23.6,10.1,94.0
2026-07-28 19:00:00+00:00,29.6,89,27.5,36.2,998.4,974.6,58,12.0,141,25.2,0.0,57.9,52.6,710.0,24.1,10.3,83.0
2026-07-28 20:00:00+00:00,29.3,89,27.2,35.9,998.3,974.5,7,10.9,140,25.2,0.0,59.3,53.0,624.0,26.3,10.8,70.0
2026-07-28 21:00:00+00:00,28.7,91,27.1,35.3,998.4,974.6,14,10.1,119,23.0,0.0,62.2,50.8,561.0,26.7,11.1,63.0
2026-07-28 22:00:00+00:00,28.4,91,26.8,34.7,998.4,974.5,26,11.1,132,24.5,0.0,58.3,45.2,527.0,22.8,10.8,67.0
2026-07-28 23:00:00+00:00,28.0,92,26.6,34.3,998.1,974.2,15,10.2,122,24.5,0.0,54.0,41.0,516.0,16.9,10.2,77.0
2026-07-29 00:00:00+00:00,26.7,97,26.2,32.8,999.2,975.2,94,9.8,64,22.0,0.0,46.8,31.4,517.0,13.5,8.6,83.0
2026-07-29 01:00:00+00:00,27.0,95,26.1,33.9,999.6,975.6,91,3.8,31,19.4,0.0,41.6,30.0,537.0,15.0,8.6,82.0
2026-07-29 02:00:00+00:00,27.7,90,26.0,33.9,999.8,975.8,76,7.7,87,19.1,0.1,39.0,27.8,571.0,16.8,8.7,82.0
2026-07-29 03:00:00+00:00,28.9,85,26.2,34.9,1000.1,976.2,100,10.1,92,25.9,0.0,34.6,24.9,587.0,17.4,8.9,86.0
2026-07-29 04:00:00+00:00,30.3,79,26.1,36.3,1000.2,976.4,73,9.9,99,26.3,0.0,32.5,23.3,566.0,15.5,9.3,96.0
2026-07-29 05:00:00+00:00,31.5,72,25.8,37.2,999.9,976.2,66,10.6,118,27.7,0.0,32.5,22.9,527.0,12.2,9.9,111.0
2026-07-29 06:00:00+00:00,29.8,72,24.2,35.4,1001.4,977.6,59,4.8,75,27.0,0.0,33.4,22.1,507.0,9.4,10.4,128.0
2026-07-29 07:00:00+00:00,30.8,70,24.7,37.3,1001.0,977.3,48,3.7,43,15.8,0.0,38.1,24.5,517.0,7.4,10.8,149.0
2026-07-29 08:00:00+00:00,31.7,68,24.9,38.9,1000.1,976.5,53,4.8,61,17.3,0.0,44.8,27.2,545.0,5.9,11.2,172.0
2026-07-29 09:00:00+00:00,32.5,65,25.0,40.0,999.3,975.7,33,2.9,60,18.0,0.0,47.1,29.0,587.0,5.7,11.7,189.0
2026-07-29 10:00:00+00:00,33.0,63,25.2,40.2,998.4,974.9,22,2.5,4,13.0,0.0,48.7,30.6,609.0,4.2,12.1,199.0
2026-07-29 11:00:00+00:00,32.9,65,25.4,39.4,997.7,974.2,33,3.2,360,13.3,0.0,49.1,31.5,644.0,4.0,12.5,203.0
2026-07-29 12:00:00+00:00,32.9,63,24.8,38.9,997.5,974.0,24,3.2,34,12.6,0.0,59.6,40.5,790.0,13.3,12.1,175.0
2026-07-29 13:00:00+00:00,32.3,66,25.1,38.7,997.4,973.9,15,2.7,23,10.4,0.0,60.8,44.9,1177.0,34.4,12.9,138.0
2026-07-29 14:00:00+00:00,31.4,73,26.0,38.4,997.6,974.0,10,2.7,62,7.6,0.0,68.7,56.5,1674.0,63.0,14.1,86.0
2026-07-29 15:00:00+00:00,30.4,80,26.6,37.6,998.1,974.4,20,3.9,74,6.5,0.0,67.8,58.4,1986.0,81.4,14.8,48.0
2026-07-29 16:00:00+00:00,29.8,83,26.5,36.7,998.7,974.9,31,5.8,99,10.4,0.0,64.3,56.2,1969.0,79.9,14.7,37.0
2026-07-29 17:00:00+00:00,29.4,82,26.1,35.8,999.0,975.2,49,7.1,99,13.0,0.0,63.6,56.2,1766.0,68.2,14.2,39.0
2026-07-29 18:00:00+00:00,29.8,84,26.8,36.9,998.9,975.1,85,5.6,90,15.1,0.0,62.9,55.9,1518.0,56.9,13.5,42.0
2026-07-29 19:00:00+00:00,29.1,85,26.4,35.7,998.7,974.9,80,6.5,84,11.9,0.0,61.2,54.1,1230.0,49.4,12.6,43.0
2026-07-29 20:00:00+00:00,28.7,86,26.1,35.3,998.9,975.1,88,5.6,94,11.9,0.0,60.1,53.2,896.0,42.5,11.7,46.0
2026-07-29 21:00:00+00:00,28.5,86,26.0,35.0,998.4,974.5,87,5.8,85,10.4,0.0,59.6,53.2,638.0,36.9,10.9,47.0
2026-07-29 22:00:00+00:00,28.3,86,25.8,34.6,997.9,974.0,40,6.7,84,13.3,0.0,60.1,54.0,494.0,33.3,10.6,45.0
2026-07-29 23:00:00+00:00,28.0,88,25.8,34.4,997.9,974.0,13,5.6,107,13.0,0.0,61.5,55.6,425.0,31.1,10.5,42.0
2026-07-30 00:00:00+00:00,27.6,91,26.0,34.4,997.9,974.0,12,4.0,170,10.1,0.0,56.8,54.4,436.0,34.8,11.0,37.0
2026-07-30 01:00:00+00:00,27.1,92,25.7,33.4,998.7,974.7,5,5.6,149,15.1,0.0,62.4,59.6,581.0,33.1,11.5,46.0
2026-07-30 02:00:00+00:00,27.5,89,25.6,33.8,998.8,974.9,9,5.9,135,14.8,0.0,66.1,62.6,805.0,30.5,12.2,60.0
2026-07-30 03:00:00+00:00,28.7,82,25.3,34.8,999.1,975.2,5,5.7,118,16.6,0.0,63.1,57.4,953.0,26.7,12.7,82.0
2026-07-30 04:00:00+00:00,30.2,75,25.3,36.0,998.8,975.1,5,7.4,122,21.2,0.0,61.0,52.2,945.0,20.4,12.9,121.0
2026-07-30 05:00:00+00:00,31.5,70,25.4,38.0,998.9,975.3,55,6.2,128,20.5,0.0,61.7,50.2,861.0,12.9,12.9,168.0
2026-07-30 06:00:00+00:00,33.3,65,26.0,41.6,999.0,975.5,84,2.7,157,18.7,0.0,65.4,49.7,783.0,7.4,12.8,205.0
2026-07-30 07:00:00+00:00,34.0,64,26.1,42.6,998.9,975.5,84,2.5,176,12.2,0.0,68.5,49.8,722.0,5.2,12.6,223.0
2026-07-30 08:00:00+00:00,34.3,62,26.1,42.7,998.5,975.1,93,3.1,201,14.4,0.1,69.6,50.1,667.0,5.0,12.4,231.0
2026-07-30 09:00:00+00:00,34.2,63,26.1,41.7,997.8,974.4,77,5.1,157,17.3,0.0,68.5,49.5,668.0,5.8,12.2,233.0
2026-07-30 10:00:00+00:00,33.1,69,26.6,39.8,997.0,973.5,73,7.7,121,21.6,0.4,63.1,46.8,722.0,6.2,12.1,235.0
2026-07-30 11:00:00+00:00,32.7,71,26.8,40.4,996.9,973.4,30,1.3,146,20.5,1.1,60.8,46.1,832.0,7.7,12.1,231.0
2026-07-30 12:00:00+00:00,32.6,70,26.3,39.2,996.7,973.2,65,7.2,109,10.4,0.7,64.0,50.2,1051.0,15.5,14.1,213.0
2026-07-30 13:00:00+00:00,31.9,74,26.7,38.6,996.8,973.2,9,7.8,103,17.6,0.3,61.0,50.8,1541.0,31.8,13.7,171.0
2026-07-30 14:00:00+00:00,28.1,91,26.5,34.5,998.4,974.5,96,9.0,254,20.5,2.0,61.0,55.4,2141.0,53.7,13.1,112.0
2026-07-30 15:00:00+00:00,27.4,97,26.8,34.3,998.2,974.3,82,6.7,70,17.3,1.3,66.1,61.7,2417.0,66.0,12.4,71.0
2026-07-30 16:00:00+00:00,27.9,94,26.8,35.2,998.8,974.9,99,3.8,107,13.7,0.1,70.3,67.1,2069.0,59.4,11.6,63.0
2026-07-30 17:00:00+00:00,28.3,90,26.6,35.0,999.1,975.2,91,7.4,93,13.3,0.0,63.1,59.8,1396.0,43.2,10.8,71.0
2026-07-30 18:00:00+00:00,29.2,89,27.2,36.2,999.1,975.3,77,8.4,99,18.4,0.0,57.4,55.8,868.0,29.8,10.3,79.0
2026-07-30 19:00:00+00:00,28.6,91,27.0,35.3,999.1,975.2,94,9.1,105,18.7,0.0,54.1,53.3,679.0,24.0,10.2,82.0
2026-07-30 20:00:00+00:00,28.4,93,27.2,35.3,998.9,975.0,95,9.1,107,18.4,0.0,52.6,52.2,633.0,21.1,10.5,84.0
2026-07-30 21:00:00+00:00,28.2,94,27.1,35.2,998.9,975.0,81,8.3,114,18.4,0.0,52.2,51.8,616.0,19.3,11.0,85.0
2026-07-30 22:00:00+00:00,28.1,93,26.9,35.1,998.9,975.0,76,7.4,116,16.9,0.0,52.3,51.8,595.0,18.4,12.1,82.0
2026-07-30 23:00:00+00:00,27.9,94,26.8,34.7,999.2,975.3,77,7.6,97,15.8,0.0,52.4,52.0,601.0,18.6,13.4,78.0
2026-07-31 00:00:00+00:00,27.1,88,24.9,31.8,999.7,975.7,39,13.3,91,37.1,3.7,46.7,46.1,614.0,15.5,12.6,92.0
2026-07-31 01:00:00+00:00,26.4,90,24.6,31.8,999.7,975.6,33,6.9,120,29.9,0.0,39.8,38.9,636.0,17.0,11.6,90.0
2026-07-31 02:00:00+00:00,26.8,88,24.5,32.1,1000.5,976.5,41,7.4,141,20.2,0.0,32.4,31.0,663.0,18.8,10.3,89.0
2026-07-31 03:00:00+00:00,25.6,90,23.8,30.1,1001.5,977.3,99,9.7,56,25.6,0.8,31.1,30.4,667.0,18.9,9.7,96.0
2026-07-31 04:00:00+00:00,25.5,93,24.4,30.3,1001.6,977.4,69,10.6,100,29.2,5.6,29.6,29.2,622.0,15.6,10.6,120.0
2026-07-31 05:00:00+00:00,27.8,85,24.9,33.5,1002.0,978.0,98,6.6,127,26.3,0.7,30.4,30.0,553.0,10.6,12.3,152.0
2026-07-31 06:00:00+00:00,30.9,77,26.5,37.4,1000.9,977.2,45,11.9,110,27.7,0.2,33.2,32.5,503.0,6.8,13.4,177.0
2026-07-31 07:00:00+00:00,29.3,84,26.4,36.1,1001.5,977.6,82,11.4,106,36.4,2.2,34.7,32.9,492.0,5.1,13.2,188.0
2026-07-31 08:00:00+00:00,30.6,79,26.5,37.3,1001.1,977.3,58,7.2,89,29.2,0.5,34.5,32.6,499.0,4.7,12.5,192.0
2026-07-31 09:00:00+00:00,31.2,76,26.5,37.9,999.9,976.2,95,7.0,113,20.9,0.3,34.2,33.2,508.0,5.4,11.7,191.0
2026-07-31 10:00:00+00:00,31.8,75,26.7,39.1,999.1,975.5,99,3.7,113,23.8,0.4,33.2,32.6,497.0,7.1,11.2,188.0
2026-07-31 11:00:00+00:00,31.5,76,26.8,38.8,998.5,974.9,100,4.4,69,18.4,0.1,32.7,32.4,488.0,10.1,10.6,181.0
2026-07-31 12:00:00+00:00,29.9,81,26.2,36.6,998.9,975.1,96,6.1,19,21.6,2.0,33.4,32.7,523.0,18.1,8.3,134.0
2026-07-31 13:00:00+00:00,29.7,83,26.5,36.3,998.8,975.0,99,7.6,47,17.6,0.0,34.3,33.9,655.0,26.1,8.9,111.0
2026-07-31 14:00:00+00:00,29.4,85,26.6,35.8,998.9,975.1,99,9.4,60,18.7,0.0,38.8,38.5,832.0,37.1,9.6,79.0
2026-07-31 15:00:00+00:00,29.3,85,26.5,35.7,999.5,975.7,99,9.3,74,19.4,0.0,39.3,39.1,940.0,44.1,10.2,54.0
2026-07-31 16:00:00+00:00,29.1,86,26.6,35.5,1000.1,976.3,99,9.3,82,18.7,0.0,38.2,38.0,921.0,43.4,10.3,45.0
2026-07-31 17:00:00+00:00,28.7,87,26.3,35.0,1000.6,976.7,91,8.8,89,18.4,0.0,38.2,37.8,834.0,38.8,10.3,43.0
2026-07-31 18:00:00+00:00,28.3,87,25.9,34.3,1000.7,976.8,59,9.0,84,18.0,0.0,39.0,38.5,738.0,35.2,10.1,41.0
2026-07-31 19:00:00+00:00,28.0,87,25.7,33.9,1000.7,976.7,55,8.4,80,18.7,0.0,39.8,39.3,640.0,34.6,9.8,36.0
2026-07-31 20:00:00+00:00,27.8,88,25.7,33.9,1000.8,976.8,48,7.1,75,16.6,0.0,41.3,40.9,534.0,35.0,9.3,30.0
2026-07-31 21:00:00+00:00,27.7,88,25.6,33.8,1000.5,976.5,48,7.2,72,14.4,0.0,42.8,42.3,461.0,34.8,9.1,27.0
2026-07-31 22:00:00+00:00,27.7,88,25.6,33.7,1000.5,976.5,42,7.6,63,14.8,0.0,43.1,42.5,439.0,33.1,9.3,27.0
2026-07-31 23:00:00+00:00,27.7,88,25.5,33.5,1000.4,976.4,27,8.6,79,16.9,0.0,43.1,42.6,449.0,30.8,9.7,29.0
2026-08-01 00:00:00+00:00,28.1,87,25.8,34.2,1000.3,976.4,8,7.2,87,17.6,0.0,46.8,46.3,477.0,27.4,13.4,42.0
2026-08-01 01:00:00+00:00,27.9,88,25.7,34.0,1000.6,976.6,45,7.3,73,14.4,0.0,46.6,46.2,537.0,26.6,13.8,50.0
2026-08-01 02:00:00+00:00,28.7,85,25.8,34.8,1001.1,977.2,17,7.9,87,17.3,0.0,46.3,46.0,615.0,25.2,14.3,61.0
2026-08-01 03:00:00+00:00,29.2,80,25.4,34.3,1001.5,977.6,14,12.8,96,29.5,0.0,38.9,38.2,654.0,22.5,14.3,77.0
2026-08-01 04:00:00+00:00,28.6,81,24.9,33.4,1001.3,977.4,27,12.2,114,40.0,0.1,33.3,32.2,619.0,17.3,13.2,102.0
2026-08-01 05:00:00+00:00,29.5,79,25.5,35.4,1001.2,977.4,22,7.8,109,29.9,0.1,30.3,29.2,545.0,10.8,11.5,131.0
2026-08-01 06:00:00+00:00,31.2,72,25.5,38.1,1001.3,977.6,16,6.6,107,21.2,0.0,27.1,26.0,480.0,6.0,10.1,154.0
2026-08-01 07:00:00+00:00,32.4,65,25.0,39.5,1000.2,976.6,12,6.5,109,20.5,0.0,25.3,24.0,435.0,4.2,9.4,165.0
2026-08-01 08:00:00+00:00,33.4,60,24.4,40.2,999.6,976.1,16,7.5,110,22.7,0.1,25.0,23.6,399.0,4.0,9.0,170.0
2026-08-01 09:00:00+00:00,33.7,59,24.5,40.5,998.7,975.2,9,5.6,112,22.3,0.1,25.8,24.4,392.0,4.6,9.0,173.0
2026-08-01 10:00:00+00:00,33.8,59,24.6,40.2,997.9,974.5,13,5.0,103,18.7,0.1,27.1,25.6,391.0,3.2,9.3,180.0
2026-08-01 11:00:00+00:00,33.6,60,24.8,39.4,997.4,974.0,10,5.1,113,17.6,0.1,28.2,26.7,419.0,2.7,9.9,184.0
2026-08-01 12:00:00+00:00,32.5,67,25.6,39.2,997.8,974.3,74,2.9,83,15.5,0.0,35.6,33.1,556.0,12.6,9.0,152.0
2026-08-01 13:00:00+00:00,32.1,70,25.9,38.9,997.7,974.1,80,3.1,87,9.7,0.1,41.7,39.5,938.0,29.6,9.7,120.0
2026-08-01 14:00:00+00:00,31.3,77,26.7,38.8,998.0,974.4,93,2.4,73,8.6,0.0,49.1,47.0,1430.0,53.0,10.8,76.0
2026-08-01 15:00:00+00:00,30.7,82,27.2,38.4,998.6,974.9,47,4.0,63,6.8,0.0,53.6,51.6,1706.0,69.4,11.5,42.0
2026-08-01 16:00:00+00:00,30.3,82,26.9,37.4,999.4,975.7,47,6.4,65,11.9,0.0,57.5,55.6,1568.0,72.9,11.7,28.0
2026-08-01 17:00:00+00:00,29.8,85,27.0,36.9,999.8,976.0,2,6.5,88,11.9,0.0,58.8,57.0,1213.0,69.5,11.7,23.0
2026-08-01 18:00:00+00:00,30.0,85,27.3,37.5,999.5,975.7,1,5.4,98,13.0,0.0,60.3,58.6,911.0,63.8,11.4,23.0
2026-08-01 19:00:00+00:00,29.5,86,27.0,36.6,999.6,975.8,2,6.5,92,12.2,0.0,57.9,56.1,761.0,56.0,10.7,26.0
2026-08-01 20:00:00+00:00,29.3,86,26.7,36.1,999.7,975.9,2,7.2,90,13.7,0.0,56.1,54.4,664.0,46.0,9.7,33.0
2026-08-01 21:00:00+00:00,29.2,85,26.4,35.6,999.9,976.1,2,8.5,91,16.2,0.0,55.6,53.8,583.0,38.0,9.0,38.0
2026-08-01 22:00:00+00:00,28.9,87,26.4,35.3,1000.0,976.1,12,8.4,99,17.6,0.0,56.1,54.5,498.0,34.2,8.8,37.0
2026-08-01 23:00:00+00:00,28.6,88,26.5,35.2,999.8,975.9,3,7.1,83,16.2,0.0,56.5,54.9,431.0,32.4,9.0,35.0
2026-08-02 00:00:00+00:00,29.0,85,26.2,35.6,1000.3,976.4,18,6.6,106,13.7,0.0,51.6,50.2,407.0,27.3,8.4,47.0
2026-08-02 01:00:00+00:00,28.3,86,25.7,34.5,1000.8,976.9,57,6.6,81,16.9,0.4,48.4,47.1,465.0,24.5,8.7,57.0
2026-08-02 02:00:00+00:00,27.7,90,26.0,34.5,1001.6,977.6,81,3.6,354,15.5,1.9,47.3,46.2,568.0,20.5,9.1,72.0
2026-08-02 03:00:00+00:00,28.5,89,26.6,36.0,1001.8,977.9,63,1.9,22,10.8,0.7,44.7,43.8,626.0,16.4,9.8,92.0
2026-08-02 04:00:00+00:00,30.1,82,26.6,37.5,1001.6,977.8,71,3.1,54,12.2,0.2,42.8,41.3,593.0,12.2,11.2,121.0
2026-08-02 05:00:00+00:00,31.6,72,26.0,38.0,1001.1,977.4,46,6.4,101,18.7,0.2,41.4,39.2,516.0,7.9,12.8,156.0
2026-08-02 06:00:00+00:00,31.9,71,26.0,39.4,1001.0,977.3,41,4.8,77,21.2,0.1,40.7,38.2,450.0,4.9,13.8,182.0
2026-08-02 07:00:00+00:00,33.2,63,25.2,40.4,1000.7,977.2,38,6.7,110,23.4,0.1,40.9,38.1,411.0,3.7,13.5,195.0
2026-08-02 08:00:00+00:00,33.8,62,25.5,41.7,1000.1,976.6,20,3.7,101,23.4,0.0,40.5,37.5,384.0,3.7,12.7,199.0
2026-08-02 09:00:00+00:00,34.3,59,25.2,41.7,999.3,975.9,33,5.4,116,19.1,0.1,39.5,36.2,376.0,4.4,12.0,201.0
2026-08-02 10:00:00+00:00,34.3,60,25.4,40.8,998.5,975.1,17,4.7,137,18.4,0.1,39.3,35.7,381.0,4.1,11.8,204.0
2026-08-02 11:00:00+00:00,34.3,60,25.5,40.8,997.9,974.5,25,3.9,103,16.2,0.0,39.0,35.3,405.0,4.4,11.9,204.0
2026-08-02 12:00:00+00:00,34.7,54,24.2,40.0,998.0,974.6,71,6.2,73,14.0,0.0,33.8,28.9,474.0,9.1,11.7,174.0
2026-08-02 13:00:00+00:00,34.0,60,25.2,40.0,998.3,974.9,48,5.1,54,15.1,0.0,40.0,36.0,633.0,22.7,12.3,143.0
2026-08-02 14:00:00+00:00,32.7,69,26.3,39.3,998.9,975.4,40,6.1,67,10.4,0.0,46.1,42.5,836.0,41.2,13.2,101.0
2026-08-02 15:00:00+00:00,32.1,72,26.4,38.7,999.6,976.0,29,6.9,84,12.6,0.0,49.8,46.9,977.0,53.3,13.6,69.0
2026-08-02 16:00:00+00:00,31.6,74,26.4,38.1,1000.5,976.8,3,8.0,74,15.1,0.0,50.8,48.3,1007.0,53.4,13.4,57.0
2026-08-02 17:00:00+00:00,30.6,79,26.6,37.0,1000.8,977.1,2,9.3,72,19.1,0.0,49.7,47.5,974.0,47.1,12.8,54.0
2026-08-02 18:00:00+00:00,30.7,78,26.4,37.3,1000.6,976.9,21,6.8,112,18.7,0.0,48.0,45.9,912.0,40.2,12.0,55.0
2026-08-02 19:00:00+00:00,30.0,78,25.7,36.0,1000.4,976.6,20,7.6,121,15.8,0.0,45.1,43.3,811.0,33.7,10.9,58.0
2026-08-02 20:00:00+00:00,29.5,80,25.7,35.7,999.9,976.1,3,6.9,84,14.0,0.0,42.0,40.5,681.0,26.6,9.5,63.0
2026-08-02 21:00:00+00:00,29.3,82,26.0,35.6,999.7,975.9,2,7.1,109,14.0,0.0,39.5,38.3,582.0,21.6,8.6,66.0
2026-08-02 22:00:00+00:00,29.0,85,26.2,35.4,999.8,976.0,0,7.8,132,15.5,0.0,37.6,36.8,529.0,20.3,8.3,62.0
2026-08-02 23:00:00+00:00,28.7,87,26.2,35.4,999.9,976.0,0,5.1,126,15.1,0.0,37.4,36.8,507.0,21.0,8.4,56.0
2026-08-03 00:00:00+00:00,29.3,88,27.2,37.1,999.5,975.7,36,2.9,180,9.4,0.0,25.4,25.1,529.0,15.1,6.4,75.0
2026-08-03 01:00:00+00:00,29.3,88,27.1,37.0,999.8,976.0,3,3.1,66,6.5,0.0,24.7,24.4,643.0,16.1,7.3,79.0
2026-08-03 02:00:00+00:00,29.7,83,26.5,36.0,1000.2,976.4,13,9.5,136,22.0,0.0,23.5,23.1,802.0,17.4,8.6,85.0
2026-08-03 03:00:00+00:00,30.6,75,25.6,36.8,1000.2,976.5,2,6.1,152,24.8,0.0,23.3,22.9,876.0,17.4,9.5,96.0
2026-08-03 04:00:00+00:00,32.6,67,25.6,38.7,1000.5,976.9,2,6.3,183,19.1,0.0,23.3,23.0,774.0,14.8,9.8,117.0
2026-08-03 05:00:00+00:00,33.9,62,25.7,40.7,1001.1,977.6,27,5.0,182,20.5,0.0,24.0,23.6,587.0,10.9,9.8,142.0
2026-08-03 06:00:00+00:00,35.6,51,23.9,41.9,1000.9,977.5,14,4.8,202,18.4,0.1,25.5,25.0,463.0,7.7,9.6,163.0
2026-08-03 07:00:00+00:00,37.0,46,23.4,43.5,1000.2,976.9,17,4.7,223,19.1,0.0,26.4,25.9,480.0,5.9,9.0,174.0
2026-08-03 08:00:00+00:00,36.7,47,23.7,43.1,1000.2,976.9,29,5.8,150,20.9,0.0,25.7,25.2,561.0,4.9,8.1,180.0
2026-08-03 09:00:00+00:00,36.6,49,24.0,42.8,1000.0,976.7,38,6.6,112,23.0,0.0,26.0,25.4,620.0,4.9,7.7,183.0
2026-08-03 10:00:00+00:00,34.7,56,24.6,40.0,999.6,976.2,88,8.3,358,25.6,0.1,26.6,26.0,577.0,4.8,7.9,186.0
2026-08-03 11:00:00+00:00,33.2,62,25.0,39.3,999.2,975.7,72,4.1,67,27.4,0.2,26.8,26.2,512.0,5.6,8.6,186.0
2026-08-03 12:00:00+00:00,29.7,75,24.8,35.8,1000.1,976.3,99,3.4,360,22.0,0.1,42.1,41.2,578.0,17.3,11.3,195.0
2026-08-03 13:00:00+00:00,29.4,78,25.2,35.7,1000.1,976.3,100,3.8,25,16.2,0.0,43.5,42.5,918.0,20.9,10.9,173.0
2026-08-03 14:00:00+00:00,28.8,82,25.3,35.0,1000.5,976.6,100,4.9,10,15.1,0.0,46.1,45.1,1389.0,25.9,10.4,141.0
2026-08-03 15:00:00+00:00,28.3,85,25.5,34.7,1001.0,977.1,100,4.2,20,14.0,0.3,43.5,42.7,1712.0,30.4,10.2,115.0
2026-08-03 16:00:00+00:00,28.1,86,25.6,34.8,1001.7,977.7,100,3.3,41,11.9,0.2,42.5,41.9,1758.0,34.5,10.9,99.0
2026-08-03 17:00:00+00:00,28.0,88,25.7,34.6,1001.7,977.7,98,4.0,82,11.2,0.1,44.8,44.4,1657.0,38.1,12.1,87.0
2026-08-03 18:00:00+00:00,28.2,89,26.3,35.2,1001.8,977.8,100,4.1,52,10.8,0.0,46.4,46.2,1522.0,39.1,12.5,79.0
2026-08-03 19:00:00+00:00,27.9,90,26.1,34.6,1001.4,977.4,100,5.5,63,13.0,0.0,44.4,44.2,1378.0,35.3,11.5,74.0
2026-08-03 20:00:00+00:00,27.8,90,26.0,34.4,1001.5,977.5,100,5.0,60,13.7,0.0,43.7,43.7,1200.0,28.9,9.9,71.0
2026-08-03 21:00:00+00:00,27.7,90,25.9,34.4,1001.7,977.7,99,3.7,76,11.5,0.0,43.8,43.7,1029.0,23.7,8.5,69.0
2026-08-03 22:00:00+00:00,27.5,91,25.9,34.6,1001.6,977.6,68,2.0,5,9.0,0.0,43.8,43.7,849.0,21.2,7.8,67.0
2026-08-03 23:00:00+00:00,27.2,93,26.0,34.2,1001.8,977.8,100,2.8,15,7.6,0.0,44.4,44.0,675.0,19.9,7.4,65.0
2026-08-04 00:00:00+00:00,27.8,95,26.8,35.4,1001.7,977.7,82,2.5,94,6.8,0.0,45.2,44.9,593.0,19.4,17.5,84.0
2026-08-04 01:00:00+00:00,27.7,95,26.8,35.3,1001.5,977.5,81,2.3,113,8.3,0.0,51.3,51.1,683.0,21.4,16.8,83.0
2026-08-04 02:00:00+00:00,28.3,90,26.5,35.6,1002.3,978.3,78,2.7,138,10.1,0.0,56.3,56.1,864.0,24.1,15.9,83.0
2026-08-04 03:00:00+00:00,29.5,83,26.3,36.8,1002.4,978.5,70,1.8,180,9.4,0.0,51.9,51.6,981.0,24.7,15.7,92.0
2026-08-04 04:00:00+00:00,30.4,79,26.3,37.2,1003.0,979.2,89,5.2,136,17.3,0.0,48.9,48.1,955.0,21.5,16.8,119.0
2026-08-04 05:00:00+00:00,31.2,74,26.0,38.0,1003.2,979.4,95,3.9,152,17.6,0.2,48.9,47.5,864.0,16.3,18.5,156.0
2026-08-04 06:00:00+00:00,32.4,66,25.3,39.6,1003.3,979.6,74,1.5,291,14.8,0.1,50.2,48.4,788.0,12.2,19.6,186.0
2026-08-04 07:00:00+00:00,33.1,65,25.7,41.1,1003.0,979.4,34,1.4,130,11.2,0.1,51.9,50.1,757.0,10.2,19.4,204.0
2026-08-04 08:00:00+00:00,33.8,61,25.4,41.7,1002.2,978.7,98,1.1,162,12.2,0.1,50.8,48.9,739.0,9.2,18.6,215.0
2026-08-04 09:00:00+00:00,33.8,61,25.2,40.5,1001.4,977.9,89,1.0,248,11.9,0.0,48.3,46.7,722.0,9.8,17.6,217.0
2026-08-04 10:00:00+00:00,34.1,61,25.5,41.0,1000.5,977.0,31,2.0,280,13.7,0.1,44.1,42.5,652.0,10.8,16.2,210.0
2026-08-04 11:00:00+00:00,34.0,62,25.8,40.7,999.4,975.9,44,3.1,267,15.1,0.1,40.6,39.0,583.0,13.2,14.5,195.0
2026-08-04 12:00:00+00:00,31.2,78,26.8,38.7,999.8,976.1,38,3.1,298,18.7,1.6,52.3,49.2,658.0,11.9,21.7,273.0
2026-08-04 13:00:00+00:00,31.4,74,26.3,38.5,999.7,976.0,41,3.8,275,14.4,0.2,53.4,49.8,1022.0,33.2,21.2,217.0
2026-08-04 14:00:00+00:00,31.2,74,26.1,38.1,1000.0,976.3,20,3.6,221,12.6,0.0,65.9,63.1,1529.0,62.3,20.5,140.0
2026-08-04 15:00:00+00:00,31.0,75,26.0,37.8,1000.6,976.9,9,4.0,185,11.2,0.0,74.3,71.9,1893.0,83.0,20.2,81.0
2026-08-04 16:00:00+00:00,30.8,77,26.2,37.6,1001.0,977.3,2,4.6,149,11.2,0.0,75.7,73.6,1987.0,87.3,20.6,58.0
2026-08-04 17:00:00+00:00,30.2,81,26.5,37.1,1001.2,977.4,2,5.9,117,13.7,0.0,81.3,79.2,1936.0,83.2,21.3,53.0
2026-08-04 18:00:00+00:00,31.4,76,26.7,38.2,1000.4,976.7,9,7.2,184,13.7,0.0,87.1,85.2,1830.0,77.9,21.6,50.0
2026-08-04 19:00:00+00:00,30.4,83,27.1,37.6,1000.0,976.3,29,6.0,213,15.5,0.2,89.4,87.5,1676.0,74.1,21.1,43.0
2026-08-04 20:00:00+00:00,28.0,92,26.6,34.7,1000.1,976.2,77,7.9,69,17.3,1.3,91.3,89.4,1466.0,69.2,20.2,39.0
2026-08-04 21:00:00+00:00,27.4,96,26.7,34.8,1000.0,976.0,18,2.9,79,15.5,0.5,90.3,88.5,1262.0,62.1,18.9,40.0
2026-08-04 22:00:00+00:00,26.7,96,26.0,32.8,999.9,975.9,16,8.6,120,23.0,0.4,82.9,80.8,1058.0,50.6,17.0,50.0
2026-08-04 23:00:00+00:00,26.5,97,25.9,32.6,1000.0,975.9,13,7.7,131,18.0,0.0,68.7,66.4,860.0,36.9,14.8,65.0
2026-08-05 00:00:00+00:00,28.6,86,26.0,34.9,999.2,975.3,1,6.7,186,15.5,0.0,53.8,52.5,749.0,25.9,15.4,76.0
2026-08-05 01:00:00+00:00,28.3,88,26.0,35.4,999.4,975.5,5,1.8,270,13.7,0.0,55.2,54.0,799.0,25.6,15.6,81.0
2026-08-05 02:00:00+00:00,29.0,84,26.1,36.0,999.6,975.8,1,3.3,84,10.1,0.0,51.0,49.8,937.0,25.1,15.9,89.0
2026-08-05 03:00:00+00:00,30.2,78,25.9,36.8,999.5,975.7,0,4.8,115,15.1,0.0,45.6,43.9,1016.0,23.2,15.9,103.0
2026-08-05 04:00:00+00:00,31.5,71,25.6,38.1,999.8,976.1,1,3.5,125,15.1,0.0,43.3,40.7,964.0,18.8,15.4,127.0
2026-08-05 05:00:00+00:00,32.7,64,25.1,39.2,999.4,975.8,16,4.8,169,17.3,0.2,49.0,43.7,855.0,13.2,14.5,157.0
2026-08-05 06:00:00+00:00,34.1,54,23.6,40.2,999.4,976.0,27,4.4,212,17.3,0.1,58.4,50.1,764.0,9.0,13.9,180.0
2026-08-05 07:00:00+00:00,34.6,53,23.6,41.1,998.5,975.1,23,4.1,218,16.9,0.1,58.1,49.1,716.0,7.5,13.6,192.0
2026-08-05 08:00:00+00:00,34.9,53,24.0,41.9,998.0,974.6,13,3.6,221,16.6,0.1,58.0,49.1,687.0,7.5,13.6,198.0
2026-08-05 09:00:00+00:00,35.2,53,24.1,41.9,997.4,974.1,15,3.7,215,16.2,0.0,58.8,49.0,678.0,8.3,13.7,200.0
2026-08-05 10:00:00+00:00,35.3,53,24.3,41.4,996.6,973.3,16,4.4,218,16.6,0.0,55.9,47.3,644.0,8.4,14.0,202.0
2026-08-05 11:00:00+00:00,35.0,54,24.4,40.7,996.0,972.7,13,4.3,225,17.3,0.0,54.1,46.4,630.0,9.2,14.4,201.0
2026-08-05 12:00:00+00:00,35.1,49,22.9,40.2,995.7,972.4,17,2.1,75,16.2,0.0,79.2,64.3,773.0,12.5,16.4,223.0
2026-08-05 13:00:00+00:00,34.5,52,23.3,39.8,996.2,972.9,8,2.2,85,8.6,0.0,79.9,68.5,1264.0,37.4,17.6,174.0
2026-08-05 14:00:00+00:00,33.0,63,25.0,39.0,996.8,973.3,9,4.8,124,9.7,0.0,89.2,77.3,1911.0,71.1,19.2,107.0
2026-08-05 15:00:00+00:00,32.0,69,25.7,38.3,997.3,973.7,10,6.0,129,11.5,0.0,95.0,84.3,2274.0,91.7,19.9,59.0
2026-08-05 16:00:00+00:00,31.2,73,25.7,37.0,998.1,974.5,2,9.1,122,18.0,0.0,93.6,83.6,2091.0,87.3,19.0,47.0
2026-08-05 17:00:00+00:00,30.5,76,25.7,36.5,998.3,974.6,2,8.0,134,18.7,0.0,87.1,78.0,1624.0,69.7,17.2,55.0
2026-08-05 18:00:00+00:00,31.3,79,27.2,38.4,997.8,974.2,8,7.4,137,15.8,0.0,72.4,65.9,1217.0,52.9,15.2,64.0
2026-08-05 19:00:00+00:00,30.6,82,27.1,37.7,997.5,973.8,24,7.6,112,16.6,0.0,62.4,59.4,992.0,40.8,13.2,71.0
2026-08-05 20:00:00+00:00,24.4,96,23.8,28.3,998.6,974.4,77,14.5,54,41.0,3.0,59.1,57.7,828.0,29.3,11.0,81.0
2026-08-05 21:00:00+00:00,24.9,97,24.4,30.1,997.9,973.8,61,7.6,75,28.8,0.5,59.8,56.5,701.0,20.6,9.3,89.0
2026-08-05 22:00:00+00:00,25.1,96,24.4,30.2,998.1,974.0,53,8.5,96,22.7,0.1,59.6,55.8,601.0,15.5,8.4,94.0
2026-08-05 23:00:00+00:00,24.5,98,24.2,29.0,998.4,974.2,70,11.6,162,20.5,0.9,61.0,55.2,538.0,13.2,8.0,97.0
2026-08-06 00:00:00+00:00,26.5,90,24.7,32.4,998.2,974.2,52,4.7,72,22.0,0.1,58.4,55.4,524.0,15.5,9.1,85.0
2026-08-06 01:00:00+00:00,26.9,88,24.8,32.5,998.9,974.9,27,6.1,76,14.4,0.0,58.2,54.7,599.0,17.4,9.7,87.0
2026-08-06 02:00:00+00:00,27.7,86,25.2,33.8,998.7,974.8,15,4.9,114,14.4,0.0,59.4,54.6,721.0,19.8,10.5,90.0
2026-08-06 03:00:00+00:00,29.3,80,25.4,35.3,998.7,974.9,2,6.7,106,18.4,0.0,63.3,53.8,781.0,20.2,11.4,101.0
2026-08-06 04:00:00+00:00,31.0,73,25.6,36.9,999.0,975.3,3,7.8,143,21.6,0.0,73.1,52.5,707.0,16.6,12.6,127.0
2026-08-06 05:00:00+00:00,32.2,70,26.0,38.5,999.0,975.4,7,10.0,147,27.7,0.0,87.1,51.9,570.0,11.1,13.9,160.0
2026-08-06 06:00:00+00:00,32.5,65,25.1,39.0,999.7,976.1,2,9.3,131,27.4,0.0,106.6,54.0,468.0,6.8,14.6,185.0
2026-08-06 07:00:00+00:00,33.5,60,24.7,40.6,999.6,976.1,3,7.3,150,24.8,0.0,124.8,58.0,442.0,5.1,14.3,194.0
2026-08-06 08:00:00+00:00,34.2,57,24.4,41.3,999.2,975.8,8,5.3,170,22.0,0.0,135.0,61.0,451.0,4.7,13.5,195.0
2026-08-06 09:00:00+00:00,34.6,57,24.7,41.7,998.6,975.2,7,4.7,182,19.1,0.0,143.4,62.4,477.0,5.3,12.9,193.0
2026-08-06 10:00:00+00:00,34.7,56,24.5,41.2,998.0,974.6,16,3.6,162,18.0,0.0,136.4,61.2,504.0,6.7,12.8,192.0
2026-08-06 11:00:00+00:00,34.4,57,24.6,40.0,997.3,973.9,8,5.9,140,17.3,0.0,125.3,58.1,547.0,9.1,12.9,188.0
2026-08-06 12:00:00+00:00,34.0,56,24.0,39.2,997.6,974.2,33,6.1,122,17.6,0.0,133.6,57.6,632.0,13.9,14.4,176.0
2026-08-06 13:00:00+00:00,33.0,61,24.5,38.2,998.1,974.6,20,8.0,110,18.7,0.0,129.9,67.1,805.0,24.4,13.9,149.0
2026-08-06 14:00:00+00:00,31.9,68,25.3,37.5,998.7,975.1,91,9.0,105,16.6,0.0,114.6,68.5,1018.0,38.5,13.3,113.0
2026-08-06 15:00:00+00:00,31.0,72,25.3,36.3,999.6,975.9,72,10.7,104,21.2,0.0,84.3,53.9,1159.0,47.2,12.7,84.0
2026-08-06 16:00:00+00:00,30.3,75,25.3,35.5,1000.1,976.3,13,11.5,104,23.0,0.0,63.1,47.4,1168.0,45.1,12.2,72.0
2026-08-06 17:00:00+00:00,29.6,78,25.4,34.8,1000.5,976.7,3,12.1,105,25.2,0.0,54.2,45.5,1104.0,37.5,11.7,69.0
2026-08-06 18:00:00+00:00,29.5,82,26.2,35.5,1000.6,976.8,1,10.4,126,25.6,0.0,51.1,46.1,1027.0,31.2,11.6,66.0
2026-08-06 19:00:00+00:00,28.8,86,26.3,34.9,999.8,975.9,0,9.8,125,22.0,0.0,51.1,47.7,952.0,28.8,12.0,60.0
2026-08-06 20:00:00+00:00,28.4,89,26.4,34.6,999.9,976.0,1,9.8,120,20.5,0.0,52.7,49.6,863.0,27.7,12.8,55.0
2026-08-06 21:00:00+00:00,28.1,91,26.4,34.6,1000.4,976.5,2,7.7,114,21.6,0.0,54.4,51.0,774.0,26.9,13.4,50.0
2026-08-06 22:00:00+00:00,27.6,93,26.4,34.1,1000.6,976.6,5,7.3,115,17.6,0.0,55.2,51.7,670.0,26.1,13.7,46.0
2026-08-06 23:00:00+00:00,26.9,94,25.8,32.9,1001.1,977.1,70,8.8,2,19.4,0.0,56.5,51.6,564.0,25.6,13.9,43.0
2026-08-07 00:00:00+00:00,23.9,96,23.2,28.0,1001.8,977.5,98,10.1,358,27.0,0.3,53.7,43.5,512.0,19.6,12.3,66.0
2026-08-07 01:00:00+00:00,24.6,95,23.7,29.3,1000.8,976.6,23,7.5,44,22.3,0.6,44.8,36.3,561.0,19.0,11.4,69.0
2026-08-07 02:00:00+00:00,25.6,90,23.9,31.0,1000.8,976.7,5,3.6,87,17.3,0.0,34.2,26.3,663.0,18.0,10.2,74.0
2026-08-07 03:00:00+00:00,27.3,83,24.1,32.2,1001.0,977.0,14,7.8,77,21.6,0.0,23.3,18.6,725.0,16.4,9.5,87.0
2026-08-07 04:00:00+00:00,29.2,74,24.0,34.1,1001.5,977.6,17,7.9,74,22.0,0.0,23.2,18.4,700.0,13.6,10.0,115.0
2026-08-07 05:00:00+00:00,30.7,68,24.1,35.7,1001.5,977.7,81,9.3,82,27.0,0.0,25.8,20.7,636.0,10.2,11.2,151.0
2026-08-07 06:00:00+00:00,31.5,65,24.1,36.8,1001.7,978.0,20,5.5,81,25.9,0.0,28.9,22.6,585.0,7.6,11.9,181.0
2026-08-07 07:00:00+00:00,32.9,59,23.9,39.8,1001.2,977.6,28,4.5,83,18.7,0.0,31.4,24.0,566.0,6.1,11.8,198.0
2026-08-07 08:00:00+00:00,33.2,58,23.7,39.3,1000.7,977.2,27,3.7,67,17.6,0.0,35.5,25.1,561.0,5.4,11.3,209.0
2026-08-07 09:00:00+00:00,34.0,55,23.8,40.7,1000.0,976.5,4,2.8,45,16.6,0.0,39.9,26.9,563.0,5.6,11.0,214.0
2026-08-07 10:00:00+00:00,34.5,52,23.2,40.4,999.3,975.9,29,2.1,52,16.2,0.0,41.2,27.7,532.0,3.4,10.6,218.0
2026-08-07 11:00:00+00:00,34.5,51,22.9,39.6,998.6,975.2,60,1.7,32,14.0,0.0,41.4,28.5,508.0,2.3,10.4,216.0
2026-08-07 12:00:00+00:00,34.0,48,21.4,37.8,998.6,975.2,43,5.0,131,12.2,0.0,40.6,28.0,611.0,12.1,10.2,186.0
2026-08-07 13:00:00+00:00,32.9,52,21.8,36.9,998.8,975.3,5,5.3,123,15.5,0.0,47.0,38.0,971.0,38.6,12.1,143.0
2026-08-07 14:00:00+00:00,31.6,59,22.7,36.3,999.5,975.9,14,3.6,147,15.5,0.0,57.9,50.8,1457.0,74.7,14.6,82.0
2026-08-07 15:00:00+00:00,31.0,65,23.7,36.6,1000.0,976.3,7,1.9,236,10.1,0.0,68.9,63.6,1792.0,99.1,16.3,37.0
2026-08-07 16:00:00+00:00,30.5,70,24.4,36.6,1000.7,976.9,10,1.3,74,6.5,0.0,72.6,68.9,1858.0,101.0,16.3,20.0
2026-08-07 17:00:00+00:00,30.1,70,23.9,35.4,1001.2,977.4,5,4.4,102,9.4,0.0,69.6,67.8,1773.0,91.1,15.3,19.0
2026-08-07 18:00:00+00:00,31.0,67,24.2,36.8,1000.7,977.0,3,2.5,111,11.2,0.0,66.8,66.1,1618.0,80.6,14.4,19.0
2026-08-07 19:00:00+00:00,30.0,74,24.8,36.1,1000.9,977.1,2,3.1,66,6.1,0.0,64.7,64.5,1377.0,72.4,13.7,19.0
2026-08-07 20:00:00+00:00,29.4,78,25.1,35.6,1001.0,977.2,2,4.3,95,8.3,0.0,65.0,64.7,1067.0,63.6,13.1,21.0
2026-08-07 21:00:00+00:00,29.0,79,25.0,35.2,1000.8,976.9,2,3.7,125,9.0,0.0,67.5,66.6,814.0,56.2,12.7,23.0
2026-08-07 22:00:00+00:00,28.7,82,25.3,35.2,1000.8,976.9,1,2.2,125,7.9,0.0,69.8,67.5,660.0,51.5,12.8,22.0
2026-08-07 23:00:00+00:00,28.4,83,25.1,34.9,1000.7,976.8,2,1.6,84,5.0,0.0,72.4,68.2,564.0,48.3,13.1,20.0
2026-08-08 00:00:00+00:00,28.9,80,25.0,34.7,1000.5,976.6,3,6.2,83,8.6,0.0,56.7,56.0,530.0,36.9,12.3,35.0
2026-08-08 01:00:00+00:00,28.4,82,25.0,33.9,1001.1,977.2,5,8.1,118,14.4,0.0,59.8,58.9,605.0,32.3,11.9,49.0
2026-08-08 02:00:00+00:00,27.6,85,24.8,33.2,1002.0,978.0,87,6.1,12,20.5,0.4,51.3,50.1,743.0,25.8,11.2,68.0
2026-08-08 03:00:00+00:00,25.1,96,24.4,30.2,1003.0,978.8,83,8.8,46,31.7,4.8,39.2,38.0,804.0,19.9,10.4,88.0
2026-08-08 04:00:00+00:00,27.5,88,25.4,33.7,1002.8,978.8,41,4.9,88,20.5,0.7,32.9,32.0,702.0,15.0,9.3,109.0
2026-08-08 05:00:00+00:00,30.3,76,25.7,36.5,1002.9,979.1,13,7.4,122,22.0,0.1,30.6,29.8,524.0,10.7,8.0,130.0
2026-08-08 06:00:00+00:00,30.9,68,24.3,36.5,1003.7,979.9,59,10.9,117,24.8,0.0,28.1,27.5,393.0,8.1,7.0,142.0
2026-08-08 07:00:00+00:00,30.7,67,24.0,35.6,1003.4,979.6,85,9.4,125,28.1,0.1,25.4,24.9,363.0,7.8,6.5,138.0
2026-08-08 08:00:00+00:00,30.4,68,23.9,34.8,1002.9,979.1,100,10.6,114,28.4,0.0,22.9,22.5,380.0,9.1,6.3,124.0
2026-08-08 09:00:00+00:00,29.3,70,23.2,33.6,1002.5,978.6,100,9.0,106,28.4,0.0,21.8,21.2,412.0,11.3,6.1,110.0
2026-08-08 10:00:00+00:00,29.0,70,23.1,33.2,1002.1,978.2,100,9.2,113,23.8,0.0,20.2,19.9,440.0,13.6,5.8,98.0
2026-08-08 11:00:00+00:00,27.7,78,23.6,32.6,1001.5,977.5,100,6.3,87,23.4,0.5,19.4,19.2,481.0,16.8,5.6,85.0
2026-08-08 12:00:00+00:00,30.7,63,22.7,35.4,1001.6,977.8,99,3.8,93,16.9,0.1,41.4,41.4,557.0,19.3,6.3,81.0
2026-08-08 13:00:00+00:00,29.9,67,23.1,34.5,1001.3,977.5,95,6.4,63,15.8,0.0,41.9,41.8,700.0,26.7,6.7,68.0
2026-08-08 14:00:00+00:00,29.2,73,23.8,34.1,1001.7,977.8,98,6.7,66,16.2,0.0,43.9,43.9,877.0,37.0,7.2,49.0
2026-08-08 15:00:00+00:00,28.6,78,24.5,34.0,1002.1,978.2,78,6.8,55,14.4,0.0,45.2,45.1,1008.0,44.9,7.8,34.0
2026-08-08 16:00:00+00:00,28.1,83,24.9,33.7,1002.9,978.9,95,7.0,78,14.4,0.0,46.6,46.3,1058.0,48.1,8.4,26.0
2026-08-08 17:00:00+00:00,27.9,85,25.1,33.9,1003.5,979.5,98,5.2,90,14.4,0.0,49.9,49.8,1062.0,49.0,9.0,21.0
2026-08-08 18:00:00+00:00,28.5,83,25.3,34.6,1003.1,979.1,77,5.3,123,10.4,0.0,53.3,53.2,1047.0,49.4,9.4,18.0
2026-08-08 19:00:00+00:00,28.0,86,25.4,34.3,1003.2,979.2,100,4.3,92,11.2,0.0,54.8,54.7,1019.0,50.2,9.6,14.0
2026-08-08 20:00:00+00:00,28.1,85,25.3,34.5,1002.9,978.9,100,3.7,119,9.4,0.0,55.9,55.8,972.0,50.5,9.6,11.0
2026-08-08 21:00:00+00:00,28.1,86,25.4,34.8,1003.0,979.0,100,1.8,114,7.9,0.0,57.6,57.5,914.0,49.0,9.4,12.0
2026-08-08 22:00:00+00:00,28.0,86,25.4,34.8,1002.9,978.9,98,0.5,360,4.7,0.0,58.6,58.4,836.0,44.6,8.9,19.0
2026-08-08 23:00:00+00:00,27.7,87,25.3,34.2,1002.9,978.9,33,3.1,40,7.2,0.0,54.7,54.4,746.0,38.5,8.1,29.0
2026-08-09 00:00:00+00:00,28.0,87,25.7,34.7,1002.8,978.8,89,3.2,333,7.6,0.0,49.9,49.8,677.0,36.7,10.3,27.0
2026-08-09 01:00:00+00:00,27.8,89,25.8,34.5,1003.0,979.0,70,3.5,348,7.9,0.0,56.2,56.0,647.0,34.0,11.3,38.0
2026-08-09 02:00:00+00:00,28.5,84,25.4,35.0,1003.4,979.4,89,3.1,3,9.7,0.0,51.5,51.1,639.0,30.0,12.6,54.0
2026-08-09 03:00:00+00:00,29.6,74,24.4,35.4,1003.8,979.9,95,3.5,55,11.5,0.0,45.8,45.3,629.0,25.2,13.6,76.0
2026-08-09 04:00:00+00:00,30.4,70,24.2,36.2,1004.2,980.4,87,2.4,132,11.9,0.0,39.3,38.6,613.0,19.0,13.8,109.0
2026-08-09 05:00:00+00:00,30.9,70,24.7,37.0,1003.9,980.1,64,2.7,127,13.7,0.4,36.2,35.7,597.0,12.0,13.7,147.0
2026-08-09 06:00:00+00:00,30.2,68,23.6,36.3,1004.2,980.3,100,1.9,248,15.1,0.2,34.6,33.9,574.0,6.8,13.6,179.0
2026-08-09 07:00:00+00:00,29.2,75,24.4,34.5,1003.9,980.0,98,6.3,283,17.6,0.7,33.9,32.8,534.0,4.6,13.8,200.0
2026-08-09 08:00:00+00:00,29.5,75,24.6,35.0,1003.4,979.5,100,6.1,320,18.7,0.0,34.0,32.7,487.0,4.1,14.1,215.0
2026-08-09 09:00:00+00:00,29.7,75,24.8,35.5,1002.7,978.8,99,5.3,322,18.4,0.1,35.6,34.3,460.0,4.5,14.5,223.0
2026-08-09 10:00:00+00:00,31.0,70,25.0,36.9,1001.8,978.1,79,5.4,330,18.4,0.1,36.1,34.7,453.0,2.9,14.6,227.0
2026-08-09 11:00:00+00:00,31.6,68,25.0,37.7,1001.0,977.3,11,4.0,350,18.0,0.0,35.3,33.9,466.0,2.1,14.8,225.0
2026-08-09 12:00:00+00:00,31.7,67,24.8,37.5,1000.6,976.9,65,4.6,329,14.8,0.0,29.6,28.7,523.0,9.7,12.9,191.0
2026-08-09 13:00:00+00:00,31.2,69,24.8,37.4,1000.2,976.5,36,3.0,322,13.7,0.0,32.2,31.4,633.0,37.4,15.7,152.0
2026-08-09 14:00:00+00:00,30.6,74,25.4,37.1,1000.4,976.7,32,2.9,300,9.4,0.0,51.3,50.6,788.0,75.9,19.7,99.0
2026-08-09 15:00:00+00:00,30.2,77,25.7,37.2,1001.0,977.2,27,1.7,311,7.2,0.0,69.8,69.2,983.0,106.4,23.7,56.0
2026-08-09 16:00:00+00:00,29.9,79,26.0,37.0,1001.7,977.9,23,1.7,18,4.7,0.0,91.0,90.3,1282.0,121.9,28.2,35.0
2026-08-09 17:00:00+00:00,29.7,81,26.1,36.8,1002.1,978.2,19,1.9,49,5.0,0.0,111.1,110.4,1621.0,129.4,32.6,25.0
2026-08-09 18:00:00+00:00,29.9,77,25.5,36.6,1001.7,977.9,40,2.7,58,4.3,0.0,126.7,125.7,1809.0,131.1,34.7,19.0
2026-08-09 19:00:00+00:00,29.2,82,25.9,35.8,1001.7,977.8,15,4.4,83,7.6,0.0,131.8,131.3,1724.0,125.9,32.4,16.0
2026-08-09 20:00:00+00:00,28.9,84,26.0,35.6,1001.5,977.6,88,4.3,105,7.9,0.0,122.0,121.5,1487.0,114.8,27.8,16.0
2026-08-09 21:00:00+00:00,28.7,85,26.0,35.5,1001.3,977.4,71,3.9,112,7.2,0.0,111.1,110.6,1276.0,103.6,24.1,18.0
2026-08-09 22:00:00+00:00,28.4,86,25.8,35.0,1001.0,977.1,37,4.3,107,7.6,0.0,105.9,105.5,1148.0,94.1,22.9,18.0
2026-08-09 23:00:00+00:00,28.1,88,25.9,34.8,1001.1,977.1,52,4.0,111,7.6,0.0,107.3,106.6,1044.0,84.3,22.7,19.0
2026-08-10 00:00:00+00:00,28.9,88,26.7,36.4,1000.8,976.9,73,2.1,128,6.8,0.0,130.9,129.9,972.0,116.1,35.1,19.0
2026-08-10 01:00:00+00:00,28.5,90,26.7,36.0,1001.3,977.4,42,2.5,150,5.4,0.0,134.1,133.6,952.0,91.4,34.1,54.0
2026-08-10 02:00:00+00:00,29.2,86,26.6,36.8,1001.2,977.3,83,0.6,56,5.4,0.0,102.4,102.0,962.0,57.1,32.6,103.0
2026-08-10 03:00:00+00:00,30.2,79,26.3,37.5,1001.4,977.6,84,1.6,90,8.3,0.1,57.5,56.9,943.0,29.9,30.4,147.0
2026-08-10 04:00:00+00:00,31.3,72,25.7,38.0,1001.3,977.6,40,2.9,83,11.9,0.1,47.4,46.7,853.0,17.0,26.8,180.0
2026-08-10 05:00:00+00:00,32.6,66,25.4,39.2,1001.2,977.6,23,3.6,81,14.4,0.0,46.9,46.1,733.0,11.3,22.4,208.0
2026-08-10 06:00:00+00:00,33.6,61,25.0,40.9,1001.2,977.7,19,3.7,101,16.6,0.0,47.4,46.4,647.0,7.8,19.2,233.0
2026-08-10 07:00:00+00:00,34.5,58,25.1,42.3,1001.1,977.6,20,3.3,112,15.5,0.0,47.6,46.7,621.0,5.3,18.0,256.0
2026-08-10 08:00:00+00:00,35.1,56,25.0,42.9,1000.2,976.8,12,2.6,129,15.1,0.0,47.7,46.8,629.0,5.1,17.9,276.0
2026-08-10 09:00:00+00:00,35.3,56,25.1,42.9,999.2,975.8,35,2.7,148,13.7,0.1,48.8,47.8,656.0,5.9,18.0,287.0
2026-08-10 10:00:00+00:00,35.2,56,25.2,42.2,998.7,975.4,47,2.5,159,13.7,0.1,49.7,48.7,672.0,3.8,17.9,293.0
2026-08-10 11:00:00+00:00,35.1,55,24.9,41.4,998.0,974.7,95,2.5,172,13.0,0.1,49.4,48.3,706.0,2.8,18.1,291.0
2026-08-10 12:00:00+00:00,34.8,53,23.7,40.1,998.4,975.0,68,3.3,234,11.9,0.1,64.3,61.7,833.0,15.4,17.0,233.0
2026-08-10 13:00:00+00:00,34.6,54,23.9,40.3,998.2,974.8,98,2.2,215,11.2,0.0,70.3,68.7,1169.0,27.8,17.3,192.0
2026-08-10 14:00:00+00:00,33.3,61,24.8,39.3,998.6,975.1,94,4.0,170,8.3,0.0,76.1,74.7,1597.0,44.7,17.6,136.0
2026-08-10 15:00:00+00:00,32.5,66,25.4,38.5,999.6,976.0,73,6.2,136,12.2,0.0,72.6,71.7,1841.0,55.2,17.8,94.0
2026-08-10 16:00:00+00:00,31.9,69,25.6,38.0,1000.2,976.6,93,7.1,135,15.1,0.0,67.1,66.1,1742.0,53.5,17.6,78.0
2026-08-10 17:00:00+00:00,31.2,74,26.0,37.7,1000.6,976.9,94,6.5,141,15.1,0.0,62.6,62.2,1458.0,45.4,17.2,76.0
2026-08-10 18:00:00+00:00,31.2,77,26.6,37.8,999.9,976.2,86,8.0,162,13.3,0.0,60.8,60.3,1189.0,37.5,16.7,77.0
2026-08-10 19:00:00+00:00,30.3,81,26.7,37.0,999.9,976.2,94,8.4,140,17.6,0.0,57.5,57.3,996.0,31.3,16.2,79.0
2026-08-10 20:00:00+00:00,29.7,85,26.9,36.7,999.7,975.9,99,7.0,132,18.7,0.0,56.5,56.3,819.0,25.3,15.6,83.0
2026-08-10 21:00:00+00:00,29.3,88,27.1,36.3,999.7,975.9,96,8.4,143,17.3,0.0,57.0,56.7,673.0,21.0,15.2,85.0
2026-08-10 22:00:00+00:00,29.0,90,27.2,36.1,999.8,976.0,98,7.7,127,19.1,0.0,58.7,57.9,547.0,19.6,14.9,80.0
2026-08-10 23:00:00+00:00,28.8,91,27.2,36.0,999.8,975.9,100,7.1,137,17.6,0.0,61.9,60.3,453.0,19.9,14.8,71.0
2026-08-11 00:00:00+00:00,28.1,89,26.0,34.1,1000.2,976.3,90,9.6,120,18.4,0.0,60.1,57.5,440.0,18.3,18.0,76.0
2026-08-11 01:00:00+00:00,27.8,89,25.8,33.5,1000.9,976.9,95,10.3,128,23.0,0.1,60.8,58.4,582.0,19.9,17.9,74.0
2026-08-11 02:00:00+00:00,28.3,87,26.0,34.5,1000.9,977.0,95,7.7,120,23.0,0.0,58.6,55.2,805.0,21.9,17.7,73.0
2026-08-11 03:00:00+00:00,29.2,83,26.1,35.5,1001.3,977.4,95,8.0,134,20.9,0.0,56.1,52.0,939.0,22.0,17.4,85.0
2026-08-11 04:00:00+00:00,30.7,78,26.4,37.2,1001.7,977.9,27,7.9,133,22.3,0.0,49.8,45.3,890.0,18.1,17.2,122.0
2026-08-11 05:00:00+00:00,32.6,70,26.4,39.5,1001.6,978.0,29,7.0,140,22.3,0.0,47.5,43.0,752.0,12.3,16.9,171.0
2026-08-11 06:00:00+00:00,33.8,64,26.0,41.5,1001.8,978.3,68,4.8,149,21.6,0.1,46.8,42.6,641.0,8.0,16.2,207.0
2026-08-11 07:00:00+00:00,33.4,64,25.7,40.3,1001.4,977.9,31,7.4,157,23.4,0.1,44.5,41.0,597.0,6.6,14.6,217.0
2026-08-11 08:00:00+00:00,34.0,61,25.6,40.6,1000.6,977.1,23,4.9,96,23.4,0.1,42.4,39.1,580.0,6.7,12.6,215.0
2026-08-11 09:00:00+00:00,34.8,57,25.2,41.5,1000.0,976.6,43,6.6,103,20.9,0.1,40.5,37.7,583.0,7.5,11.2,209.0
2026-08-11 10:00:00+00:00,34.2,58,24.7,39.6,999.5,976.1,71,9.1,124,25.9,0.6,36.4,34.2,612.0,7.8,10.8,207.0
2026-08-11 11:00:00+00:00,33.8,63,25.7,40.0,998.5,975.1,52,7.1,111,25.6,0.0,34.6,32.8,661.0,8.7,11.0,202.0
2026-08-11 12:00:00+00:00,33.0,65,25.5,39.0,999.0,975.5,93,7.1,137,22.0,0.1,61.5,57.7,704.0,18.7,10.8,176.0
2026-08-11 13:00:00+00:00,31.2,74,25.9,37.1,999.4,975.7,97,9.7,72,23.0,0.1,62.6,60.1,730.0,24.7,11.2,152.0
2026-08-11 14:00:00+00:00,30.0,81,26.4,36.2,999.7,975.9,98,9.7,90,25.6,0.1,62.4,60.5,750.0,32.9,11.8,119.0
2026-08-11 15:00:00+00:00,29.7,83,26.5,36.0,1000.8,977.0,99,9.4,113,22.3,0.0,60.5,59.1,773.0,38.1,12.4,94.0
2026-08-11 16:00:00+00:00,29.5,85,26.7,36.1,1001.7,977.8,98,8.6,120,20.2,0.0,58.4,57.5,813.0,37.4,13.0,84.0
2026-08-11 17:00:00+00:00,29.2,87,26.8,36.1,1001.9,978.0,100,7.2,117,18.4,0.0,57.6,56.9,857.0,33.7,13.6,81.0
2026-08-11 18:00:00+00:00,29.6,86,27.1,36.5,1001.6,977.8,21,7.9,120,15.8,0.0,57.3,56.7,870.0,30.2,14.1,79.0
2026-08-11 19:00:00+00:00,28.8,91,27.2,35.8,1001.8,977.9,19,8.3,108,17.6,0.0,56.9,56.6,826.0,27.7,14.3,75.0
2026-08-11 20:00:00+00:00,28.6,92,27.1,35.6,1001.9,978.0,20,8.0,108,18.4,0.0,57.6,57.4,751.0,25.5,14.4,71.0
2026-08-11 21:00:00+00:00,28.3,93,27.0,35.4,1001.9,977.9,6,6.9,95,16.6,0.0,58.8,58.7,694.0,24.1,14.5,66.0
2026-08-11 22:00:00+00:00,28.1,93,26.9,34.9,1002.1,978.1,13,7.7,99,16.2,0.0,60.5,60.3,668.0,24.1,14.7,58.0
2026-08-11 23:00:00+00:00,27.8,94,26.7,34.5,1002.4,978.4,17,7.6,105,17.6,0.0,62.6,62.4,658.0,24.9,15.0,50.0
2026-08-12 00:00:00+00:00,28.3,92,26.9,35.4,1002.5,978.5,87,5.7,108,16.6,0.0,61.9,61.9,673.0,21.7,14.8,62.0
2026-08-12 01:00:00+00:00,28.1,93,26.8,35.3,1003.1,979.1,32,5.6,92,13.3,0.0,65.7,65.4,740.0,22.4,16.1,68.0
2026-08-12 02:00:00+00:00,28.8,89,26.9,36.0,1003.4,979.4,2,5.3,82,14.4,0.0,65.4,65.2,832.0,23.1,17.8,79.0
2026-08-12 03:00:00+00:00,30.0,83,26.8,37.1,1003.5,979.6,15,5.1,84,15.8,0.0,57.9,57.5,867.0,22.1,18.6,96.0
2026-08-12 04:00:00+00:00,31.4,74,26.2,38.2,1003.5,979.8,26,4.6,69,16.2,0.0,53.0,52.3,791.0,17.9,17.8,127.0
2026-08-12 05:00:00+00:00,32.7,66,25.5,39.2,1003.2,979.6,23,5.0,75,19.4,0.0,51.2,50.3,658.0,12.0,16.2,166.0
2026-08-12 06:00:00+00:00,33.9,63,25.7,41.3,1003.1,979.5,45,4.1,23,18.7,0.0,51.3,50.4,556.0,7.5,14.6,196.0
2026-08-12 07:00:00+00:00,34.8,57,25.2,42.3,1002.1,978.6,81,4.6,13,19.8,0.0,48.4,47.4,518.0,5.6,13.3,210.0
2026-08-12 08:00:00+00:00,35.6,53,24.5,42.9,1001.0,977.6,91,4.0,10,18.4,0.1,48.3,46.9,510.0,5.2,12.0,215.0
2026-08-12 09:00:00+00:00,35.9,51,24.1,42.1,1000.3,977.0,96,4.6,349,18.0,0.2,50.4,48.1,515.0,6.0,11.5,218.0
2026-08-12 10:00:00+00:00,36.0,51,24.2,41.7,999.8,976.5,94,4.0,324,17.6,0.1,52.2,48.9,499.0,4.2,11.9,225.0
2026-08-12 11:00:00+00:00,36.0,51,24.3,41.6,999.2,975.9,59,4.1,319,15.8,0.0,53.3,49.5,496.0,3.6,13.0,229.0
2026-08-12 12:00:00+00:00,35.9,50,24.0,41.4,999.2,975.9,32,3.4,317,15.5,0.0,61.9,57.2,589.0,14.7,15.7,206.0
2026-08-12 13:00:00+00:00,35.2,53,24.3,40.9,999.4,976.0,9,4.2,320,13.3,0.0,68.5,64.0,800.0,46.4,18.3,159.0
2026-08-12 14:00:00+00:00,34.2,60,25.3,40.7,1000.1,976.6,13,2.7,20,12.6,0.0,87.5,83.4,1108.0,90.3,22.1,94.0
2026-08-12 15:00:00+00:00,33.4,64,25.7,40.0,1001.1,977.6,22,4.2,83,9.7,0.0,105.2,101.0,1526.0,123.9,25.6,44.0
2026-08-12 16:00:00+00:00,32.9,68,26.1,39.8,1002.3,978.7,23,3.8,115,9.7,0.0,125.7,121.1,2250.0,137.8,28.8,22.0
2026-08-12 17:00:00+00:00,32.4,69,26.1,39.1,1002.8,979.1,9,5.5,117,11.5,0.0,143.0,138.8,3084.0,141.4,31.7,14.0
2026-08-12 18:00:00+00:00,32.7,69,26.3,39.4,1002.8,979.2,34,5.8,126,13.3,0.0,146.7,142.5,3461.0,140.4,33.3,12.0
2026-08-12 19:00:00+00:00,31.9,72,26.2,38.5,1003.1,979.4,41,6.2,131,13.0,0.0,148.5,144.4,2976.0,134.1,32.5,14.0
2026-08-12 20:00:00+00:00,31.4,75,26.4,38.1,1002.8,979.1,32,6.3,127,13.3,0.0,135.0,130.9,2034.0,123.2,30.4,22.0
2026-08-12 21:00:00+00:00,31.0,76,26.3,37.8,1002.5,978.7,7,5.9,135,13.3,0.0,136.0,132.2,1274.0,114.9,28.5,26.0
2026-08-12 22:00:00+00:00,30.6,78,26.3,37.3,1002.5,978.7,8,6.1,120,13.3,0.0,135.0,131.3,942.0,115.0,27.4,17.0
2026-08-12 23:00:00+00:00,30.3,80,26.4,37.4,1002.0,978.2,2,4.1,75,12.2,0.0,140.2,136.9,792.0,117.8,26.6,5.0
2026-08-13 00:00:00+00:00,30.3,83,27.1,38.0,1002.3,978.5,19,2.9,266,8.3,0.0,128.1,125.7,733.0,87.3,18.6,11.0
2026-08-13 01:00:00+00:00,30.0,85,27.2,37.8,1002.5,978.7,24,2.7,323,7.2,0.0,136.0,133.6,785.0,73.8,20.1,43.0
2026-08-13 02:00:00+00:00,31.1,79,26.9,39.0,1002.3,978.6,8,0.4,180,7.2,0.0,120.6,118.3,928.0,54.8,22.1,88.0
2026-08-13 03:00:00+00:00,32.5,70,26.3,40.0,1002.1,978.5,5,0.4,333,7.2,0.0,81.3,78.2,1004.0,38.0,23.5,133.0
2026-08-13 04:00:00+00:00,33.5,64,25.6,40.4,1002.0,978.4,19,1.3,326,10.8,0.2,74.7,71.5,932.0,25.5,23.9,179.0
2026-08-13 05:00:00+00:00,34.6,58,25.1,41.2,1001.9,978.4,14,1.1,288,11.2,0.1,69.2,65.9,792.0,15.2,23.6,225.0
2026-08-13 06:00:00+00:00,35.3,57,25.5,42.8,1002.2,978.8,45,2.9,270,14.0,0.1,66.1,62.9,674.0,8.1,23.0,258.0
2026-08-13 07:00:00+00:00,35.1,58,25.7,43.4,1001.8,978.4,61,1.5,330,14.8,0.4,64.3,61.0,602.0,5.2,21.8,270.0
2026-08-13 08:00:00+00:00,35.4,57,25.7,43.2,1001.2,977.8,70,1.1,261,14.4,0.3,63.6,60.1,551.0,5.5,20.3,269.0
2026-08-13 09:00:00+00:00,35.8,57,25.9,42.4,1000.4,977.1,50,4.4,261,17.6,0.0,62.2,58.7,531.0,6.9,19.2,264.0
2026-08-13 10:00:00+00:00,36.3,55,25.8,42.8,999.4,976.1,69,4.5,265,18.7,0.0,60.3,56.8,494.0,5.2,18.6,263.0
2026-08-13 11:00:00+00:00,35.9,56,25.9,42.7,999.0,975.7,54,3.6,261,17.3,0.1,59.5,56.1,488.0,4.6,18.3,259.0
2026-08-13 12:00:00+00:00,35.3,55,24.8,41.6,999.0,975.7,48,2.2,284,15.5,0.1,63.6,60.5,665.0,15.9,18.3,235.0
2026-08-13 13:00:00+00:00,34.8,58,25.3,41.4,999.2,975.8,26,2.1,322,9.0,0.1,69.8,67.5,1261.0,47.4,20.4,182.0
2026-08-13 14:00:00+00:00,34.1,62,25.8,40.8,999.1,975.7,16,3.1,167,7.9,0.0,87.3,85.2,2039.0,90.1,23.2,108.0
2026-08-13 15:00:00+00:00,33.2,69,26.7,40.5,999.9,976.4,1,4.2,173,8.6,0.0,96.9,95.2,2443.0,117.3,25.0,54.0
2026-08-13 16:00:00+00:00,32.5,74,27.3,40.0,1000.7,977.1,1,5.1,174,10.8,0.0,95.9,94.8,2115.0,113.9,24.8,40.0
2026-08-13 17:00:00+00:00,32.1,76,27.3,39.6,1000.8,977.2,1,5.5,171,11.9,0.0,88.0,87.1,1413.0,94.9,23.4,45.0
2026-08-13 18:00:00+00:00,31.9,78,27.6,39.4,1000.4,976.8,0,6.3,183,11.9,0.0,81.3,80.6,854.0,78.4,22.0,49.0
2026-08-13 19:00:00+00:00,31.4,79,27.2,38.9,1000.3,976.6,0,5.2,192,13.3,0.0,78.0,77.5,652.0,71.6,20.7,43.0
2026-08-13 20:00:00+00:00,31.0,80,27.2,38.5,1000.1,976.4,0,4.7,162,9.7,0.0,80.6,79.6,593.0,67.2,19.4,35.0
2026-08-13 21:00:00+00:00,30.7,81,27.0,37.8,1000.0,976.3,11,6.2,158,12.2,0.0,86.6,85.0,553.0,61.7,17.9,32.0
2026-08-13 22:00:00+00:00,30.2,82,26.7,37.1,999.8,976.0,17,7.1,171,14.0,0.0,85.4,82.0,479.0,52.5,16.1,35.0
2026-08-13 23:00:00+00:00,27.9,89,26.0,34.2,1000.4,976.5,84,7.6,315,15.1,1.4,81.5,76.8,425.0,42.1,14.3,42.0
2026-08-14 00:00:00+00:00,31.1,75,26.0,36.6,999.5,975.8,30,12.6,163,17.6,2.7,65.7,56.3,426.0,23.9,10.0,68.0
2026-08-14 01:00:00+00:00,29.7,81,26.1,36.5,1000.6,976.8,12,4.3,180,25.9,0.0,62.2,56.8,525.0,25.3,11.2,70.0
2026-08-14 02:00:00+00:00,30.1,80,26.3,37.2,1000.8,977.0,9,3.7,325,10.8,0.0,68.7,62.2,680.0,27.0,13.0,75.0
2026-08-14 03:00:00+00:00,31.2,75,26.3,38.6,1000.7,977.0,23,0.9,90,13.0,0.0,71.9,57.4,793.0,26.5,14.5,90.0
2026-08-14 04:00:00+00:00,32.4,71,26.4,39.8,1001.1,977.5,19,1.8,101,10.1,0.0,70.5,52.7,824.0,21.6,15.6,125.0
2026-08-14 05:00:00+00:00,33.6,67,26.5,41.2,1001.5,978.0,7,2.6,129,12.2,0.0,75.4,55.1,813.0,14.5,16.4,170.0
2026-08-14 06:00:00+00:00,33.5,68,26.8,41.7,1002.0,978.4,43,5.0,154,15.8,0.1,73.8,54.6,791.0,9.1,16.9,207.0
2026-08-14 07:00:00+00:00,29.0,86,26.5,36.0,1003.0,979.1,92,11.1,97,32.0,5.6,72.6,54.8,756.0,7.0,16.7,229.0
2026-08-14 08:00:00+00:00,29.7,85,26.9,37.2,1002.3,978.4,91,3.1,320,30.2,0.9,72.9,55.5,709.0,6.6,16.2,243.0
2026-08-14 09:00:00+00:00,31.2,80,27.4,39.6,1001.6,977.9,83,2.0,45,15.1,0.6,74.5,56.2,681.0,7.5,15.7,247.0
2026-08-14 10:00:00+00:00,32.1,76,27.4,40.3,1000.9,977.3,88,2.4,103,11.9,0.2,74.0,54.7,671.0,9.6,15.7,239.0
2026-08-14 11:00:00+00:00,32.8,72,27.1,40.6,1000.4,976.8,84,2.5,86,12.6,0.0,73.3,54.1,678.0,12.9,15.9,222.0
2026-08-14 12:00:00+00:00,32.1,73,26.7,39.7,1000.4,976.8,54,1.7,103,14.0,0.6,91.3,62.2,736.0,15.1,17.1,203.0
2026-08-14 13:00:00+00:00,31.9,74,26.7,39.6,1000.7,977.1,34,0.7,194,7.9,0.0,94.1,69.4,895.0,22.6,16.5,177.0
2026-08-14 14:00:00+00:00,31.5,78,27.1,39.2,1000.7,977.0,22,2.7,94,6.5,0.0,91.0,72.4,1105.0,32.9,15.7,142.0
2026-08-14 15:00:00+00:00,30.8,82,27.3,38.3,1001.3,977.6,40,5.7,53,11.5,0.3,75.2,62.6,1239.0,40.0,14.7,112.0
2026-08-14 16:00:00+00:00,29.5,90,27.7,37.1,1001.7,977.8,36,6.8,29,12.6,0.5,67.3,58.3,1239.0,41.0,13.6,95.0
2026-08-14 17:00:00+00:00,28.8,94,27.6,36.1,1001.9,978.0,38,8.4,83,16.9,0.1,65.9,58.4,1164.0,38.8,12.4,83.0
2026-08-14 18:00:00+00:00,29.5,92,28.0,37.4,1001.8,977.9,76,6.5,118,18.4,0.0,63.8,56.3,1068.0,35.6,11.2,75.0
2026-08-14 19:00:00+00:00,28.9,92,27.6,36.4,1001.6,977.7,72,7.1,117,15.5,0.0,61.2,53.3,955.0,31.7,10.1,70.0
2026-08-14 20:00:00+00:00,28.9,91,27.4,36.6,1001.2,977.3,63,4.9,123,13.3,0.0,59.1,50.9,822.0,27.0,9.0,68.0
2026-08-14 21:00:00+00:00,28.6,92,27.2,35.9,1001.0,977.1,98,6.7,104,12.6,0.0,57.7,49.7,711.0,23.1,8.2,67.0
2026-08-14 22:00:00+00:00,28.3,93,27.0,35.3,1001.3,977.4,98,7.4,93,15.1,0.0,56.8,48.2,625.0,20.7,7.9,66.0
2026-08-14 23:00:00+00:00,25.7,95,24.8,29.8,1002.4,978.2,100,17.2,13,35.3,2.2,55.8,46.6,561.0,19.2,7.9,67.0
2026-08-15 00:00:00+00:00,26.6,93,25.3,32.5,1001.9,977.8,85,6.7,142,41.0,8.2,51.2,39.2,557.0,18.7,9.8,67.0
2026-08-15 01:00:00+00:00,26.3,94,25.3,32.3,1002.5,978.4,66,6.0,127,13.0,0.0,51.3,41.9,671.0,20.1,9.5,67.0
2026-08-15 02:00:00+00:00,27.1,91,25.6,33.8,1002.6,978.5,15,2.7,86,13.0,0.0,47.8,40.2,845.0,21.8,9.3,68.0
2026-08-15 03:00:00+00:00,28.7,85,26.0,35.4,1003.0,979.0,9,4.1,56,13.3,0.0,39.9,31.5,945.0,21.6,9.4,77.0
2026-08-15 04:00:00+00:00,30.5,78,26.2,37.2,1003.2,979.4,1,5.2,96,16.2,0.0,42.4,29.4,894.0,17.5,10.4,102.0
2026-08-15 05:00:00+00:00,31.8,74,26.6,39.1,1003.3,979.6,1,5.2,96,18.0,0.0,48.5,30.7,769.0,11.5,11.8,136.0
2026-08-15 06:00:00+00:00,32.6,70,26.3,40.9,1003.7,980.0,11,3.1,83,18.7,0.0,61.0,34.8,670.0,7.0,13.0,165.0
2026-08-15 07:00:00+00:00,33.2,68,26.5,41.8,1003.2,979.6,7,3.3,103,15.5,0.0,73.8,38.1,641.0,5.4,13.9,186.0
2026-08-15 08:00:00+00:00,33.7,67,26.6,42.7,1002.2,978.7,22,2.2,81,15.8,0.1,83.1,40.5,639.0,5.4,14.6,202.0
2026-08-15 09:00:00+00:00,33.9,65,26.4,42.5,1001.4,977.9,29,1.1,360,15.1,0.1,83.8,42.3,634.0,6.4,15.1,211.0
2026-08-15 10:00:00+00:00,33.9,64,26.3,41.5,1000.3,976.8,35,3.1,283,15.5,0.1,80.8,42.8,551.0,6.4,15.2,213.0
2026-08-15 11:00:00+00:00,33.7,67,26.7,41.0,999.4,975.9,17,3.8,289,18.4,0.1,78.0,43.8,465.0,7.4,15.2,207.0
2026-08-15 12:00:00+00:00,34.0,60,25.1,40.0,999.2,975.7,5,4.6,281,17.3,0.0,91.3,52.0,572.0,13.9,17.5,207.0
2026-08-15 13:00:00+00:00,32.9,68,26.3,39.8,999.0,975.5,7,4.8,299,12.2,0.0,93.4,61.7,1053.0,48.1,20.5,157.0
2026-08-15 14:00:00+00:00,32.0,74,26.8,39.5,999.2,975.6,3,2.8,333,9.4,0.0,109.9,83.1,1726.0,94.3,24.5,89.0
2026-08-15 15:00:00+00:00,31.4,76,26.8,38.9,999.8,976.1,6,3.1,59,5.8,0.0,133.6,105.0,2242.0,121.6,26.8,43.0
2026-08-15 16:00:00+00:00,30.7,82,27.2,38.0,1000.6,976.9,13,6.1,102,10.1,0.0,127.1,99.7,2511.0,112.3,26.0,41.0
2026-08-15 17:00:00+00:00,30.1,85,27.2,37.2,1000.9,977.1,6,7.6,109,14.8,0.0,107.3,84.5,2623.0,84.2,23.6,60.0
2026-08-15 18:00:00+00:00,30.6,87,28.2,38.4,1000.2,976.5,24,7.5,110,14.8,0.0,94.1,74.3,2495.0,59.8,21.1,76.0
2026-08-15 19:00:00+00:00,28.6,90,26.9,35.7,1000.5,976.6,70,6.4,65,18.4,0.4,86.6,69.4,1947.0,47.4,18.9,78.0
2026-08-15 20:00:00+00:00,28.0,91,26.4,34.0,1000.0,976.1,23,10.9,124,26.6,0.4,81.7,66.1,1159.0,38.6,16.7,76.0
2026-08-15 21:00:00+00:00,27.5,92,26.0,34.2,1000.1,976.1,48,4.4,187,22.0,0.0,77.8,64.0,591.0,31.2,14.5,76.0
2026-08-15 22:00:00+00:00,24.3,100,24.2,29.0,1001.2,976.9,99,10.3,92,29.9,3.7,66.1,54.5,465.0,24.0,12.2,81.0
2026-08-15 23:00:00+00:00,24.8,96,24.2,30.3,1000.0,975.8,16,5.1,82,28.1,1.7,54.9,46.1,559.0,18.2,10.0,87.0
2026-08-16 00:00:00+00:00,26.2,94,25.2,31.7,999.9,975.8,27,9.1,69,15.1,0.2,68.9,56.9,668.0,22.6,13.0,81.0
2026-08-16 01:00:00+00:00,26.2,89,24.3,31.6,999.9,975.8,3,6.2,102,19.4,0.0,63.6,51.8,742.0,23.0,12.8,82.0
2026-08-16 02:00:00+00:00,27.0,89,25.0,33.3,1000.3,976.3,2,3.1,152,12.6,0.0,64.0,53.3,831.0,23.4,12.6,84.0
2026-08-16 03:00:00+00:00,28.7,83,25.5,35.2,1000.5,976.6,6,3.8,121,11.9,0.0,64.0,47.3,875.0,22.0,12.8,96.0
2026-08-16 04:00:00+00:00,30.7,74,25.5,37.0,1000.5,976.8,22,4.7,130,15.1,0.0,69.2,46.4,842.0,17.3,14.0,129.0
2026-08-16 05:00:00+00:00,32.3,69,25.8,39.0,1000.3,976.7,13,4.8,146,15.8,0.0,72.2,47.5,765.0,10.8,15.6,172.0
2026-08-16 06:00:00+00:00,33.2,66,26.0,40.9,1000.5,977.0,6,5.4,180,16.6,0.0,69.6,45.1,678.0,5.9,16.4,202.0
2026-08-16 07:00:00+00:00,34.1,62,25.8,41.9,1000.3,976.8,19,5.9,207,21.6,0.0,65.7,41.4,578.0,3.8,15.7,211.0
2026-08-16 08:00:00+00:00,34.3,60,25.5,41.7,999.8,976.4,18,5.8,216,23.4,0.0,65.0,39.5,470.0,3.3,14.3,207.0
2026-08-16 09:00:00+00:00,34.6,61,25.8,42.2,999.0,975.6,10,4.8,217,23.0,0.0,63.1,37.7,400.0,3.9,12.9,197.0
2026-08-16 10:00:00+00:00,34.7,61,26.1,41.9,998.5,975.1,100,4.9,213,22.0,0.0,64.3,36.2,353.0,4.5,11.5,182.0
2026-08-16 11:00:00+00:00,34.4,62,26.1,40.9,997.9,974.5,89,6.1,223,21.6,0.0,66.6,35.9,345.0,6.3,10.2,160.0
2026-08-16 12:00:00+00:00,33.5,67,26.7,40.3,998.3,974.8,41,7.1,161,21.6,0.0,65.0,34.5,473.0,10.0,9.2,130.0
2026-08-16 13:00:00+00:00,32.3,76,27.5,39.8,998.3,974.7,19,6.3,117,15.8,0.1,68.2,41.2,907.0,26.7,10.6,100.0
2026-08-16 14:00:00+00:00,29.6,84,26.6,35.2,999.5,975.7,55,15.2,24,33.1,0.2,82.0,53.8,1477.0,49.5,12.6,59.0
2026-08-16 15:00:00+00:00,28.2,90,26.4,35.1,1000.0,976.1,20,5.4,160,35.6,0.6,86.1,61.2,1770.0,64.9,13.9,29.0
2026-08-16 16:00:00+00:00,28.5,89,26.5,35.1,1000.5,976.6,14,7.6,82,14.4,0.1,83.8,60.8,1523.0,65.8,14.0,19.0
2026-08-16 17:00:00+00:00,28.5,88,26.4,34.7,1000.6,976.7,12,9.4,91,18.4,0.0,84.1,60.5,999.0,59.2,13.5,20.0
2026-08-16 18:00:00+00:00,29.8,85,27.1,36.9,1000.2,976.4,11,7.3,113,18.0,0.0,85.9,61.5,579.0,52.6,12.8,22.0
2026-08-16 19:00:00+00:00,29.5,86,26.9,36.2,999.6,975.8,17,8.4,118,15.5,0.0,87.3,61.2,412.0,48.6,12.0,21.0
2026-08-16 20:00:00+00:00,27.2,92,25.8,33.2,1000.2,976.2,69,9.0,2,20.9,1.7,87.5,61.9,349.0,44.5,11.1,21.0
2026-08-16 21:00:00+00:00,24.7,99,24.6,29.5,1000.3,976.1,72,11.5,177,25.2,5.5,83.6,58.8,315.0,39.6,10.1,26.0
2026-08-16 22:00:00+00:00,25.0,99,24.8,30.6,1000.7,976.5,26,6.5,183,23.8,1.2,76.1,54.9,282.0,32.4,9.0,38.0
2026-08-16 23:00:00+00:00,25.3,99,25.1,31.7,1000.2,976.0,33,2.4,103,15.1,0.2,56.6,43.8,279.0,24.3,7.9,54.0
2026-08-18 13:00:00+00:00,29.5,79,25.47,35.92,999.0,976.0,39,4.6,118,8.1,0.0,119.22,38.09,215.35,5.94,2.12,71.35
2026-08-18 14:00:00+00:00,30.01,79,25.97,37.01,1000.0,976.0,6,4.6,118,8.1,0.0,108.01,37.31,313.5,11.13,2.68,50.16
2026-08-18 15:00:00+00:00,31.0,71,25.12,37.9,1001.0,977.0,5,4.06,115,7.73,0.0,107.24,38.19,357.53,13.23,2.95,44.03
2026-08-18 16:00:00+00:00,31.01,79,26.94,38.01,1001.0,977.0,3,4.06,115,7.73,0.0,107.58,38.83,384.3,14.26,3.2,41.17
2026-08-18 17:00:00+00:00,31.01,79,26.94,38.01,1001.0,977.0,3,4.06,115,7.73,0.0,107.58,38.83,384.3,14.26,3.2,41.17
2026-08-18 18:00:00+00:00,31.32,70,25.19,38.32,1001.0,977.0,0,2.81,154,5.34,0.0,107.86,38.81,391.84,14.4,3.27,39.67
2026-08-18 19:00:00+00:00,31.31,72,25.65,38.31,1002.0,977.0,0,2.81,154,5.34,0.0,106.39,37.49,373.68,13.58,3.17,39.15
2026-08-18 20:00:00+00:00,31.01,79,26.94,38.01,1001.0,977.0,1,2.81,154,5.34,0.0,104.46,36.07,354.3,12.76,3.0,38.17
2026-08-18 21:00:00+00:00,30.35,75,25.42,37.27,1002.0,977.0,9,2.64,135,4.66,0.0,102.64,34.28,327.71,11.55,2.85,38.27
2026-08-18 22:00:00+00:00,30.29,76,25.58,37.29,1002.0,977.0,9,2.64,135,4.66,0.0,99.97,32.34,300.43,10.26,2.57,38.2
2026-08-18 23:00:00+00:00,30.01,84,27.01,37.01,1001.0,977.0,25,2.64,135,4.66,0.0,96.59,31.66,300.19,10.29,2.16,34.73
2026-08-19 00:00:00+00:00,30.78,74,25.61,37.78,1002.0,979.0,41,2.6,100,2.79,0.0,94.66,31.52,308.28,10.67,1.9,31.31
2026-08-19 01:00:00+00:00,30.01,77,25.53,36.86,1002.0,979.0,41,2.6,100,2.79,0.0,92.92,31.57,322.68,11.01,1.79,27.76
2026-08-19 02:00:00+00:00,29.01,84,26.03,35.67,1003.0,979.0,94,2.6,100,2.79,0.0,93.37,31.92,346.89,10.45,1.92,26.09
2026-08-19 03:00:00+00:00,31.29,72,25.63,38.29,1003.0,979.0,87,2.66,106,2.14,0.0,95.93,31.04,338.21,7.96,2.18,31.56
2026-08-19 04:00:00+00:00,31.2,74,26.01,38.2,1004.0,979.0,87,2.66,106,2.14,0.0,101.67,28.21,236.11,4.71,2.6,50.7
2026-08-19 05:00:00+00:00,29.01,84,26.03,35.67,1003.0,979.0,74,2.66,106,2.14,0.0,108.96,32.9,220.48,3.31,2.91,66.68
2026-08-19 06:00:00+00:00,31.7,67,24.82,38.53,1003.0,977.0,78,2.35,117,1.71,0.0,118.73,41.29,212.93,2.2,3.12,84.66
2026-08-19 07:00:00+00:00,31.55,69,25.17,38.55,1004.0,977.0,78,2.35,117,1.71,0.0,115.88,39.14,169.93,1.27,2.67,92.23
2026-08-19 08:00:00+00:00,32.01,70,25.85,39.01,1002.0,977.0,41,2.35,117,1.71,0.0,109.01,35.08,143.46,0.94,2.35,91.88
2026-08-19 09:00:00+00:00,34.54,60,25.64,41.54,1002.0,975.0,39,2.88,97,2.76,0.0,105.83,34.1,136.9,0.92,2.45,93.36
2026-08-19 10:00:00+00:00,34.6,60,25.69,41.6,1002.0,975.0,39,2.88,97,2.76,0.0,104.77,34.27,139.21,1.1,2.63,95.54
2026-08-19 11:00:00+00:00,33.01,66,25.8,40.01,1000.0,975.0,35,2.88,97,2.76,0.0,104.11,34.79,147.29,1.54,2.8,96.41
2026-08-19 12:00:00+00:00,33.01,66,25.8,40.01,1000.0,975.0,60,2.73,71,2.35,0.0,103.61,35.08,157.97,2.3,3.0,95.35
2026-08-19 13:00:00+00:00,30.95,68,24.35,36.88,1002.0,977.0,41,5.83,94,9.78,0.0,104.01,36.18,196.45,4.97,3.15,85.33
2026-08-19 14:00:00+00:00,31.01,74,25.83,38.01,1001.0,977.0,3,5.83,94,9.78,0.0,105.16,37.5,255.2,8.52,3.62,69.03
2026-08-19 15:00:00+00:00,30.09,73,24.71,36.02,1002.0,978.0,7,4.68,107,9.54,0.0,104.86,38.86,303.29,10.57,3.62,58.97
2026-08-19 16:00:00+00:00,30.01,84,27.01,37.01,1002.0,978.0,16,4.68,107,9.54,0.0,103.24,40.98,373.42,13.13,3.45,45.25
2026-08-19 18:00:00+00:00,28.73,79,24.72,33.8,1004.0,979.0,39,4.01,119,7.88,0.0,103.68,43.6,406.16,13.99,3.27,37.54
2026-08-19 20:00:00+00:00,29.01,84,26.03,35.67,1003.0,979.0,86,4.01,119,7.88,0.0,104.54,44.49,402.13,13.58,3.21,35.9
2026-08-19 21:00:00+00:00,28.76,78,24.54,33.68,1003.0,978.0,82,2.98,127,5.82,0.0,105.87,44.97,393.54,13.05,3.16,34.76
2026-08-19 22:00:00+00:00,28.09,78,23.89,32.01,1003.0,978.0,82,2.98,127,5.82,0.0,106.4,44.89,385.89,12.7,2.9,32.3
2026-08-19 23:00:00+00:00,28.01,83,24.85,32.6,1003.0,978.0,75,2.98,127,5.82,0.0,106.9,45.3,388.59,12.85,2.48,28.3
2026-08-20 00:00:00+00:00,27.88,76,23.26,31.23,1003.0,981.0,61,3.28,104,3.65,0.0,107.65,45.6,390.28,12.99,2.16,25.23
2026-08-20 01:00:00+00:00,28.18,76,23.55,31.91,1003.0,981.0,61,3.28,104,3.65,0.0,107.87,45.74,391.77,12.83,1.98,22.92
2026-08-20 02:00:00+00:00,28.01,83,24.85,32.6,1004.0,981.0,25,3.28,104,3.65,0.0,109.7,46.19,405.26,11.89,2.06,22.35
2026-08-20 03:00:00+00:00,30.01,73,24.64,35.81,1004.0,979.0,24,2.42,99,2.2,0.0,113.35,46.12,406.64,9.12,2.34,27.75
2026-08-20 04:00:00+00:00,29.98,74,24.84,35.99,1004.0,979.0,24,2.42,99,2.2,0.0,119.4,43.31,316.04,6.18,3.28,47.26
2026-08-20 05:00:00+00:00,30.01,74,24.87,36.07,1004.0,979.0,21,2.42,99,2.2,0.0,125.44,48.14,295.99,4.7,3.54,64.46
2026-08-20 06:00:00+00:00,32.17,59,23.14,37.17,1003.0,977.0,0,0.27,304,1.67,0.0,139.43,60.23,280.87,3.11,3.57,87.73
2026-08-20 07:00:00+00:00,32.03,61,23.56,37.45,1003.0,977.0,0,0.27,304,1.67,0.0,137.43,50.41,193.57,1.4,2.78,95.57
2026-08-20 08:00:00+00:00,33.01,66,25.8,40.01,1000.0,977.0,0,0.27,304,1.67,0.0,127.05,43.12,157.44,0.98,2.35,93.44
2026-08-20 09:00:00+00:00,33.75,54,23.14,39.21,1001.0,974.0,3,1.89,76,2.87,0.0,121.66,41.48,151.55,0.98,2.27,93.75
2026-08-20 10:00:00+00:00,32.01,66,24.86,39.01,999.0,974.0,8,1.89,76,2.87,0.0,117.34,43.69,200.37,3.12,2.43,85.19
2026-08-20 12:00:00+00:00,31.54,65,24.16,37.48,1000.0,976.0,19,5.39,109,8.45,0.0,115.08,44.82,237.28,5.1,2.58,79.26
2026-08-20 13:00:00+00:00,30.88,65,23.53,35.87,1000.0,977.0,7,4.82,88,7.81,0.0,112.33,46.26,301.01,8.94,2.73,67.15
2026-08-20 14:00:00+00:00,31.01,70,24.89,37.63,1001.0,977.0,4,4.82,88,7.81,0.0,109.97,48.32,376.3,12.43,2.85,54.41
2026-08-20 15:00:00+00:00,29.63,69,23.34,33.94,1002.0,977.0,3,4.11,102,7.85,0.0,108.02,50.61,451.65,15.4,3.37,49.61
2026-08-20 16:00:00+00:00,28.95,72,23.39,32.99,1002.0,977.0,3,4.11,102,7.85,0.0,105.93,52.97,494.05,16.72,3.44,46.48
2026-08-20 17:00:00+00:00,29.01,79,25.0,34.55,1001.0,977.0,2,4.11,102,7.85,0.0,103.93,54.98,529.71,17.53,3.26,42.18
2026-08-20 18:00:00+00:00,29.41,74,24.29,34.51,1002.0,978.0,5,2.83,120,5.38,0.0,101.41,55.71,544.08,17.62,2.95,39.12
2026-08-20 19:00:00+00:00,29.07,76,24.41,34.08,1003.0,978.0,5,2.83,120,5.38,0.0,97.75,53.35,498.3,15.32,2.67,40.61
2026-08-20 20:00:00+00:00,29.01,79,25.0,34.55,1002.0,978.0,4,2.83,120,5.38,0.0,95.96,51.94,484.77,14.47,2.38,37.72
2026-08-20 21:00:00+00:00,28.29,78,24.08,32.5,1003.0,978.0,9,2.78,133,5.05,0.0,96.04,50.99,484.16,14.25,2.16,33.29
2026-08-20 22:00:00+00:00,28.26,79,24.27,32.59,1003.0,978.0,9,2.78,133,5.05,0.0,99.05,50.18,475.79,13.57,2.1,31.24
2026-08-20 23:00:00+00:00,28.01,83,24.85,32.6,1002.0,978.0,19,2.78,133,5.05,0.0,101.08,49.7,469.18,12.93,2.12,29.53
2026-08-21 00:00:00+00:00,27.93,76,23.31,31.34,1002.0,979.0,14,2.76,144,3.24,0.0,101.36,49.24,465.46,12.31,2.14,28.08
2026-08-21 01:00:00+00:00,28.35,76,23.71,32.31,1002.0,979.0,14,2.76,144,3.24,0.0,99.37,47.94,453.32,11.39,2.06,27.37
2026-08-21 02:00:00+00:00,28.01,83,24.85,32.6,1003.0,979.0,35,2.76,144,3.24,0.0,100.29,46.69,443.86,10.62,2.12,27.56
2026-08-21 03:00:00+00:00,29.27,70,23.23,33.33,1003.0,979.0,44,1.99,53,2.0,0.0,103.9,45.12,429.86,8.94,2.25,30.58
2026-08-21 04:00:00+00:00,30.64,68,24.06,36.1,1004.0,979.0,44,1.99,53,2.0,0.0,112.65,42.69,369.21,6.65,2.44,40.82
2026-08-21 05:00:00+00:00,32.01,66,24.86,39.01,1003.0,979.0,62,1.99,53,2.0,0.0,122.66,45.45,331.46,5.09,2.52,56.47
2026-08-21 06:00:00+00:00,32.78,57,23.14,37.95,1002.0,976.0,32,2.46,38,4.54,0.0,139.63,56.92,304.72,3.38,2.48,80.87
2026-08-21 07:00:00+00:00,34.42,54,23.76,40.84,1002.0,976.0,32,2.46,38,4.54,0.0,142.92,50.95,214.99,1.54,1.76,92.07
2026-08-21 08:00:00+00:00,35.01,55,24.61,42.01,1000.0,976.0,25,2.46,38,4.54,0.0,136.33,44.12,172.29,1.06,1.38,90.26
2026-08-21 09:00:00+00:00,34.34,53,23.38,40.25,1000.0,974.0,29,5.33,67,5.0,0.0,130.75,41.67,161.6,1.03,1.37,90.32
2026-08-21 10:00:00+00:00,32.35,64,24.66,39.24,1000.0,974.0,29,5.33,67,5.0,0.0,126.62,41.9,179.61,1.93,1.54,86.13
2026-08-21 11:00:00+00:00,32.01,70,25.85,39.01,999.0,974.0,38,5.33,67,5.0,0.0,123.82,43.67,219.5,3.62,1.84,81.28
2026-08-21 12:00:00+00:00,32.51,61,24.01,38.63,999.0,975.0,39,4.87,111,7.89,0.0,121.48,44.96,263.06,6.38,2.27,79.13
2026-08-21 13:00:00+00:00,32.52,61,24.02,38.65,1000.0,975.0,39,4.87,111,7.89,0.0,119.92,46.77,335.58,11.61,2.66,68.35
2026-08-21 14:00:00+00:00,33.01,62,24.75,40.01,999.0,975.0,29,4.87,111,7.89,0.0,101.76,32.93,240.71,7.77,1.93,61.03
2026-08-21 15:00:00+00:00,31.4,65,24.02,37.13,1001.0,976.0,29,3.2,143,6.21,0.0,99.79,33.86,292.46,10.03,2.11,52.34
2026-08-21 16:00:00+00:00,30.71,72,25.08,37.41,1001.0,976.0,29,3.2,143,6.21,0.0,97.28,34.54,335.61,11.93,2.29,45.07
2026-08-21 17:00:00+00:00,31.01,74,25.83,38.01,1001.0,976.0,29,3.2,143,6.21,0.0,96.56,35.63,374.97,13.37,2.48,38.84
2026-08-21 18:00:00+00:00,30.0,77,25.52,36.83,1000.0,976.0,25,3.04,152,5.87,0.0,96.63,36.51,399.64,14.22,2.6,34.17
2026-08-21 19:00:00+00:00,29.94,77,25.47,36.66,1001.0,976.0,25,3.04,152,5.87,0.0,96.27,36.5,397.99,14.15,2.53,31.39
2026-08-21 20:00:00+00:00,30.01,84,27.01,37.01,1001.0,976.0,22,3.04,152,5.87,0.0,96.67,36.25,383.54,13.53,2.32,30.29
2026-08-21 21:00:00+00:00,29.66,79,25.63,36.38,1001.0,976.0,18,2.23,149,3.2,0.0,99.09,35.48,347.78,11.9,2.13,32.16
2026-08-21 22:00:00+00:00,29.64,79,25.61,36.32,1001.0,976.0,18,2.23,149,3.2,0.0,104.66,33.73,282.5,8.91,1.94,38.59
2026-08-21 23:00:00+00:00,30.01,84,27.01,37.01,1000.0,976.0,9,2.23,149,3.2,0.0,107.06,32.73,246.29,7.46,1.61,40.96
2026-08-22 00:00:00+00:00,28.54,78,24.33,33.12,1001.0,978.0,30,3.69,125,4.58,0.0,107.91,31.96,224.19,6.7,1.42,42.08
2026-08-22 01:00:00+00:00,28.54,78,24.33,33.12,1001.0,978.0,35,3.37,124,4.05,0.0,108.01,31.17,211.33,6.25,1.39,42.12
2026-08-22 02:00:00+00:00,27.01,74,21.98,29.22,1002.0,978.0,86,3.37,124,4.05,0.0,108.7,30.53,206.86,5.87,1.51,41.68
2026-08-22 03:00:00+00:00,29.22,73,23.88,33.82,1003.0,978.0,79,2.38,126,2.99,0.0,110.46,29.82,199.67,4.72,1.68,44.23
2026-08-22 04:00:00+00:00,30.6,65,23.27,35.22,1003.0,978.0,79,2.38,126,2.99,0.0,113.12,29.01,169.88,3.1,1.87,54.76
2026-08-22 05:00:00+00:00,31.01,70,24.89,37.63,1002.0,978.0,65,2.38,126,2.99,0.0,115.68,31.37,160.92,2.15,2.09,67.19
2026-08-22 06:00:00+00:00,33.53,50,21.68,37.38,1001.0,975.0,32,1.57,31,3.31,0.0,120.21,35.94,156.01,1.5,2.23,80.15
2026-08-22 07:00:00+00:00,33.92,49,21.7,37.89,1002.0,975.0,32,1.57,31,3.31,0.0,118.29,34.6,134.01,0.88,1.85,84.55
2026-08-22 08:00:00+00:00,34.01,55,23.69,40.21,999.0,975.0,26,1.57,31,3.31,0.0,113.53,32.6,123.43,0.7,1.62,83.74
2026-08-22 09:00:00+00:00,34.18,50,22.27,38.79,1000.0,974.0,34,5.49,84,6.17,0.0,110.44,32.08,121.93,0.73,1.7,84.7
2026-08-22 10:00:00+00:00,34.89,48,22.25,39.66,999.0,974.0,34,5.49,84,6.17,0.0,109.44,32.3,125.38,0.9,1.87,86.7
2026-08-22 11:00:00+00:00,36.01,49,23.61,42.72,998.0,974.0,51,5.49,84,6.17,0.0,108.66,32.68,132.34,1.28,2.07,87.17
2026-08-22 12:00:00+00:00,33.97,55,23.65,40.11,998.0,975.0,44,5.59,97,8.85,0.0,107.97,32.77,141.03,1.93,2.29,85.92
2026-08-22 13:00:00+00:00,33.48,58,24.08,40.01,999.0,975.0,44,5.59,97,8.85,0.0,106.51,33.27,177.15,4.46,2.35,74.76
2026-08-22 14:00:00+00:00,33.01,62,24.75,40.01,999.0,975.0,53,5.59,97,8.85,0.0,112.85,35.9,234.53,7.5,1.93,58.82
2026-08-22 15:00:00+00:00,32.29,63,24.34,38.75,1000.0,976.0,49,5.03,130,10.12,0.0,111.54,36.76,278.7,9.41,2.02,50.99
2026-08-22 16:00:00+00:00,31.62,67,24.74,38.32,1001.0,976.0,49,5.03,130,10.12,0.0,108.42,37.4,319.71,11.23,2.1,43.79
2026-08-22 17:00:00+00:00,32.01,70,25.85,39.01,1000.0,976.0,40,5.03,130,10.12,0.0,106.67,38.47,363.72,12.91,2.14,36.7
2026-08-22 18:00:00+00:00,31.57,66,24.44,37.87,1000.0,977.0,31,3.1,135,6.49,0.0,105.65,39.24,396.63,14.2,2.1,31.2
2026-08-22 19:00:00+00:00,30.76,70,24.65,36.96,1002.0,977.0,31,3.1,135,6.49,0.0,103.74,38.75,396.97,14.16,2.0,28.73
2026-08-22 20:00:00+00:00,31.01,74,25.83,38.01,1001.0,977.0,2,3.1,135,6.49,0.0,101.49,37.9,386.17,13.67,1.89,28.15
2026-08-22 21:00:00+00:00,30.29,70,24.2,35.75,1002.0,977.0,1,1.78,122,2.39,0.0,99.65,36.38,358.15,12.52,1.85,29.85
2026-08-22 22:00:00+00:00,29.63,78,25.38,36.04,1002.0,977.0,1,1.78,122,2.39,0.0,100.7,32.86,279.48,9.27,2.11,38.75
2026-08-22 23:00:00+00:00,28.73,75,23.86,33.04,1002.0,979.0,33,3.07,89,3.86,0.0,94.51,30.61,251.99,8.57,1.53,35.36
2026-08-23 01:00:00+00:00,27.96,79,23.98,31.85,1002.0,979.0,33,3.07,89,3.86,0.0,92.63,30.19,257.65,8.72,1.38,32.14
2026-08-23 02:00:00+00:00,30.01,79,25.97,37.01,1003.0,979.0,100,3.07,89,3.86,0.0,93.26,30.13,270.3,8.45,1.47,30.53
2026-08-23 03:00:00+00:00,33.13,64,25.4,40.13,1004.0,979.0,88,0.72,87,1.31,0.0,96.09,29.66,267.95,6.59,1.75,35.11
2026-08-23 04:00:00+00:00,33.79,57,24.08,40.42,1004.0,979.0,88,0.72,87,1.31,0.0,100.52,28.9,222.57,4.26,2.19,49.5
2026-08-23 05:00:00+00:00,33.01,58,23.64,38.84,1004.0,979.0,63,0.72,87,1.31,0.0,106.66,33.92,216.13,3.1,2.37,64.59
2026-08-23 06:00:00+00:00,35.23,48,22.56,40.44,1003.0,977.0,54,2.0,33,3.01,0.0,117.28,43.34,210.02,2.05,2.38,82.8
2026-08-23 07:00:00+00:00,35.76,50,23.71,42.53,1004.0,977.0,54,2.0,33,3.01,0.0,116.32,41.68,174.3,1.19,1.92,89.62
2026-08-23 08:00:00+00:00,35.01,55,24.61,42.01,1001.0,977.0,2,2.0,33,3.01,0.0,110.56,36.89,147.54,0.89,1.58,87.96
2026-08-23 09:00:00+00:00,36.01,52,24.6,43.01,1001.0,977.0,2,2.0,33,3.01,0.0,106.99,34.91,138.87,0.87,1.54,87.58
2026-08-23 10:00:00+00:00,37.51,42,22.41,43.2,1002.0,975.0,1,3.49,47,3.2,0.0,104.03,34.38,143.88,1.23,1.64,86.45
2026-08-23 11:00:00+00:00,37.01,47,23.82,44.01,1000.0,975.0,0,3.49,47,3.2,0.0,101.45,34.87,160.48,2.03,1.79,83.81
2026-08-23 12:00:00+00:00,34.65,51,23.03,40.23,1001.0,976.0,0,4.21,83,7.38,0.0,99.14,35.08,180.3,3.23,1.94,79.72
2026-08-23 13:00:00+00:00,33.51,51,21.98,37.66,1001.0,977.0,0,3.73,76,6.64,0.0,98.18,36.57,242.71,7.3,2.13,65.96
2026-08-23 14:00:00+00:00,34.01,52,22.76,39.11,1001.0,977.0,1,3.73,76,6.64,0.0,94.98,35.27,298.15,10.84,2.29,49.85
2026-08-23 15:00:00+00:00,31.91,59,22.9,36.57,1002.0,978.0,1,3.87,124,6.65,0.0,96.27,38.17,384.33,14.3,2.43,37.83
2026-08-23 16:00:00+00:00,31.88,59,22.87,36.5,1002.0,978.0,1,3.87,124,6.65,0.0,97.3,40.89,454.14,17.02,2.59,29.88
2026-08-23 17:00:00+00:00,32.01,58,22.71,36.5,1002.0,978.0,0,3.87,124,6.65,0.0,99.34,43.87,516.91,19.06,2.72,23.83
2026-08-23 18:00:00+00:00,31.6,59,22.61,35.88,1002.0,978.0,0,2.28,135,3.73,0.0,100.87,46.47,566.62,20.73,2.72,18.87
2026-08-23 19:00:00+00:00,31.34,60,22.64,35.58,1003.0,978.0,0,2.28,135,3.73,0.0,100.21,47.74,591.49,21.68,2.51,14.3
2026-08-23 20:00:00+00:00,31.01,62,22.87,35.38,1003.0,978.0,0,2.28,135,3.73,0.0,100.28,49.15,615.89,22.16,2.27,9.63
2026-08-23 21:00:00+00:00,30.15,64,22.59,33.98,1003.0,979.0,5,1.8,111,2.19,0.0,100.9,50.67,638.76,21.99,2.01,5.76
2026-08-23 22:00:00+00:00,29.47,69,23.18,33.57,1004.0,979.0,5,1.8,111,2.19,0.0,101.67,51.88,654.4,21.28,1.73,3.44
2026-08-23 23:00:00+00:00,30.01,70,23.94,35.06,1003.0,979.0,16,1.8,111,2.19,0.0,102.97,52.86,666.61,20.72,1.55,2.94
2026-08-24 00:00:00+00:00,30.44,65,23.12,34.85,1003.0,980.0,3,0.98,195,1.48,0.0,104.33,53.5,675.68,20.41,1.45,3.32
2026-08-24 01:00:00+00:00,29.65,66,22.62,33.35,1004.0,980.0,3,0.98,195,1.48,0.0,108.41,52.12,633.82,17.43,1.51,8.8
2026-08-24 02:00:00+00:00,30.01,70,23.94,35.06,1004.0,980.0,0,0.98,195,1.48,0.0,112.12,51.89,631.24,14.06,1.6,11.79
2026-08-24 03:00:00+00:00,32.68,55,22.46,37.1,1004.0,979.0,0,2.3,303,3.01,0.0,116.62,51.97,636.54,9.81,1.72,16.79
2026-08-24 04:00:00+00:00,33.36,56,23.39,38.99,1004.0,979.0,0,2.3,303,3.01,0.0,119.8,46.4,458.18,7.88,2.37,41.27
2026-08-24 05:00:00+00:00,34.01,59,24.86,41.01,1003.0,979.0,0,2.3,303,3.01,0.0,129.65,53.95,413.48,5.92,2.53,65.67
2026-08-24 06:00:00+00:00,35.61,47,22.55,40.92,1003.0,977.0,0,2.98,304,3.82,0.0,150.41,74.78,409.29,3.97,2.56,97.15
2026-08-24 07:00:00+00:00,36.19,45,22.36,41.45,1004.0,977.0,0,2.98,304,3.82,0.0,142.46,62.72,271.63,1.7,2.32,104.23
2026-08-24 08:00:00+00:00,37.01,47,23.82,44.01,1002.0,977.0,0,2.98,304,3.82,0.0,132.98,53.76,213.0,1.12,1.91,100.06
2026-08-24 09:00:00+00:00,36.87,41,21.45,41.34,1002.0,975.0,0,2.17,348,4.6,0.0,129.88,52.04,202.24,1.08,1.75,99.34
2026-08-24 10:00:00+00:00,36.87,42,21.84,41.75,1001.0,975.0,0,2.17,348,4.6,0.0,128.83,52.37,207.55,1.4,1.73,99.02
2026-08-24 11:00:00+00:00,37.01,47,23.82,44.01,1000.0,975.0,0,2.17,348,4.6,0.0,127.79,53.62,224.17,2.19,1.83,96.81
2026-08-24 12:00:00+00:00,35.38,48,22.69,40.78,1000.0,977.0,0,3.85,93,6.83,0.0,126.29,54.36,243.87,3.45,2.0,92.75
2026-08-24 13:00:00+00:00,34.72,50,22.76,40.02,1001.0,977.0,0,3.85,93,6.83,0.0,125.69,56.51,314.18,7.83,2.29,75.92
2026-08-24 14:00:00+00:00,34.01,55,23.69,40.21,1001.0,977.0,1,3.85,93,6.83,0.0,127.9,57.57,395.73,12.1,2.52,61.47
2026-08-24 15:00:00+00:00,33.19,56,23.23,38.58,1002.0,978.0,1,3.78,134,7.16,0.0,130.43,61.29,491.49,15.77,2.8,48.37
2026-08-24 16:00:00+00:00,32.5,61,24.0,38.6,1003.0,978.0,1,3.78,134,7.16,0.0,131.94,64.19,569.61,18.84,3.05,38.69
2026-08-24 17:00:00+00:00,32.01,66,24.86,39.01,1002.0,978.0,1,3.78,134,7.16,0.0,134.71,67.62,648.86,21.73,3.27,29.78
2026-08-24 18:00:00+00:00,31.54,64,23.9,37.18,1002.0,978.0,1,2.61,141,4.43,0.0,137.11,70.75,717.78,24.25,3.35,22.12
2026-08-24 19:00:00+00:00,31.51,64,23.87,37.1,1003.0,978.0,1,2.61,141,4.43,0.0,137.09,72.05,750.99,25.61,3.18,16.07
2026-08-24 20:00:00+00:00,31.01,70,24.89,37.63,1003.0,978.0,0,2.61,141,4.43,0.0,137.72,73.2,772.4,26.19,3.01,11.69
2026-08-24 21:00:00+00:00,30.33,68,23.76,35.34,1003.0,979.0,0,2.3,150,3.52,0.0,139.06,74.85,799.48,26.64,2.95,8.18
2026-08-24 22:00:00+00:00,29.67,71,23.85,34.47,1003.0,979.0,0,2.3,150,3.52,0.0,140.48,76.94,829.82,27.13,2.94,5.34
2026-08-24 23:00:00+00:00,30.01,74,24.87,36.07,1003.0,979.0,0,2.3,150,3.52,0.0,142.37,79.48,862.98,27.51,2.97,3.43
2026-08-25 00:00:00+00:00,29.81,71,23.98,34.81,1003.0,980.0,0,1.93,168,2.31,0.0,143.87,81.52,891.95,27.55,2.95,2.12
2026-08-25 01:00:00+00:00,29.58,73,24.22,34.71,1003.0,980.0,0,1.93,168,2.31,0.0,143.77,81.19,907.3,25.56,2.63,2.24
2026-08-25 02:00:00+00:00,31.01,70,24.89,37.63,1004.0,980.0,0,1.93,168,2.31,0.0,145.81,81.97,944.07,20.74,2.44,4.43
2026-08-25 03:00:00+00:00,33.72,55,23.42,39.5,1004.0,980.0,0,1.21,243,2.28,0.0,149.22,82.58,976.32,14.51,2.42,10.33
2026-08-25 04:00:00+00:00,34.44,51,22.83,39.74,1004.0,980.0,0,1.21,243,2.28,0.0,145.73,68.36,573.83,9.75,3.68,56.87
2026-08-25 05:00:00+00:00,35.01,55,24.61,42.01,1004.0,980.0,0,1.21,243,2.28,0.0,153.01,72.44,467.85,5.84,3.86,87.91
2026-08-25 06:00:00+00:00,35.67,47,22.61,41.06,1003.0,977.0,0,1.33,300,2.42,0.0,170.41,88.03,441.27,3.73,3.76,114.82
2026-08-25 07:00:00+00:00,36.98,47,23.8,43.98,1004.0,977.0,0,1.33,300,2.42,0.0,140.39,64.23,266.9,1.4,3.61,112.49
2026-08-25 08:00:00+00:00,36.01,52,24.6,43.01,1002.0,977.0,0,1.33,300,2.42,0.0,115.37,49.42,203.5,0.91,2.65,105.97
2026-08-25 09:00:00+00:00,35.28,47,22.26,40.17,1002.0,976.0,0,1.28,9,2.32,0.0,104.64,44.28,188.75,0.88,2.2,104.46
2026-08-25 10:00:00+00:00,35.29,48,22.61,40.57,1002.0,976.0,0,1.28,9,2.32,0.0,100.62,42.79,191.08,1.24,2.12,103.28
2026-08-25 11:00:00+00:00,31.01,70,24.89,37.63,1000.0,976.0,0,1.28,9,2.32,0.0,100.91,43.62,206.66,2.09,2.24,100.16
2026-08-25 12:00:00+00:00,34.05,56,24.03,40.69,1000.0,977.0,0,3.9,82,6.96,0.0,101.84,44.47,227.78,3.43,2.44,95.97
2026-08-25 13:00:00+00:00,34.85,58,25.36,41.85,1001.0,977.0,0,4.0,102,6.8,0.0,103.61,46.99,307.81,8.46,2.72,76.99
2026-08-25 14:00:00+00:00,34.01,62,25.69,41.01,1001.0,977.0,0,4.0,102,6.8,0.0,100.77,51.09,464.88,15.67,3.15,57.05
2026-08-25 15:00:00+00:00,31.95,66,24.8,38.87,1003.0,978.0,0,4.07,128,7.66,0.0,105.13,55.03,567.12,19.38,3.42,42.89
2026-08-25 16:00:00+00:00,31.28,67,24.42,37.43,1003.0,978.0,0,4.07,128,7.66,0.0,107.91,57.91,635.62,21.49,3.47,33.5
2026-08-25 17:00:00+00:00,31.01,74,25.83,38.01,1003.0,978.0,0,4.07,128,7.66,0.0,109.63,60.02,678.14,22.0,3.3,26.73
2026-08-25 18:00:00+00:00,30.35,73,24.96,36.71,1002.0,978.0,0,3.44,135,6.52,0.0,109.47,60.75,698.94,22.12,2.98,21.44
2026-08-25 19:00:00+00:00,30.19,75,25.26,36.82,1003.0,978.0,0,3.44,135,6.52,0.0,106.53,59.46,696.37,21.9,2.5,17.22
2026-08-25 20:00:00+00:00,30.01,79,25.97,37.01,1003.0,978.0,0,3.44,135,6.52,0.0,105.38,58.91,705.41,22.04,2.17,13.73
2026-08-25 21:00:00+00:00,29.1,78,24.87,34.58,1003.0,979.0,0,2.83,131,5.36,0.0,105.59,59.04,717.5,22.1,2.03,11.09
2026-08-25 22:00:00+00:00,29.08,79,25.06,34.74,1003.0,979.0,0,2.83,131,5.36,0.0,106.23,59.14,723.91,21.81,2.01,9.32
2026-08-25 23:00:00+00:00,29.01,84,26.03,35.67,1003.0,979.0,0,2.83,131,5.36,0.0,107.46,59.29,727.66,21.28,2.03,8.37
2026-08-26 00:00:00+00:00,29.95,76,25.25,36.42,1003.0,980.0,0,2.58,123,2.98,0.0,108.96,59.23,727.36,20.69,2.02,7.68
2026-08-26 01:00:00+00:00,29.91,77,25.44,36.58,1003.0,980.0,0,2.58,123,2.98,0.0,110.35,58.61,721.09,19.7,2.05,7.0
2026-08-26 02:00:00+00:00,30.01,84,27.01,37.01,1004.0,980.0,0,2.58,123,2.98,0.0,114.57,58.23,732.07,16.92,2.35,8.12
2026-08-26 03:00:00+00:00,32.17,65,24.75,39.11,1004.0,979.0,0,2.11,136,2.08,0.0,122.38,57.61,731.43,12.18,2.81,14.56
2026-08-26 04:00:00+00:00,32.85,63,24.87,39.85,1004.0,979.0,0,2.11,136,2.08,0.0,139.87,52.26,522.05,9.28,4.88,40.29
2026-08-26 05:00:00+00:00,35.01,55,24.61,42.01,1004.0,979.0,0,2.11,136,2.08,0.0,156.43,59.61,474.91,7.39,4.59,62.35
2026-08-26 06:00:00+00:00,35.97,43,21.42,40.17,1003.0,976.0,0,0.82,24,2.7,0.0,185.56,80.61,442.19,5.03,4.04,96.44
2026-08-26 07:00:00+00:00,36.65,43,22.03,41.67,1003.0,976.0,0,0.82,24,2.7,0.0,183.73,63.71,227.67,1.45,3.93,103.23
2026-08-26 08:00:00+00:00,38.01,44,23.63,45.01,1001.0,976.0,0,0.82,24,2.7,0.0,168.87,56.38,181.09,0.93,3.57,102.07
2026-08-26 09:00:00+00:00,37.37,39,21.08,41.6,1001.0,974.0,0,2.9,25,3.26,0.0,162.6,54.63,174.48,0.93,3.42,103.13
2026-08-26 10:00:00+00:00,37.38,40,21.5,42.04,1000.0,974.0,0,2.9,25,3.26,0.0,163.94,55.52,178.97,1.22,3.49,103.75
2026-08-26 11:00:00+00:00,38.01,44,23.63,45.01,999.0,974.0,0,2.9,25,3.26,0.0,169.26,58.02,192.4,1.9,3.68,102.1
2026-08-26 12:00:00+00:00,36.54,44,22.31,41.84,998.0,975.0,0,4.28,96,7.49,0.0,172.29,59.62,208.63,2.98,3.81,98.77
2026-08-26 13:00:00+00:00,36.55,45,22.69,42.28,1000.0,975.0,0,4.28,96,7.49,0.0,171.09,61.5,268.13,6.94,3.82,82.02
2026-08-26 14:00:00+00:00,33.81,53,22.89,39.0,1000.0,976.0,0,4.04,106,8.15,0.0,173.3,69.32,526.03,19.44,3.59,43.81
2026-08-26 16:00:00+00:00,33.13,54,22.57,37.78,1001.0,976.0,0,4.04,106,8.15,0.0,174.11,71.77,604.22,22.64,3.86,35.68
2026-08-26 17:00:00+00:00,33.01,58,23.64,38.84,1000.0,976.0,0,4.04,106,8.15,0.0,175.86,73.6,651.93,23.63,3.76,30.33
2026-08-26 18:00:00+00:00,32.02,59,23.0,36.82,1000.0,977.0,1,3.22,123,6.18,0.0,175.66,74.2,670.6,23.64,3.45,27.69
2026-08-26 19:00:00+00:00,31.42,61,22.99,36.03,1001.0,977.0,1,3.22,123,6.18,0.0,171.32,71.9,622.21,20.92,3.05,31.2
2026-08-26 20:00:00+00:00,32.01,62,23.81,37.72,1001.0,977.0,1,3.22,123,6.18,0.0,166.11,70.48,592.79,19.41,2.82,31.42
2026-08-26 21:00:00+00:00,30.52,67,23.69,35.54,1001.0,977.0,1,3.49,133,7.21,0.0,161.59,69.4,569.24,18.3,2.72,30.41
2026-08-26 22:00:00+00:00,30.5,68,23.92,35.75,1001.0,977.0,1,3.49,133,7.21,0.0,159.05,67.4,520.25,15.98,2.93,32.99
2026-08-26 23:00:00+00:00,30.01,74,24.87,36.07,1000.0,977.0,0,3.49,133,7.21,0.0,157.27,65.33,474.81,14.06,3.06,34.79
2026-08-27 00:00:00+00:00,30.77,66,23.68,35.88,1001.0,978.0,1,3.21,119,3.83,0.0,155.51,62.55,430.16,12.36,3.01,35.93
2026-08-27 01:00:00+00:00,30.56,66,23.48,35.38,1002.0,978.0,1,3.21,119,3.83,0.0,154.23,58.8,382.87,10.76,2.83,36.77
2026-08-27 02:00:00+00:00,31.01,66,23.91,36.46,1002.0,978.0,0,3.21,119,3.83,0.0,154.83,55.35,352.25,9.6,2.57,36.69
2026-08-27 03:00:00+00:00,33.46,51,21.94,37.55,1002.0,978.0,2,1.01,157,1.8,0.0,159.26,52.0,321.52,7.53,2.37,40.41
2026-08-27 04:00:00+00:00,34.79,50,22.83,40.18,1002.0,978.0,2,1.01,157,1.8,0.0,168.27,49.22,267.73,5.08,2.31,52.68
2026-08-27 05:00:00+00:00,36.01,49,23.61,42.72,1002.0,978.0,7,1.01,157,1.8,0.0,174.99,51.64,243.0,3.61,2.36,70.13
2026-08-27 06:00:00+00:00,37.41,41,21.93,42.53,1002.0,975.0,14,1.35,42,3.33,0.0,184.19,58.19,224.96,2.34,2.44,90.86
2026-08-27 07:00:00+00:00,38.07,40,22.11,43.58,1001.0,975.0,14,1.35,42,3.33,0.0,188.26,54.42,166.4,1.11,2.82,98.48
2026-08-27 08:00:00+00:00,38.01,44,23.63,45.01,1000.0,975.0,18,1.49,54,3.25,0.0,184.12,51.51,146.94,0.83,2.57,97.59
2026-08-27 09:00:00+00:00,37.88,39,21.53,42.71,999.0,973.0,15,4.08,37,4.01,0.0,180.53,50.64,144.12,0.84,2.31,97.73
2026-08-27 10:00:00+00:00,38.57,39,22.14,44.26,999.0,973.0,15,4.08,37,4.01,0.0,178.98,50.85,148.54,1.07,2.18,98.53
2026-08-27 11:00:00+00:00,39.01,42,23.75,46.01,998.0,973.0,9,4.08,37,4.01,0.0,175.93,51.05,159.26,1.63,2.17,97.06
2026-08-27 12:00:00+00:00,37.4,43,22.7,43.4,998.0,975.0,32,5.19,91,8.99,0.0,172.93,50.84,172.0,2.55,2.22,93.3
2026-08-27 13:00:00+00:00,36.57,48,23.77,43.57,999.0,975.0,32,5.19,91,8.99,0.0,167.06,51.57,231.57,6.45,2.29,75.52
2026-08-27 14:00:00+00:00,36.01,49,23.61,42.72,999.0,975.0,79,5.19,91,8.99,0.0,165.49,53.37,314.08,10.68,2.37,58.4
2026-08-27 15:00:00+00:00,34.38,53,23.42,40.35,999.0,976.0,82,3.89,140,7.9,0.0,162.12,55.05,386.41,13.63,2.58,46.67
2026-08-27 16:00:00+00:00,34.01,55,23.69,40.21,1000.0,976.0,87,3.89,140,7.9,0.0,156.11,55.88,450.34,16.08,3.07,37.26
